-- --------------------------------------------------------
-- Host:                         127.0.0.1
-- Server version:               8.4.3 - MySQL Community Server - GPL
-- Server OS:                    Win64
-- HeidiSQL Version:             12.8.0.6908
-- --------------------------------------------------------

/*!40101 SET @OLD_CHARACTER_SET_CLIENT=@@CHARACTER_SET_CLIENT */;
/*!40101 SET NAMES utf8 */;
/*!50503 SET NAMES utf8mb4 */;
/*!40103 SET @OLD_TIME_ZONE=@@TIME_ZONE */;
/*!40103 SET TIME_ZONE='+00:00' */;
/*!40014 SET @OLD_FOREIGN_KEY_CHECKS=@@FOREIGN_KEY_CHECKS, FOREIGN_KEY_CHECKS=0 */;
/*!40101 SET @OLD_SQL_MODE=@@SQL_MODE, SQL_MODE='NO_AUTO_VALUE_ON_ZERO' */;
/*!40111 SET @OLD_SQL_NOTES=@@SQL_NOTES, SQL_NOTES=0 */;


-- Dumping database structure for grading_system
CREATE DATABASE IF NOT EXISTS `unciano-grading-system` /*!40100 DEFAULT CHARACTER SET utf8mb4 COLLATE utf8mb4_0900_ai_ci */ /*!80016 DEFAULT ENCRYPTION='N' */;
USE `unciano-grading-system`;

-- Dumping structure for table grading_system.level
CREATE TABLE IF NOT EXISTS `level` (
  `id` int NOT NULL AUTO_INCREMENT,
  `created_at` timestamp NULL DEFAULT NULL,
  `updated_at` timestamp NULL DEFAULT NULL,
  `code` text,
  `description` text,
  `academic_track_id` int DEFAULT NULL,
  `order` int NOT NULL,
  PRIMARY KEY (`id`),
  KEY `FK__tbl_academic_track` (`academic_track_id`),
  CONSTRAINT `FK__tbl_academic_track` FOREIGN KEY (`academic_track_id`) REFERENCES `tbl_academic_track` (`id`)
) ENGINE=InnoDB AUTO_INCREMENT=34 DEFAULT CHARSET=utf8mb4 COLLATE=utf8mb4_0900_ai_ci;

-- Dumping data for table grading_system.level: ~33 rows (approximately)
REPLACE INTO `level` (`id`, `created_at`, `updated_at`, `code`, `description`, `academic_track_id`, `order`) VALUES
	(1, '2026-03-09 10:03:55', '2026-03-09 10:03:55', 'NURSERY', 'Nursery', 1, 1),
	(2, '2026-03-09 10:03:55', '2026-03-09 10:03:55', 'KINDER1', 'Kinder 1', 2, 2),
	(3, '2026-03-09 10:03:55', '2026-03-09 10:03:55', 'KINDER2', 'Kinder 2', 3, 3),
	(4, '2026-03-09 10:03:55', '2026-03-09 10:03:55', 'GRADE1', 'Grade 1', 4, 1),
	(5, '2026-03-09 10:03:55', '2026-03-09 10:03:55', 'GRADE2', 'Grade 2', 5, 2),
	(6, '2026-03-09 10:03:55', '2026-03-09 10:03:55', 'GRADE3', 'Grade 3', 6, 3),
	(7, '2026-03-09 10:03:55', '2026-03-09 10:03:55', 'GRADE4', 'Grade 4', 7, 4),
	(8, '2026-03-09 10:03:55', '2026-03-09 10:03:55', 'GRADE5', 'Grade 5', 8, 5),
	(9, '2026-03-09 10:03:55', '2026-03-09 10:03:55', 'GRADE6', 'Grade 6', 9, 6),
	(10, '2026-03-09 10:03:55', '2026-03-09 10:03:55', 'GRADE7', 'Grade 7', 10, 1),
	(11, '2026-03-09 10:03:55', '2026-03-09 10:03:55', 'GRADE8', 'Grade 8', 11, 2),
	(12, '2026-03-09 10:03:55', '2026-03-09 10:03:55', 'GRADE9', 'Grade 9', 12, 3),
	(13, '2026-03-09 10:03:55', '2026-03-09 10:03:55', 'GRADE10', 'Grade 10', 13, 4),
	(14, '2026-03-09 10:03:56', '2026-03-09 10:03:56', 'STEM11', 'STEM - Grade 11', 14, 1),
	(15, '2026-03-09 10:03:56', '2026-03-09 10:03:56', 'STEM12', 'STEM - Grade 12', 15, 2),
	(16, '2026-03-09 10:03:56', '2026-03-09 10:03:56', 'ABM11', 'ABM - Grade 11', 16, 1),
	(17, '2026-03-09 10:03:56', '2026-03-09 10:03:56', 'ABM12', 'ABM - Grade 12', 17, 2),
	(18, '2026-03-09 10:03:56', '2026-03-09 10:03:56', 'HUMSS11', 'HUMSS - Grade 11', 18, 1),
	(19, '2026-03-09 10:03:56', '2026-03-09 10:03:56', 'HUMSS12', 'HUMSS - Grade 12', 19, 2),
	(20, '2026-03-09 10:03:56', '2026-03-09 10:03:56', 'GAS11', 'GAS - Grade 11', 20, 1),
	(21, '2026-03-09 10:03:56', '2026-03-09 10:03:56', 'GAS12', 'GAS - Grade 12', 21, 2),
	(22, '2026-03-09 10:03:56', '2026-03-09 10:03:56', 'BSCS-1', '1st Year', 22, 1),
	(23, '2026-03-09 10:03:56', '2026-03-09 10:03:56', 'BSCS-2', '2nd Year', 22, 2),
	(24, '2026-03-09 10:03:56', '2026-03-09 10:03:56', 'BSCS-3', '3rd Year', 22, 3),
	(25, '2026-03-09 10:03:56', '2026-03-09 10:03:56', 'BSCS-4', '4th Year', 22, 4),
	(26, '2026-03-09 10:03:56', '2026-03-09 10:03:56', 'BSIT-1', '1st Year', 23, 1),
	(27, '2026-03-09 10:03:56', '2026-03-09 10:03:56', 'BSIT-2', '2nd Year', 23, 2),
	(28, '2026-03-09 10:03:56', '2026-03-09 10:03:56', 'BSIT-3', '3rd Year', 23, 3),
	(29, '2026-03-09 10:03:56', '2026-03-09 10:03:56', 'BSIT-4', '4th Year', 23, 4),
	(30, '2026-03-09 10:03:56', '2026-03-09 10:03:56', 'BSN-1', '1st Year', 26, 1),
	(31, '2026-03-09 10:03:56', '2026-03-09 10:03:56', 'BSN-2', '2nd Year', 26, 2),
	(32, '2026-03-09 10:03:56', '2026-03-09 10:03:56', 'BSN-3', '3rd Year', 26, 3),
	(33, '2026-03-09 10:03:56', '2026-03-09 10:03:56', 'BSN-4', '4th Year', 26, 4);

-- Dumping structure for table grading_system.tbl_academic_track
CREATE TABLE IF NOT EXISTS `tbl_academic_track` (
  `id` int NOT NULL AUTO_INCREMENT,
  `code` varchar(20) CHARACTER SET utf8mb4 COLLATE utf8mb4_0900_ai_ci NOT NULL,
  `desc` varchar(100) CHARACTER SET utf8mb4 COLLATE utf8mb4_0900_ai_ci DEFAULT NULL,
  `status` varchar(20) DEFAULT 'active',
  `dept_id` int DEFAULT NULL,
  `enrollment_type` enum('yearly','semestral') DEFAULT 'yearly',
  PRIMARY KEY (`id`),
  KEY `dept_id` (`dept_id`),
  CONSTRAINT `tbl_academic_track_ibfk_1` FOREIGN KEY (`dept_id`) REFERENCES `tbl_departments` (`id`)
) ENGINE=InnoDB AUTO_INCREMENT=34 DEFAULT CHARSET=utf8mb4 COLLATE=utf8mb4_0900_ai_ci;

-- Dumping data for table grading_system.tbl_academic_track: ~24 rows (approximately)
REPLACE INTO `tbl_academic_track` (`id`, `code`, `desc`, `status`, `dept_id`, `enrollment_type`) VALUES
	(1, 'NURSERY', 'Nursery', 'active', 7, 'yearly'),
	(2, 'KINDER1', 'Kinder 1', 'active', 7, 'yearly'),
	(3, 'KINDER2', 'Kinder 2', 'active', 7, 'yearly'),
	(4, 'GRADE1', 'Grade 1', 'active', 8, 'yearly'),
	(5, 'GRADE2', 'Grade 2', 'active', 8, 'yearly'),
	(6, 'GRADE3', 'Grade 3', 'active', 8, 'yearly'),
	(7, 'GRADE4', 'Grade 4', 'active', 8, 'yearly'),
	(8, 'GRADE5', 'Grade 5', 'active', 8, 'yearly'),
	(9, 'GRADE6', 'Grade 6', 'active', 8, 'yearly'),
	(10, 'GRADE7', 'Grade 7', 'active', 9, 'yearly'),
	(11, 'GRADE8', 'Grade 8', 'active', 9, 'yearly'),
	(12, 'GRADE9', 'Grade 9', 'active', 9, 'yearly'),
	(13, 'GRADE10', 'Grade 10', 'active', 9, 'yearly'),
	(14, 'STEM11', 'STEM - Grade 11', 'active', 10, 'semestral'),
	(15, 'STEM12', 'STEM - Grade 12', 'active', 10, 'semestral'),
	(16, 'ABM11', 'ABM - Grade 11', 'active', 10, 'semestral'),
	(17, 'ABM12', 'ABM - Grade 12', 'active', 10, 'semestral'),
	(18, 'HUMSS11', 'HUMSS - Grade 11', 'active', 10, 'semestral'),
	(19, 'HUMSS12', 'HUMSS - Grade 12', 'active', 10, 'semestral'),
	(20, 'GAS11', 'GAS - Grade 11', 'active', 10, 'semestral'),
	(21, 'GAS12', 'GAS - Grade 12', 'active', 10, 'semestral'),
	(22, 'BSCS', 'Bachelor of Science in Computer Science', 'active', 11, 'semestral'),
	(23, 'BSIT', 'Bachelor of Science in Information Technology', 'active', 11, 'semestral'),
	(26, 'BSN', 'Bachelor of Science in Nursing', 'active', 12, 'semestral');

-- Dumping structure for table grading_system.tbl_admin
CREATE TABLE IF NOT EXISTS `tbl_admin` (
  `id` int NOT NULL AUTO_INCREMENT,
  `user_id` int DEFAULT NULL,
  `full_name` varchar(100) DEFAULT NULL,
  `dept_id` int DEFAULT NULL,
  PRIMARY KEY (`id`),
  KEY `user_id` (`user_id`),
  KEY `tbl_admin_dept_fk` (`dept_id`),
  CONSTRAINT `tbl_admin_dept_fk` FOREIGN KEY (`dept_id`) REFERENCES `tbl_departments` (`id`),
  CONSTRAINT `tbl_admin_ibfk_1` FOREIGN KEY (`user_id`) REFERENCES `tbl_users` (`id`)
) ENGINE=InnoDB AUTO_INCREMENT=23 DEFAULT CHARSET=utf8mb4 COLLATE=utf8mb4_0900_ai_ci;

-- Dumping data for table grading_system.tbl_admin: ~5 rows (approximately)
REPLACE INTO `tbl_admin` (`id`, `user_id`, `full_name`, `dept_id`) VALUES
	(3, 7, 'Admin One', NULL),
	(4, 8, 'Admin Two', NULL),
	(17, 26, 'Ryza Inciong', NULL),
	(20, 30, 'Alexia De Leon', NULL),
	(21, 34, 'Kristoffer Alain Sarmiento', NULL),
	(22, 36, 'Jasmin Dela Torre', NULL);

-- Dumping structure for table grading_system.tbl_admin_departments
CREATE TABLE IF NOT EXISTS `tbl_admin_departments` (
  `id` int NOT NULL AUTO_INCREMENT,
  `admin_id` int NOT NULL,
  `dept_id` int NOT NULL,
  PRIMARY KEY (`id`),
  UNIQUE KEY `unique_admin_dept` (`admin_id`,`dept_id`),
  KEY `dept_id` (`dept_id`),
  CONSTRAINT `tbl_admin_departments_ibfk_1` FOREIGN KEY (`admin_id`) REFERENCES `tbl_admin` (`id`) ON DELETE CASCADE,
  CONSTRAINT `tbl_admin_departments_ibfk_2` FOREIGN KEY (`dept_id`) REFERENCES `tbl_departments` (`id`) ON DELETE CASCADE
) ENGINE=InnoDB AUTO_INCREMENT=12 DEFAULT CHARSET=utf8mb4 COLLATE=utf8mb4_0900_ai_ci;

-- Dumping data for table grading_system.tbl_admin_departments: ~3 rows (approximately)
REPLACE INTO `tbl_admin_departments` (`id`, `admin_id`, `dept_id`) VALUES
	(7, 17, 7),
	(5, 17, 8),
	(6, 17, 9),
	(10, 20, 10),
	(11, 21, 11);

-- Dumping structure for table grading_system.tbl_curriculum
CREATE TABLE IF NOT EXISTS `tbl_curriculum` (
  `id` int NOT NULL AUTO_INCREMENT,
  `curriculum` varchar(50) NOT NULL,
  `status` varchar(20) DEFAULT 'active',
  `academic_track_id` int DEFAULT NULL,
  PRIMARY KEY (`id`),
  KEY `academic_track_id` (`academic_track_id`),
  CONSTRAINT `tbl_curriculum_ibfk_1` FOREIGN KEY (`academic_track_id`) REFERENCES `tbl_academic_track` (`id`)
) ENGINE=InnoDB AUTO_INCREMENT=35 DEFAULT CHARSET=utf8mb4 COLLATE=utf8mb4_0900_ai_ci;

-- Dumping data for table grading_system.tbl_curriculum: ~26 rows (approximately)
REPLACE INTO `tbl_curriculum` (`id`, `curriculum`, `status`, `academic_track_id`) VALUES
	(1, 'K-12 Nursery Curriculum', 'active', 1),
	(2, 'K-12 Kinder 1 Curriculum', 'active', 2),
	(3, 'K-12 Kinder 2 Curriculum', 'active', 3),
	(4, 'K-12 Grade 1 Curriculum', 'active', 4),
	(5, 'K-12 Grade 2 Curriculum', 'active', 5),
	(6, 'K-12 Grade 3 Curriculum', 'active', 6),
	(7, 'K-12 Grade 4 Curriculum', 'active', 7),
	(8, 'K-12 Grade 5 Curriculum', 'active', 8),
	(9, 'K-12 Grade 6 Curriculum', 'active', 9),
	(10, 'K-12 Grade 7 Curriculum', 'active', 10),
	(11, 'K-12 Grade 8 Curriculum', 'active', 11),
	(12, 'K-12 Grade 9 Curriculum', 'active', 12),
	(13, 'K-12 Grade 10 Curriculum', 'active', 13),
	(14, 'K-12 STEM 11 Curriculum', 'active', 14),
	(15, 'K-12 STEM 12 Curriculum', 'active', 15),
	(16, 'K-12 ABM 11 Curriculum', 'active', 16),
	(17, 'K-12 ABM 12 Curriculum', 'active', 17),
	(18, 'K-12 HUMSS 11 Curriculum', 'active', 18),
	(19, 'K-12 HUMSS 12 Curriculum', 'active', 19),
	(20, 'K-12 GAS 11 Curriculum', 'active', 20),
	(21, 'K-12 GAS 12 Curriculum', 'active', 21),
	(22, 'BSCS Curriculum 2024', 'active', 22),
	(23, 'BSIT Curriculum 2024', 'active', 23),
	(26, 'BSN Curriculum 2024', 'active', 26);

-- Dumping structure for table grading_system.tbl_departments
CREATE TABLE IF NOT EXISTS `tbl_departments` (
  `id` int NOT NULL AUTO_INCREMENT,
  `code` varchar(20) NOT NULL,
  `description` varchar(100) DEFAULT NULL,
  `education_level` enum('k12','college') NOT NULL DEFAULT 'k12',
  `status` varchar(20) DEFAULT 'active',
  `created_at` datetime DEFAULT CURRENT_TIMESTAMP,
  `updated_at` datetime DEFAULT CURRENT_TIMESTAMP ON UPDATE CURRENT_TIMESTAMP,
  PRIMARY KEY (`id`)
) ENGINE=InnoDB AUTO_INCREMENT=15 DEFAULT CHARSET=utf8mb4 COLLATE=utf8mb4_0900_ai_ci;

-- Dumping data for table grading_system.tbl_departments: ~6 rows (approximately)
REPLACE INTO `tbl_departments` (`id`, `code`, `description`, `education_level`, `status`, `created_at`, `updated_at`) VALUES
	(7, 'PRE-ELEM', 'Pre-Elementary', 'k12', 'active', '2026-01-28 18:27:31', '2026-02-18 12:53:44'),
	(8, 'ELEM', 'Elementary', 'k12', 'active', '2026-01-28 18:27:31', '2026-02-18 12:53:38'),
	(9, 'JHS', 'Junior High School', 'k12', 'active', '2026-01-28 18:27:31', '2026-01-28 18:27:31'),
	(10, 'SHS', 'Senior High School', 'k12', 'active', '2026-01-28 18:27:31', '2026-01-28 18:27:31'),
	(11, 'CCTE', 'College of Computing and Technical Education', 'college', 'active', '2026-01-28 18:27:31', '2026-03-05 10:24:56'),
	(12, 'CON', 'College of Nursing', 'college', 'active', '2026-01-28 18:27:31', '2026-03-05 10:24:56');

-- Dumping structure for table grading_system.tbl_enroll
CREATE TABLE IF NOT EXISTS `tbl_enroll` (
  `id` int NOT NULL AUTO_INCREMENT,
  `student_id` int DEFAULT NULL,
  `subject_id` int DEFAULT NULL,
  `section_id` int DEFAULT NULL COMMENT 'Section where student is enrolled for this subject',
  `teacher_id` int DEFAULT NULL COMMENT 'Teacher assigned for this enrollment',
  `sy_id` int DEFAULT NULL,
  `term_id` int DEFAULT NULL COMMENT 'Term when enrolled',
  `q1_grade` decimal(5,2) DEFAULT NULL COMMENT 'Quarter 1 final grade',
  `q2_grade` decimal(5,2) DEFAULT NULL COMMENT 'Quarter 2 final grade',
  `q3_grade` decimal(5,2) DEFAULT NULL COMMENT 'Quarter 3 final grade',
  `q4_grade` decimal(5,2) DEFAULT NULL COMMENT 'Quarter 4 final grade',
  `average_grade` decimal(5,2) DEFAULT NULL COMMENT 'Average of all quarters',
  `final_grade` decimal(5,2) DEFAULT NULL COMMENT 'Final computed grade',
  `status` enum('enrolled','dropped','completed','incomplete') DEFAULT 'enrolled',
  `enrolled_at` datetime DEFAULT CURRENT_TIMESTAMP,
  `updated_at` datetime DEFAULT CURRENT_TIMESTAMP ON UPDATE CURRENT_TIMESTAMP,
  PRIMARY KEY (`id`),
  UNIQUE KEY `unique_enrollment` (`student_id`,`subject_id`,`sy_id`,`term_id`),
  KEY `student_id` (`student_id`),
  KEY `subject_id` (`subject_id`),
  KEY `section_id` (`section_id`),
  KEY `teacher_id` (`teacher_id`),
  KEY `sy_id` (`sy_id`),
  KEY `term_id` (`term_id`),
  KEY `idx_status` (`status`),
  CONSTRAINT `tbl_enroll_ibfk_1` FOREIGN KEY (`student_id`) REFERENCES `tbl_student` (`id`),
  CONSTRAINT `tbl_enroll_ibfk_2` FOREIGN KEY (`subject_id`) REFERENCES `tbl_subjects` (`id`),
  CONSTRAINT `tbl_enroll_ibfk_3` FOREIGN KEY (`sy_id`) REFERENCES `tbl_sy` (`id`),
  CONSTRAINT `tbl_enroll_ibfk_4` FOREIGN KEY (`section_id`) REFERENCES `tbl_section` (`id`),
  CONSTRAINT `tbl_enroll_ibfk_5` FOREIGN KEY (`teacher_id`) REFERENCES `tbl_teacher` (`id`),
  CONSTRAINT `tbl_enroll_ibfk_6` FOREIGN KEY (`term_id`) REFERENCES `tbl_term` (`id`)
) ENGINE=InnoDB AUTO_INCREMENT=863 DEFAULT CHARSET=utf8mb4 COLLATE=utf8mb4_0900_ai_ci;

-- Dumping data for table grading_system.tbl_enroll: ~324 rows (approximately)
REPLACE INTO `tbl_enroll` (`id`, `student_id`, `subject_id`, `section_id`, `teacher_id`, `sy_id`, `term_id`, `q1_grade`, `q2_grade`, `q3_grade`, `q4_grade`, `average_grade`, `final_grade`, `status`, `enrolled_at`, `updated_at`) VALUES
	(281, 14, 29, 3, 3, 2, NULL, 77.00, 80.00, 91.00, 77.00, 81.25, 81.25, 'enrolled', '2026-03-07 15:25:13', '2026-03-07 16:23:01'),
	(282, 16, 29, 3, 3, 2, NULL, 79.00, 85.00, 74.00, 88.00, 81.50, 81.50, 'enrolled', '2026-03-07 15:25:13', '2026-03-07 16:23:01'),
	(283, 18, 29, 3, 3, 2, NULL, 76.00, 77.00, 86.00, 83.00, 80.50, 80.50, 'enrolled', '2026-03-07 15:25:13', '2026-03-07 16:23:02'),
	(284, 19, 29, 3, 3, 2, NULL, 90.00, 86.00, 89.00, 80.00, 86.25, 86.25, 'enrolled', '2026-03-07 15:25:13', '2026-03-07 16:23:01'),
	(285, 20, 29, 3, 3, 2, NULL, 78.00, 80.00, 74.00, 74.00, 76.50, 76.50, 'enrolled', '2026-03-07 15:25:13', '2026-03-07 16:23:02'),
	(286, 14, 32, 3, 3, 2, NULL, 97.00, 71.00, 87.00, 68.00, 80.75, 80.75, 'enrolled', '2026-03-07 15:25:13', '2026-03-07 16:23:01'),
	(287, 16, 32, 3, 3, 2, NULL, 79.00, 90.00, 75.00, 92.00, 84.00, 84.00, 'enrolled', '2026-03-07 15:25:13', '2026-03-07 16:23:01'),
	(288, 18, 32, 3, 3, 2, NULL, 75.00, 70.00, 85.00, 84.00, 78.50, 78.50, 'enrolled', '2026-03-07 15:25:13', '2026-03-07 16:23:02'),
	(289, 19, 32, 3, 3, 2, NULL, 85.00, 72.00, 76.00, 85.00, 79.50, 79.50, 'enrolled', '2026-03-07 15:25:13', '2026-03-07 16:23:02'),
	(290, 20, 32, 3, 3, 2, NULL, 91.00, 67.00, 82.00, 73.00, 78.25, 78.25, 'enrolled', '2026-03-07 15:25:13', '2026-03-07 16:23:02'),
	(291, 14, 28, 3, 5, 2, NULL, 88.00, 90.00, 80.00, 85.00, 85.75, 85.75, 'enrolled', '2026-03-07 15:25:13', '2026-03-07 16:23:01'),
	(292, 16, 28, 3, 5, 2, NULL, 79.00, 90.00, 89.00, 78.00, 84.00, 84.00, 'enrolled', '2026-03-07 15:25:13', '2026-03-07 16:23:01'),
	(293, 18, 28, 3, 5, 2, NULL, 90.00, 83.00, 79.00, 74.00, 81.50, 81.50, 'enrolled', '2026-03-07 15:25:13', '2026-03-07 16:23:02'),
	(294, 19, 28, 3, 5, 2, NULL, 79.00, 76.00, 79.00, 84.00, 79.50, 79.50, 'enrolled', '2026-03-07 15:25:13', '2026-03-07 16:23:01'),
	(295, 20, 28, 3, 5, 2, NULL, 80.00, 85.00, 84.00, 79.00, 82.00, 82.00, 'enrolled', '2026-03-07 15:25:13', '2026-03-07 16:23:02'),
	(296, 14, 30, 3, 5, 2, NULL, 83.00, 82.00, 83.00, 87.00, 83.75, 83.75, 'enrolled', '2026-03-07 15:25:13', '2026-03-07 16:23:01'),
	(297, 16, 30, 3, 5, 2, NULL, 91.00, 74.00, 78.00, 78.00, 80.25, 80.25, 'enrolled', '2026-03-07 15:25:13', '2026-03-07 16:23:01'),
	(298, 18, 30, 3, 5, 2, NULL, 84.00, 81.00, 72.00, 78.00, 78.75, 78.75, 'enrolled', '2026-03-07 15:25:13', '2026-03-07 16:23:02'),
	(299, 19, 30, 3, 5, 2, NULL, 98.00, 78.00, 76.00, 89.00, 85.25, 85.25, 'enrolled', '2026-03-07 15:25:13', '2026-03-07 16:23:02'),
	(300, 20, 30, 3, 5, 2, NULL, 84.00, 90.00, 75.00, 84.00, 83.25, 83.25, 'enrolled', '2026-03-07 15:25:13', '2026-03-07 16:23:02'),
	(301, 14, 31, 3, 5, 2, NULL, 75.00, 82.00, 73.00, 87.00, 79.25, 79.25, 'enrolled', '2026-03-07 15:25:13', '2026-03-07 16:23:01'),
	(302, 16, 31, 3, 5, 2, NULL, 94.00, 81.00, 83.00, 75.00, 83.25, 83.25, 'enrolled', '2026-03-07 15:25:13', '2026-03-07 16:23:01'),
	(303, 18, 31, 3, 5, 2, NULL, 83.00, 77.00, 69.00, 84.00, 78.25, 78.25, 'enrolled', '2026-03-07 15:25:13', '2026-03-07 16:23:02'),
	(304, 19, 31, 3, 5, 2, NULL, 76.00, 85.00, 68.00, 97.00, 81.50, 81.50, 'enrolled', '2026-03-07 15:25:13', '2026-03-07 16:23:01'),
	(305, 20, 31, 3, 5, 2, NULL, 93.00, 80.00, 83.00, 81.00, 84.25, 84.25, 'enrolled', '2026-03-07 15:25:13', '2026-03-07 16:23:02'),
	(306, 14, 33, 3, 5, 2, NULL, 82.00, 77.00, 81.00, 87.00, 81.75, 81.75, 'enrolled', '2026-03-07 15:25:13', '2026-03-07 16:23:01'),
	(307, 16, 33, 3, 5, 2, NULL, 97.00, 90.00, 79.00, 82.00, 87.00, 87.00, 'enrolled', '2026-03-07 15:25:13', '2026-03-07 16:23:01'),
	(308, 18, 33, 3, 5, 2, NULL, 96.00, 80.00, 86.00, 70.00, 83.00, 83.00, 'enrolled', '2026-03-07 15:25:13', '2026-03-07 16:23:02'),
	(309, 19, 33, 3, 5, 2, NULL, 85.00, 79.00, 71.00, 69.00, 76.00, 76.00, 'enrolled', '2026-03-07 15:25:13', '2026-03-07 16:23:01'),
	(310, 20, 33, 3, 5, 2, NULL, 82.00, 88.00, 73.00, 79.00, 80.50, 80.50, 'enrolled', '2026-03-07 15:25:13', '2026-03-07 16:23:02'),
	(311, 14, 34, 3, 5, 2, NULL, 93.00, 79.00, 80.00, 90.00, 85.50, 85.50, 'enrolled', '2026-03-07 15:25:13', '2026-03-07 16:23:01'),
	(312, 16, 34, 3, 5, 2, NULL, 83.00, 87.00, 86.00, 74.00, 82.50, 82.50, 'enrolled', '2026-03-07 15:25:13', '2026-03-07 16:23:01'),
	(313, 18, 34, 3, 5, 2, NULL, 78.00, 92.00, 89.00, 72.00, 82.75, 82.75, 'enrolled', '2026-03-07 15:25:13', '2026-03-07 16:23:02'),
	(314, 19, 34, 3, 5, 2, NULL, 89.00, 72.00, 88.00, 89.00, 84.50, 84.50, 'enrolled', '2026-03-07 15:25:13', '2026-03-07 16:23:01'),
	(315, 20, 34, 3, 5, 2, NULL, 91.00, 83.00, 88.00, 81.00, 85.75, 85.75, 'enrolled', '2026-03-07 15:25:13', '2026-03-07 16:23:02'),
	(316, 14, 35, 3, 5, 2, NULL, 75.00, 91.00, 92.00, 87.00, 86.25, 86.25, 'enrolled', '2026-03-07 15:25:13', '2026-03-07 16:23:01'),
	(317, 16, 35, 3, 5, 2, NULL, 79.00, 69.00, 73.00, 83.00, 76.00, 76.00, 'enrolled', '2026-03-07 15:25:13', '2026-03-07 16:23:01'),
	(318, 18, 35, 3, 5, 2, NULL, 91.00, 67.00, 80.00, 67.00, 76.25, 76.25, 'enrolled', '2026-03-07 15:25:13', '2026-03-07 16:23:02'),
	(319, 19, 35, 3, 5, 2, NULL, 75.00, 88.00, 79.00, 74.00, 79.00, 79.00, 'enrolled', '2026-03-07 15:25:13', '2026-03-07 16:23:01'),
	(320, 20, 35, 3, 5, 2, NULL, 98.00, 73.00, 75.00, 88.00, 83.50, 83.50, 'enrolled', '2026-03-07 15:25:13', '2026-03-07 16:23:02'),
	(321, 14, 36, 3, 5, 2, NULL, 77.00, 87.00, 83.00, 80.00, 81.75, 81.75, 'enrolled', '2026-03-07 15:25:13', '2026-03-07 16:23:01'),
	(322, 16, 36, 3, 5, 2, NULL, 92.00, 89.00, 74.00, 81.00, 84.00, 84.00, 'enrolled', '2026-03-07 15:25:13', '2026-03-07 16:23:01'),
	(323, 18, 36, 3, 5, 2, NULL, 80.00, 85.00, 76.00, 72.00, 78.25, 78.25, 'enrolled', '2026-03-07 15:25:13', '2026-03-07 16:23:02'),
	(324, 19, 36, 3, 5, 2, NULL, 76.00, 77.00, 80.00, 87.00, 80.00, 80.00, 'enrolled', '2026-03-07 15:25:13', '2026-03-07 16:23:02'),
	(325, 20, 36, 3, 5, 2, NULL, 85.00, 78.00, 87.00, 75.00, 81.25, 81.25, 'enrolled', '2026-03-07 15:25:13', '2026-03-07 16:23:02'),
	(326, 14, 27, 3, 5, 2, NULL, 89.00, 80.00, 85.00, 92.00, 86.50, 86.50, 'enrolled', '2026-03-07 15:25:13', '2026-03-07 16:23:01'),
	(327, 16, 27, 3, 5, 2, NULL, 92.00, 78.00, 78.00, 68.00, 79.00, 79.00, 'enrolled', '2026-03-07 15:25:13', '2026-03-07 16:23:01'),
	(328, 18, 27, 3, 5, 2, NULL, 91.00, 70.00, 84.00, 68.00, 78.25, 78.25, 'enrolled', '2026-03-07 15:25:13', '2026-03-07 16:23:02'),
	(329, 19, 27, 3, 5, 2, NULL, 82.00, 96.00, 73.00, 80.00, 82.75, 82.75, 'enrolled', '2026-03-07 15:25:13', '2026-03-07 16:23:02'),
	(330, 20, 27, 3, 5, 2, NULL, 78.00, 75.00, 84.00, 83.00, 80.00, 80.00, 'enrolled', '2026-03-07 15:25:13', '2026-03-07 16:23:02'),
	(331, 21, 29, 13, 5, 2, NULL, 86.00, 84.00, 79.00, 70.00, 79.75, 79.75, 'enrolled', '2026-03-07 15:25:13', '2026-03-07 16:00:30'),
	(332, 22, 29, 13, 5, 2, NULL, 79.00, 88.00, 73.00, 78.00, 79.50, 79.50, 'enrolled', '2026-03-07 15:25:13', '2026-03-07 16:00:30'),
	(333, 23, 29, 13, 5, 2, NULL, 90.00, 77.00, 92.00, 75.00, 83.50, 83.50, 'enrolled', '2026-03-07 15:25:13', '2026-03-07 16:00:30'),
	(334, 24, 29, 13, 5, 2, NULL, 74.00, 78.00, 83.00, 73.00, 77.00, 77.00, 'enrolled', '2026-03-07 15:25:13', '2026-03-07 16:00:30'),
	(335, 21, 28, 13, 5, 2, NULL, 81.00, 86.00, 79.00, 86.00, 83.00, 83.00, 'enrolled', '2026-03-07 15:25:13', '2026-03-07 16:00:30'),
	(336, 22, 28, 13, 5, 2, NULL, 80.00, 87.00, 82.00, 81.00, 82.50, 82.50, 'enrolled', '2026-03-07 15:25:13', '2026-03-07 16:00:30'),
	(337, 23, 28, 13, 5, 2, NULL, 78.00, 76.00, 82.00, 89.00, 81.25, 81.25, 'enrolled', '2026-03-07 15:25:13', '2026-03-07 16:00:30'),
	(338, 24, 28, 13, 5, 2, NULL, 94.00, 71.00, 85.00, 93.00, 85.75, 85.75, 'enrolled', '2026-03-07 15:25:13', '2026-03-07 16:00:30'),
	(339, 21, 30, 13, 5, 2, NULL, 73.00, 90.00, 88.00, 78.00, 82.25, 82.25, 'enrolled', '2026-03-07 15:25:13', '2026-03-07 16:00:30'),
	(340, 22, 30, 13, 5, 2, NULL, 73.00, 81.00, 84.00, 80.00, 79.50, 79.50, 'enrolled', '2026-03-07 15:25:13', '2026-03-07 16:00:30'),
	(341, 23, 30, 13, 5, 2, NULL, 90.00, 73.00, 79.00, 84.00, 81.50, 81.50, 'enrolled', '2026-03-07 15:25:13', '2026-03-07 16:00:30'),
	(342, 24, 30, 13, 5, 2, NULL, 82.00, 81.00, 80.00, 84.00, 81.75, 81.75, 'enrolled', '2026-03-07 15:25:13', '2026-03-07 16:00:30'),
	(343, 21, 32, 13, 5, 2, NULL, 75.00, 91.00, 88.00, 82.00, 84.00, 84.00, 'enrolled', '2026-03-07 15:25:13', '2026-03-07 16:00:30'),
	(344, 22, 32, 13, 5, 2, NULL, 87.00, 70.00, 73.00, 76.00, 76.50, 76.50, 'enrolled', '2026-03-07 15:25:13', '2026-03-07 16:00:30'),
	(345, 23, 32, 13, 5, 2, NULL, 79.00, 80.00, 85.00, 78.00, 80.50, 80.50, 'enrolled', '2026-03-07 15:25:13', '2026-03-07 16:00:30'),
	(346, 24, 32, 13, 5, 2, NULL, 92.00, 70.00, 88.00, 82.00, 83.00, 83.00, 'enrolled', '2026-03-07 15:25:13', '2026-03-07 16:00:30'),
	(347, 21, 31, 13, 5, 2, NULL, 85.00, 84.00, 78.00, 72.00, 79.75, 79.75, 'enrolled', '2026-03-07 15:25:13', '2026-03-07 16:00:30'),
	(348, 22, 31, 13, 5, 2, NULL, 76.00, 75.00, 78.00, 80.00, 77.25, 77.25, 'enrolled', '2026-03-07 15:25:13', '2026-03-07 16:00:30'),
	(349, 23, 31, 13, 5, 2, NULL, 77.00, 66.00, 77.00, 95.00, 78.75, 78.75, 'enrolled', '2026-03-07 15:25:13', '2026-03-07 16:00:30'),
	(350, 24, 31, 13, 5, 2, NULL, 75.00, 78.00, 79.00, 83.00, 78.75, 78.75, 'enrolled', '2026-03-07 15:25:13', '2026-03-07 16:00:30'),
	(351, 21, 33, 13, 5, 2, NULL, 84.00, 84.00, 71.00, 88.00, 81.75, 81.75, 'enrolled', '2026-03-07 15:25:13', '2026-03-07 16:00:30'),
	(352, 22, 33, 13, 5, 2, NULL, 80.00, 88.00, 72.00, 70.00, 77.50, 77.50, 'enrolled', '2026-03-07 15:25:13', '2026-03-07 16:00:30'),
	(353, 23, 33, 13, 5, 2, NULL, 83.00, 74.00, 78.00, 82.00, 79.25, 79.25, 'enrolled', '2026-03-07 15:25:13', '2026-03-07 16:00:30'),
	(354, 24, 33, 13, 5, 2, NULL, 72.00, 77.00, 91.00, 89.00, 82.25, 82.25, 'enrolled', '2026-03-07 15:25:13', '2026-03-07 16:00:30'),
	(355, 21, 34, 13, 5, 2, NULL, 80.00, 89.00, 84.00, 80.00, 83.25, 83.25, 'enrolled', '2026-03-07 15:25:13', '2026-03-07 16:00:30'),
	(356, 22, 34, 13, 5, 2, NULL, 84.00, 77.00, 72.00, 86.00, 79.75, 79.75, 'enrolled', '2026-03-07 15:25:13', '2026-03-07 16:00:30'),
	(357, 23, 34, 13, 5, 2, NULL, 89.00, 88.00, 82.00, 88.00, 86.75, 86.75, 'enrolled', '2026-03-07 15:25:13', '2026-03-07 16:00:30'),
	(358, 24, 34, 13, 5, 2, NULL, 73.00, 95.00, 71.00, 80.00, 79.75, 79.75, 'enrolled', '2026-03-07 15:25:13', '2026-03-07 16:00:30'),
	(359, 21, 35, 13, 5, 2, NULL, 69.00, 86.00, 82.00, 74.00, 77.75, 77.75, 'enrolled', '2026-03-07 15:25:13', '2026-03-07 16:00:30'),
	(360, 22, 35, 13, 5, 2, NULL, 81.00, 69.00, 73.00, 86.00, 77.25, 77.25, 'enrolled', '2026-03-07 15:25:13', '2026-03-07 16:00:30'),
	(361, 23, 35, 13, 5, 2, NULL, 91.00, 85.00, 77.00, 73.00, 81.50, 81.50, 'enrolled', '2026-03-07 15:25:13', '2026-03-07 16:00:30'),
	(362, 24, 35, 13, 5, 2, NULL, 80.00, 82.00, 70.00, 73.00, 76.25, 76.25, 'enrolled', '2026-03-07 15:25:13', '2026-03-07 16:00:30'),
	(363, 21, 36, 13, 5, 2, NULL, 81.00, 81.00, 68.00, 74.00, 76.00, 76.00, 'enrolled', '2026-03-07 15:25:13', '2026-03-07 16:00:30'),
	(364, 22, 36, 13, 5, 2, NULL, 82.00, 80.00, 72.00, 73.00, 76.75, 76.75, 'enrolled', '2026-03-07 15:25:13', '2026-03-07 16:00:30'),
	(365, 23, 36, 13, 5, 2, NULL, 74.00, 74.00, 68.00, 84.00, 75.00, 75.00, 'enrolled', '2026-03-07 15:25:13', '2026-03-07 16:00:30'),
	(366, 24, 36, 13, 5, 2, NULL, 73.00, 83.00, 77.00, 67.00, 75.00, 75.00, 'enrolled', '2026-03-07 15:25:13', '2026-03-07 16:00:30'),
	(367, 21, 27, 13, 5, 2, NULL, 92.00, 84.00, 92.00, 62.00, 82.50, 82.50, 'enrolled', '2026-03-07 15:25:13', '2026-03-07 16:00:30'),
	(368, 22, 27, 13, 5, 2, NULL, 77.00, 71.00, 82.00, 72.00, 75.50, 75.50, 'enrolled', '2026-03-07 15:25:13', '2026-03-07 16:00:30'),
	(369, 23, 27, 13, 5, 2, NULL, 77.00, 87.00, 80.00, 78.00, 80.50, 80.50, 'enrolled', '2026-03-07 15:25:13', '2026-03-07 16:00:30'),
	(370, 24, 27, 13, 5, 2, NULL, 82.00, 77.00, 85.00, 82.00, 81.50, 81.50, 'enrolled', '2026-03-07 15:25:13', '2026-03-07 16:00:30'),
	(371, 25, 29, 14, 5, 2, NULL, 88.00, 90.00, 75.00, 90.00, 85.75, 85.75, 'enrolled', '2026-03-07 15:25:13', '2026-03-07 16:00:30'),
	(372, 26, 29, 14, 5, 2, NULL, 84.00, 83.00, 81.00, 85.00, 83.25, 83.25, 'enrolled', '2026-03-07 15:25:13', '2026-03-07 16:00:30'),
	(373, 27, 29, 14, 5, 2, NULL, 71.00, 81.00, 77.00, 84.00, 78.25, 78.25, 'enrolled', '2026-03-07 15:25:13', '2026-03-07 16:00:30'),
	(374, 25, 28, 14, 5, 2, NULL, 73.00, 78.00, 74.00, 87.00, 78.00, 78.00, 'enrolled', '2026-03-07 15:25:13', '2026-03-07 16:00:30'),
	(375, 26, 28, 14, 5, 2, NULL, 72.00, 70.00, 94.00, 80.00, 79.00, 79.00, 'enrolled', '2026-03-07 15:25:13', '2026-03-07 16:00:30'),
	(376, 27, 28, 14, 5, 2, NULL, 76.00, 72.00, 74.00, 86.00, 77.00, 77.00, 'enrolled', '2026-03-07 15:25:13', '2026-03-07 16:00:30'),
	(377, 25, 30, 14, 5, 2, NULL, 80.00, 78.00, 81.00, 80.00, 79.75, 79.75, 'enrolled', '2026-03-07 15:25:13', '2026-03-07 16:00:30'),
	(378, 26, 30, 14, 5, 2, NULL, 75.00, 80.00, 98.00, 80.00, 83.25, 83.25, 'enrolled', '2026-03-07 15:25:13', '2026-03-07 16:00:30'),
	(379, 27, 30, 14, 5, 2, NULL, 78.00, 71.00, 76.00, 81.00, 76.50, 76.50, 'enrolled', '2026-03-07 15:25:13', '2026-03-07 16:00:30'),
	(380, 25, 32, 14, 5, 2, NULL, 73.00, 81.00, 75.00, 76.00, 76.25, 76.25, 'enrolled', '2026-03-07 15:25:13', '2026-03-07 16:00:30'),
	(381, 26, 32, 14, 5, 2, NULL, 82.00, 74.00, 81.00, 71.00, 77.00, 77.00, 'enrolled', '2026-03-07 15:25:13', '2026-03-07 16:00:30'),
	(382, 27, 32, 14, 5, 2, NULL, 68.00, 92.00, 83.00, 72.00, 78.75, 78.75, 'enrolled', '2026-03-07 15:25:13', '2026-03-07 16:00:30'),
	(383, 25, 31, 14, 5, 2, NULL, 76.00, 97.00, 80.00, 70.00, 80.75, 80.75, 'enrolled', '2026-03-07 15:25:13', '2026-03-07 16:00:30'),
	(384, 26, 31, 14, 5, 2, NULL, 76.00, 72.00, 80.00, 71.00, 74.75, 74.75, 'enrolled', '2026-03-07 15:25:13', '2026-03-07 16:00:30'),
	(385, 27, 31, 14, 5, 2, NULL, 87.00, 75.00, 78.00, 75.00, 78.75, 78.75, 'enrolled', '2026-03-07 15:25:13', '2026-03-07 16:00:30'),
	(386, 25, 33, 14, 5, 2, NULL, 91.00, 89.00, 79.00, 85.00, 86.00, 86.00, 'enrolled', '2026-03-07 15:25:13', '2026-03-07 16:00:30'),
	(387, 26, 33, 14, 5, 2, NULL, 85.00, 72.00, 89.00, 94.00, 85.00, 85.00, 'enrolled', '2026-03-07 15:25:13', '2026-03-07 16:00:30'),
	(388, 27, 33, 14, 5, 2, NULL, 72.00, 85.00, 82.00, 70.00, 77.25, 77.25, 'enrolled', '2026-03-07 15:25:13', '2026-03-07 16:00:30'),
	(389, 25, 34, 14, 5, 2, NULL, 92.00, 65.00, 83.00, 89.00, 82.25, 82.25, 'enrolled', '2026-03-07 15:25:13', '2026-03-07 16:00:30'),
	(390, 26, 34, 14, 5, 2, NULL, 82.00, 83.00, 72.00, 70.00, 76.75, 76.75, 'enrolled', '2026-03-07 15:25:13', '2026-03-07 16:00:30'),
	(391, 27, 34, 14, 5, 2, NULL, 80.00, 81.00, 82.00, 86.00, 82.25, 82.25, 'enrolled', '2026-03-07 15:25:13', '2026-03-07 16:00:30'),
	(392, 25, 35, 14, 5, 2, NULL, 80.00, 85.00, 89.00, 88.00, 85.50, 85.50, 'enrolled', '2026-03-07 15:25:13', '2026-03-07 16:00:30'),
	(393, 26, 35, 14, 5, 2, NULL, 79.00, 81.00, 85.00, 80.00, 81.25, 81.25, 'enrolled', '2026-03-07 15:25:13', '2026-03-07 16:00:30'),
	(394, 27, 35, 14, 5, 2, NULL, 84.00, 90.00, 77.00, 93.00, 86.00, 86.00, 'enrolled', '2026-03-07 15:25:13', '2026-03-07 16:00:30'),
	(395, 25, 36, 14, 5, 2, NULL, 75.00, 76.00, 90.00, 68.00, 77.25, 77.25, 'enrolled', '2026-03-07 15:25:13', '2026-03-07 16:00:30'),
	(396, 26, 36, 14, 5, 2, NULL, 71.00, 67.00, 70.00, 83.00, 72.75, 72.75, 'enrolled', '2026-03-07 15:25:13', '2026-03-07 16:00:30'),
	(397, 27, 36, 14, 5, 2, NULL, 86.00, 84.00, 69.00, 80.00, 79.75, 79.75, 'enrolled', '2026-03-07 15:25:13', '2026-03-07 16:00:30'),
	(398, 25, 27, 14, 5, 2, NULL, 73.00, 80.00, 78.00, 67.00, 74.50, 74.50, 'enrolled', '2026-03-07 15:25:13', '2026-03-07 16:00:30'),
	(399, 26, 27, 14, 5, 2, NULL, 89.00, 76.00, 74.00, 82.00, 80.25, 80.25, 'enrolled', '2026-03-07 15:25:13', '2026-03-07 16:00:30'),
	(400, 27, 27, 14, 5, 2, NULL, 80.00, 70.00, 85.00, 79.00, 78.50, 78.50, 'enrolled', '2026-03-07 15:25:13', '2026-03-07 16:00:30'),
	(408, 15, 38, 6, 3, 2, 13, 80.00, 76.00, NULL, NULL, 78.00, 78.00, 'enrolled', '2026-03-07 15:25:13', '2026-03-07 16:23:02'),
	(409, 28, 38, 6, 3, 2, 13, 94.00, 76.00, NULL, NULL, 85.00, 85.00, 'enrolled', '2026-03-07 15:25:13', '2026-03-07 16:23:02'),
	(410, 29, 38, 6, 3, 2, 13, 85.00, 76.00, NULL, NULL, 80.50, 80.50, 'enrolled', '2026-03-07 15:25:13', '2026-03-07 16:23:02'),
	(411, 30, 38, 6, 3, 2, 13, 88.00, 75.00, NULL, NULL, 81.50, 81.50, 'enrolled', '2026-03-07 15:25:13', '2026-03-07 16:23:02'),
	(412, 31, 38, 6, 3, 2, 13, 91.00, 84.00, NULL, NULL, 87.50, 87.50, 'enrolled', '2026-03-07 15:25:13', '2026-03-07 16:23:02'),
	(413, 17, 72, 7, 3, 2, 13, 1.50, 2.00, 2.75, 1.50, 1.94, 1.94, 'enrolled', '2026-03-07 15:25:13', '2026-03-07 16:23:02'),
	(414, 38, 72, 7, 3, 2, 13, 3.00, 1.75, 2.00, 1.75, 2.13, 2.13, 'enrolled', '2026-03-07 15:25:13', '2026-03-07 16:23:02'),
	(415, 39, 72, 7, 3, 2, 13, 1.25, 2.25, 1.75, 1.00, 1.56, 1.56, 'enrolled', '2026-03-07 15:25:13', '2026-03-07 16:23:01'),
	(416, 40, 72, 7, 3, 2, 13, 1.50, 2.00, 2.75, 2.50, 2.19, 2.19, 'enrolled', '2026-03-07 15:25:13', '2026-03-07 16:23:01'),
	(417, 41, 72, 7, 3, 2, 13, NULL, 2.25, 2.00, 2.25, 2.17, 2.17, 'enrolled', '2026-03-07 15:25:13', '2026-03-07 16:00:30'),
	(418, 48, 72, 7, 3, 2, 13, 1.50, 2.25, 2.25, 3.00, 2.25, 2.25, 'enrolled', '2026-03-07 15:25:13', '2026-03-07 16:23:01'),
	(419, 15, 40, 6, 6, 2, 13, 80.00, 75.00, NULL, NULL, 77.50, 77.50, 'enrolled', '2026-03-07 15:25:13', '2026-03-07 16:23:02'),
	(420, 28, 40, 6, 6, 2, 13, 88.00, 72.00, NULL, NULL, 80.00, 80.00, 'enrolled', '2026-03-07 15:25:13', '2026-03-07 16:23:02'),
	(421, 29, 40, 6, 6, 2, 13, 86.00, 79.00, NULL, NULL, 82.50, 82.50, 'enrolled', '2026-03-07 15:25:13', '2026-03-07 16:23:02'),
	(422, 30, 40, 6, 6, 2, 13, 78.00, 75.00, NULL, NULL, 76.50, 76.50, 'enrolled', '2026-03-07 15:25:13', '2026-03-07 16:23:02'),
	(423, 31, 40, 6, 6, 2, 13, 96.00, 72.00, NULL, NULL, 84.00, 84.00, 'enrolled', '2026-03-07 15:25:13', '2026-03-07 16:23:02'),
	(424, 15, 41, 6, 6, 2, 13, 83.00, 82.00, NULL, NULL, 82.50, 82.50, 'enrolled', '2026-03-07 15:25:13', '2026-03-07 16:23:02'),
	(425, 28, 41, 6, 6, 2, 13, 95.00, 88.00, NULL, NULL, 91.50, 91.50, 'enrolled', '2026-03-07 15:25:13', '2026-03-07 16:23:02'),
	(426, 29, 41, 6, 6, 2, 13, 91.00, 75.00, NULL, NULL, 83.00, 83.00, 'enrolled', '2026-03-07 15:25:13', '2026-03-07 16:23:02'),
	(427, 30, 41, 6, 6, 2, 13, 90.00, 64.00, NULL, NULL, 77.00, 77.00, 'enrolled', '2026-03-07 15:25:13', '2026-03-07 16:23:02'),
	(428, 31, 41, 6, 6, 2, 13, 82.00, 84.00, NULL, NULL, 83.00, 83.00, 'enrolled', '2026-03-07 15:25:13', '2026-03-07 16:23:02'),
	(429, 15, 44, 6, 6, 2, 13, 84.00, 71.00, NULL, NULL, 77.50, 77.50, 'enrolled', '2026-03-07 15:25:13', '2026-03-07 16:23:02'),
	(430, 28, 44, 6, 6, 2, 13, 80.00, 82.00, NULL, NULL, 81.00, 81.00, 'enrolled', '2026-03-07 15:25:13', '2026-03-07 16:23:02'),
	(431, 29, 44, 6, 6, 2, 13, 91.00, 82.00, NULL, NULL, 86.50, 86.50, 'enrolled', '2026-03-07 15:25:13', '2026-03-07 16:23:02'),
	(432, 30, 44, 6, 6, 2, 13, 81.00, 70.00, NULL, NULL, 75.50, 75.50, 'enrolled', '2026-03-07 15:25:13', '2026-03-07 16:23:02'),
	(433, 31, 44, 6, 6, 2, 13, 84.00, 85.00, NULL, NULL, 84.50, 84.50, 'enrolled', '2026-03-07 15:25:13', '2026-03-07 16:23:02'),
	(434, 15, 45, 6, 6, 2, 13, 82.00, 77.00, NULL, NULL, 79.50, 79.50, 'enrolled', '2026-03-07 15:25:13', '2026-03-07 16:23:02'),
	(435, 28, 45, 6, 6, 2, 13, 79.00, 73.00, NULL, NULL, 76.00, 76.00, 'enrolled', '2026-03-07 15:25:13', '2026-03-07 16:23:02'),
	(436, 29, 45, 6, 6, 2, 13, 95.00, 76.00, NULL, NULL, 85.50, 85.50, 'enrolled', '2026-03-07 15:25:13', '2026-03-07 16:23:02'),
	(437, 30, 45, 6, 6, 2, 13, 85.00, 75.00, NULL, NULL, 80.00, 80.00, 'enrolled', '2026-03-07 15:25:13', '2026-03-07 16:23:02'),
	(438, 31, 45, 6, 6, 2, 13, 96.00, 65.00, NULL, NULL, 80.50, 80.50, 'enrolled', '2026-03-07 15:25:13', '2026-03-07 16:23:02'),
	(439, 15, 48, 6, 6, 2, 13, 88.00, 81.00, NULL, NULL, 84.50, 84.50, 'enrolled', '2026-03-07 15:25:13', '2026-03-07 16:23:02'),
	(440, 28, 48, 6, 6, 2, 13, 83.00, 73.00, NULL, NULL, 78.00, 78.00, 'enrolled', '2026-03-07 15:25:13', '2026-03-07 16:23:02'),
	(441, 29, 48, 6, 6, 2, 13, 78.00, 80.00, NULL, NULL, 79.00, 79.00, 'enrolled', '2026-03-07 15:25:13', '2026-03-07 16:23:02'),
	(442, 30, 48, 6, 6, 2, 13, 84.00, 76.00, NULL, NULL, 80.00, 80.00, 'enrolled', '2026-03-07 15:25:13', '2026-03-07 16:23:02'),
	(443, 31, 48, 6, 6, 2, 13, 87.00, 74.00, NULL, NULL, 80.50, 80.50, 'enrolled', '2026-03-07 15:25:13', '2026-03-07 16:23:02'),
	(444, 15, 39, 6, 6, 2, 13, 80.00, 88.00, NULL, NULL, 84.00, 84.00, 'enrolled', '2026-03-07 15:25:13', '2026-03-07 16:23:02'),
	(445, 28, 39, 6, 6, 2, 13, 86.00, 80.00, NULL, NULL, 83.00, 83.00, 'enrolled', '2026-03-07 15:25:13', '2026-03-07 16:23:02'),
	(446, 29, 39, 6, 6, 2, 13, 75.00, 75.00, NULL, NULL, 75.00, 75.00, 'enrolled', '2026-03-07 15:25:13', '2026-03-07 16:23:02'),
	(447, 30, 39, 6, 6, 2, 13, 84.00, 83.00, NULL, NULL, 83.50, 83.50, 'enrolled', '2026-03-07 15:25:13', '2026-03-07 16:23:02'),
	(448, 31, 39, 6, 6, 2, 13, 97.00, 88.00, NULL, NULL, 92.50, 92.50, 'enrolled', '2026-03-07 15:25:13', '2026-03-07 16:23:02'),
	(449, 15, 46, 6, 6, 2, 13, 77.00, 86.00, NULL, NULL, 81.50, 81.50, 'enrolled', '2026-03-07 15:25:13', '2026-03-07 16:23:02'),
	(450, 28, 46, 6, 6, 2, 13, 93.00, 86.00, NULL, NULL, 89.50, 89.50, 'enrolled', '2026-03-07 15:25:13', '2026-03-07 16:23:02'),
	(451, 29, 46, 6, 6, 2, 13, 75.00, 80.00, NULL, NULL, 77.50, 77.50, 'enrolled', '2026-03-07 15:25:13', '2026-03-07 16:23:02'),
	(452, 30, 46, 6, 6, 2, 13, 93.00, 90.00, NULL, NULL, 91.50, 91.50, 'enrolled', '2026-03-07 15:25:13', '2026-03-07 16:23:02'),
	(453, 31, 46, 6, 6, 2, 13, 86.00, 69.00, NULL, NULL, 77.50, 77.50, 'enrolled', '2026-03-07 15:25:13', '2026-03-07 16:23:02'),
	(454, 32, 38, 15, 6, 2, 13, 85.00, 88.00, NULL, NULL, 86.50, 86.50, 'enrolled', '2026-03-07 15:25:13', '2026-03-07 16:00:31'),
	(455, 33, 38, 15, 6, 2, 13, 75.00, 72.00, NULL, NULL, 73.50, 73.50, 'enrolled', '2026-03-07 15:25:13', '2026-03-07 16:00:31'),
	(456, 34, 38, 15, 6, 2, 13, 84.00, 84.00, NULL, NULL, 84.00, 84.00, 'enrolled', '2026-03-07 15:25:13', '2026-03-07 16:00:31'),
	(457, 32, 40, 15, 6, 2, 13, 94.00, 80.00, NULL, NULL, 87.00, 87.00, 'enrolled', '2026-03-07 15:25:13', '2026-03-07 16:00:31'),
	(458, 33, 40, 15, 6, 2, 13, 79.00, 77.00, NULL, NULL, 78.00, 78.00, 'enrolled', '2026-03-07 15:25:13', '2026-03-07 16:00:31'),
	(459, 34, 40, 15, 6, 2, 13, 90.00, 87.00, NULL, NULL, 88.50, 88.50, 'enrolled', '2026-03-07 15:25:13', '2026-03-07 16:00:31'),
	(460, 32, 44, 15, 6, 2, 13, 79.00, 76.00, NULL, NULL, 77.50, 77.50, 'enrolled', '2026-03-07 15:25:13', '2026-03-07 16:00:31'),
	(461, 33, 44, 15, 6, 2, 13, 82.00, 84.00, NULL, NULL, 83.00, 83.00, 'enrolled', '2026-03-07 15:25:13', '2026-03-07 16:00:31'),
	(462, 34, 44, 15, 6, 2, 13, 81.00, 83.00, NULL, NULL, 82.00, 82.00, 'enrolled', '2026-03-07 15:25:13', '2026-03-07 16:00:31'),
	(463, 32, 45, 15, 6, 2, 13, 76.00, 83.00, NULL, NULL, 79.50, 79.50, 'enrolled', '2026-03-07 15:25:13', '2026-03-07 16:00:31'),
	(464, 33, 45, 15, 6, 2, 13, 84.00, 72.00, NULL, NULL, 78.00, 78.00, 'enrolled', '2026-03-07 15:25:13', '2026-03-07 16:00:31'),
	(465, 34, 45, 15, 6, 2, 13, 80.00, 86.00, NULL, NULL, 83.00, 83.00, 'enrolled', '2026-03-07 15:25:13', '2026-03-07 16:00:31'),
	(466, 32, 39, 15, 6, 2, 13, 73.00, 88.00, NULL, NULL, 80.50, 80.50, 'enrolled', '2026-03-07 15:25:13', '2026-03-07 16:00:31'),
	(467, 33, 39, 15, 6, 2, 13, 74.00, 81.00, NULL, NULL, 77.50, 77.50, 'enrolled', '2026-03-07 15:25:13', '2026-03-07 16:00:31'),
	(468, 34, 39, 15, 6, 2, 13, 84.00, 79.00, NULL, NULL, 81.50, 81.50, 'enrolled', '2026-03-07 15:25:13', '2026-03-07 16:00:31'),
	(469, 32, 46, 15, 6, 2, 13, 82.00, 70.00, NULL, NULL, 76.00, 76.00, 'enrolled', '2026-03-07 15:25:13', '2026-03-07 16:00:31'),
	(470, 33, 46, 15, 6, 2, 13, 78.00, 85.00, NULL, NULL, 81.50, 81.50, 'enrolled', '2026-03-07 15:25:13', '2026-03-07 16:00:31'),
	(471, 34, 46, 15, 6, 2, 13, 72.00, 75.00, NULL, NULL, 73.50, 73.50, 'enrolled', '2026-03-07 15:25:13', '2026-03-07 16:00:31'),
	(478, 35, 38, 16, 6, 2, 13, 77.00, 86.00, NULL, NULL, 81.50, 81.50, 'enrolled', '2026-03-07 15:25:13', '2026-03-07 16:00:31'),
	(479, 36, 38, 16, 6, 2, 13, 75.00, 94.00, NULL, NULL, 84.50, 84.50, 'enrolled', '2026-03-07 15:25:13', '2026-03-07 16:00:31'),
	(480, 37, 38, 16, 6, 2, 13, 72.00, 86.00, NULL, NULL, 79.00, 79.00, 'enrolled', '2026-03-07 15:25:13', '2026-03-07 16:00:31'),
	(481, 35, 40, 16, 6, 2, 13, 76.00, 77.00, NULL, NULL, 76.50, 76.50, 'enrolled', '2026-03-07 15:25:13', '2026-03-07 16:00:31'),
	(482, 36, 40, 16, 6, 2, 13, 89.00, 82.00, NULL, NULL, 85.50, 85.50, 'enrolled', '2026-03-07 15:25:13', '2026-03-07 16:00:31'),
	(483, 37, 40, 16, 6, 2, 13, 76.00, 78.00, NULL, NULL, 77.00, 77.00, 'enrolled', '2026-03-07 15:25:13', '2026-03-07 16:00:31'),
	(484, 35, 44, 16, 6, 2, 13, 80.00, 80.00, NULL, NULL, 80.00, 80.00, 'enrolled', '2026-03-07 15:25:13', '2026-03-07 16:00:31'),
	(485, 36, 44, 16, 6, 2, 13, 79.00, 75.00, NULL, NULL, 77.00, 77.00, 'enrolled', '2026-03-07 15:25:13', '2026-03-07 16:00:31'),
	(486, 37, 44, 16, 6, 2, 13, 75.00, 78.00, NULL, NULL, 76.50, 76.50, 'enrolled', '2026-03-07 15:25:13', '2026-03-07 16:00:31'),
	(487, 35, 45, 16, 6, 2, 13, 88.00, 69.00, NULL, NULL, 78.50, 78.50, 'enrolled', '2026-03-07 15:25:13', '2026-03-07 16:00:31'),
	(488, 36, 45, 16, 6, 2, 13, 75.00, 70.00, NULL, NULL, 72.50, 72.50, 'enrolled', '2026-03-07 15:25:13', '2026-03-07 16:00:31'),
	(489, 37, 45, 16, 6, 2, 13, 81.00, 77.00, NULL, NULL, 79.00, 79.00, 'enrolled', '2026-03-07 15:25:13', '2026-03-07 16:00:31'),
	(490, 35, 39, 16, 6, 2, 13, 77.00, 67.00, NULL, NULL, 72.00, 72.00, 'enrolled', '2026-03-07 15:25:13', '2026-03-07 16:00:31'),
	(491, 36, 39, 16, 6, 2, 13, 79.00, 93.00, NULL, NULL, 86.00, 86.00, 'enrolled', '2026-03-07 15:25:13', '2026-03-07 16:00:31'),
	(492, 37, 39, 16, 6, 2, 13, 95.00, 95.00, NULL, NULL, 95.00, 95.00, 'enrolled', '2026-03-07 15:25:13', '2026-03-07 16:00:31'),
	(493, 35, 46, 16, 6, 2, 13, 90.00, 87.00, NULL, NULL, 88.50, 88.50, 'enrolled', '2026-03-07 15:25:13', '2026-03-07 16:00:31'),
	(494, 36, 46, 16, 6, 2, 13, 82.00, 88.00, NULL, NULL, 85.00, 85.00, 'enrolled', '2026-03-07 15:25:13', '2026-03-07 16:00:31'),
	(495, 37, 46, 16, 6, 2, 13, 78.00, 75.00, NULL, NULL, 76.50, 76.50, 'enrolled', '2026-03-07 15:25:13', '2026-03-07 16:00:31'),
	(499, 35, 60, 16, 6, 2, 13, 78.00, 85.00, NULL, NULL, 81.50, 81.50, 'enrolled', '2026-03-07 15:25:13', '2026-03-07 16:00:31'),
	(500, 36, 60, 16, 6, 2, 13, 81.00, 77.00, NULL, NULL, 79.00, 79.00, 'enrolled', '2026-03-07 15:25:13', '2026-03-07 16:00:31'),
	(501, 37, 60, 16, 6, 2, 13, 77.00, 80.00, NULL, NULL, 78.50, 78.50, 'enrolled', '2026-03-07 15:25:13', '2026-03-07 16:00:31'),
	(502, 17, 73, 7, 7, 2, 13, 1.00, 1.75, 1.00, 2.25, 1.50, 1.50, 'enrolled', '2026-03-07 15:25:13', '2026-03-07 16:23:02'),
	(503, 38, 73, 7, 7, 2, 13, 2.50, 2.00, 2.00, 2.00, 2.13, 2.13, 'enrolled', '2026-03-07 15:25:13', '2026-03-07 16:23:02'),
	(504, 39, 73, 7, 7, 2, 13, 2.75, 1.75, 1.50, 2.25, 2.06, 2.06, 'enrolled', '2026-03-07 15:25:13', '2026-03-07 16:23:01'),
	(505, 40, 73, 7, 7, 2, 13, 1.25, 3.00, 2.50, 2.00, 2.19, 2.19, 'enrolled', '2026-03-07 15:25:13', '2026-03-07 16:23:02'),
	(506, 41, 73, 7, 7, 2, 13, 3.00, 2.50, 1.75, 2.00, 2.31, 2.31, 'enrolled', '2026-03-07 15:25:13', '2026-03-07 16:23:01'),
	(507, 48, 73, 7, 7, 2, 13, 1.00, 2.75, 3.00, 2.00, 2.19, 2.19, 'enrolled', '2026-03-07 15:25:13', '2026-03-07 16:23:01'),
	(508, 17, 76, 7, 7, 2, 13, 3.00, 1.50, 2.50, 2.25, 2.31, 2.31, 'enrolled', '2026-03-07 15:25:13', '2026-03-07 16:23:02'),
	(509, 38, 76, 7, 7, 2, 13, 2.50, 1.50, 2.50, 2.00, 2.13, 2.13, 'enrolled', '2026-03-07 15:25:13', '2026-03-07 16:23:02'),
	(510, 39, 76, 7, 7, 2, 13, 2.50, 2.50, 2.75, 2.75, 2.63, 2.63, 'enrolled', '2026-03-07 15:25:13', '2026-03-07 16:23:01'),
	(511, 40, 76, 7, 7, 2, 13, 1.25, 2.50, 2.25, 2.50, 2.13, 2.13, 'enrolled', '2026-03-07 15:25:13', '2026-03-07 16:23:02'),
	(512, 41, 76, 7, 7, 2, 13, 2.50, 2.75, 2.00, 2.50, 2.44, 2.44, 'enrolled', '2026-03-07 15:25:13', '2026-03-07 16:23:01'),
	(513, 48, 76, 7, 7, 2, 13, 1.25, 1.75, 2.50, 3.00, 2.13, 2.13, 'enrolled', '2026-03-07 15:25:13', '2026-03-07 16:23:01'),
	(514, 17, 78, 7, 7, 2, 13, 1.75, 2.50, 2.50, 2.75, 2.38, 2.38, 'enrolled', '2026-03-07 15:25:13', '2026-03-07 16:23:02'),
	(515, 38, 78, 7, 7, 2, 13, 1.50, 2.25, 1.00, 2.50, 1.81, 1.81, 'enrolled', '2026-03-07 15:25:13', '2026-03-07 16:23:02'),
	(516, 39, 78, 7, 7, 2, 13, 2.50, 2.50, 2.00, 2.00, 2.25, 2.25, 'enrolled', '2026-03-07 15:25:13', '2026-03-07 16:23:01'),
	(517, 40, 78, 7, 7, 2, 13, 1.25, 2.00, 1.00, 2.25, 1.63, 1.63, 'enrolled', '2026-03-07 15:25:13', '2026-03-07 16:23:01'),
	(518, 41, 78, 7, 7, 2, 13, 2.00, 2.75, 3.00, 2.25, 2.50, 2.50, 'enrolled', '2026-03-07 15:25:13', '2026-03-07 16:23:01'),
	(519, 48, 78, 7, 7, 2, 13, 1.75, 2.50, 2.25, 2.75, 2.31, 2.31, 'enrolled', '2026-03-07 15:25:13', '2026-03-07 16:23:01'),
	(520, 17, 81, 7, 7, 2, 13, 1.25, 2.50, 2.50, 2.50, 2.19, 2.19, 'enrolled', '2026-03-07 15:25:13', '2026-03-07 16:23:02'),
	(521, 38, 81, 7, 7, 2, 13, 2.75, 1.50, 2.25, 3.00, 2.38, 2.38, 'enrolled', '2026-03-07 15:25:13', '2026-03-07 16:23:02'),
	(522, 39, 81, 7, 7, 2, 13, 2.75, 2.75, 2.00, 1.75, 2.31, 2.31, 'enrolled', '2026-03-07 15:25:13', '2026-03-07 16:23:01'),
	(523, 40, 81, 7, 7, 2, 13, 2.00, 2.75, 3.00, 2.75, 2.63, 2.63, 'enrolled', '2026-03-07 15:25:13', '2026-03-07 16:23:02'),
	(524, 41, 81, 7, 7, 2, 13, 2.75, 1.25, 2.50, 1.75, 2.06, 2.06, 'enrolled', '2026-03-07 15:25:13', '2026-03-07 16:23:01'),
	(525, 48, 81, 7, 7, 2, 13, 2.50, 2.50, 2.75, 2.25, 2.50, 2.50, 'enrolled', '2026-03-07 15:25:13', '2026-03-07 16:23:01'),
	(526, 17, 82, 7, 7, 2, 13, 1.50, 3.00, 3.00, 2.50, 2.50, 2.50, 'enrolled', '2026-03-07 15:25:13', '2026-03-07 16:23:02'),
	(527, 38, 82, 7, 7, 2, 13, 3.00, 2.75, 2.75, 2.00, 2.63, 2.63, 'enrolled', '2026-03-07 15:25:13', '2026-03-07 16:23:02'),
	(528, 39, 82, 7, 7, 2, 13, 2.00, 2.00, 2.75, 2.75, 2.38, 2.38, 'enrolled', '2026-03-07 15:25:13', '2026-03-07 16:23:01'),
	(529, 40, 82, 7, 7, 2, 13, 3.00, 2.25, 3.00, 1.75, 2.50, 2.50, 'enrolled', '2026-03-07 15:25:13', '2026-03-07 16:23:02'),
	(530, 41, 82, 7, 7, 2, 13, 2.50, 1.50, 2.75, 2.50, 2.31, 2.31, 'enrolled', '2026-03-07 15:25:13', '2026-03-07 16:23:01'),
	(531, 48, 82, 7, 7, 2, 13, 2.50, 2.25, 2.50, 2.00, 2.31, 2.31, 'enrolled', '2026-03-07 15:25:13', '2026-03-07 16:23:01'),
	(532, 42, 73, 8, 7, 2, 13, 2.25, 2.50, 2.50, 3.00, 2.56, 2.56, 'enrolled', '2026-03-07 15:25:13', '2026-03-07 16:00:31'),
	(533, 43, 73, 8, 7, 2, 13, 2.75, 2.50, 2.50, 2.00, 2.44, 2.44, 'enrolled', '2026-03-07 15:25:13', '2026-03-07 16:00:31'),
	(534, 44, 73, 8, 7, 2, 13, 2.00, 2.50, 2.25, 2.50, 2.31, 2.31, 'enrolled', '2026-03-07 15:25:13', '2026-03-07 16:00:31'),
	(535, 45, 73, 8, 7, 2, 13, 1.75, 1.25, 2.50, 2.00, 1.88, 1.88, 'enrolled', '2026-03-07 15:25:13', '2026-03-07 16:00:31'),
	(536, 42, 83, 8, 7, 2, 13, 2.25, 1.75, 2.25, 2.00, 2.06, 2.06, 'enrolled', '2026-03-07 15:25:13', '2026-03-07 16:00:31'),
	(537, 43, 83, 8, 7, 2, 13, 1.00, 2.75, 2.50, 2.00, 2.06, 2.06, 'enrolled', '2026-03-07 15:25:13', '2026-03-07 16:00:31'),
	(538, 44, 83, 8, 7, 2, 13, 2.50, 2.50, 1.25, 2.75, 2.25, 2.25, 'enrolled', '2026-03-07 15:25:13', '2026-03-07 16:00:31'),
	(539, 45, 83, 8, 7, 2, 13, 2.25, 1.75, 2.75, 2.50, 2.31, 2.31, 'enrolled', '2026-03-07 15:25:13', '2026-03-07 16:00:31'),
	(540, 42, 85, 8, 7, 2, 13, 1.50, 2.00, 1.75, 2.50, 1.94, 1.94, 'enrolled', '2026-03-07 15:25:13', '2026-03-07 16:00:31'),
	(541, 43, 85, 8, 7, 2, 13, 2.75, 3.00, 2.75, 2.50, 2.75, 2.75, 'enrolled', '2026-03-07 15:25:13', '2026-03-07 16:00:31'),
	(542, 44, 85, 8, 7, 2, 13, 2.50, 1.75, 2.25, 2.50, 2.25, 2.25, 'enrolled', '2026-03-07 15:25:13', '2026-03-07 16:00:31'),
	(543, 45, 85, 8, 7, 2, 13, 3.00, 1.75, 2.00, 2.25, 2.25, 2.25, 'enrolled', '2026-03-07 15:25:13', '2026-03-07 16:00:31'),
	(544, 42, 86, 8, 7, 2, 13, 2.25, 2.00, 2.50, 2.75, 2.38, 2.38, 'enrolled', '2026-03-07 15:25:13', '2026-03-07 16:00:31'),
	(545, 43, 86, 8, 7, 2, 13, 2.75, 2.75, 1.75, 2.50, 2.44, 2.44, 'enrolled', '2026-03-07 15:25:13', '2026-03-07 16:00:31'),
	(546, 44, 86, 8, 7, 2, 13, 2.00, 2.50, 1.50, 1.00, 1.75, 1.75, 'enrolled', '2026-03-07 15:25:13', '2026-03-07 16:00:31'),
	(547, 45, 86, 8, 7, 2, 13, 2.00, 2.50, 2.50, 2.50, 2.38, 2.38, 'enrolled', '2026-03-07 15:25:13', '2026-03-07 16:00:31'),
	(548, 46, 73, 18, 7, 2, 13, 2.50, 1.25, 2.00, 3.00, 2.19, 2.19, 'enrolled', '2026-03-07 15:25:13', '2026-03-07 16:00:31'),
	(549, 47, 73, 18, 7, 2, 13, 2.25, 1.25, 2.50, 2.25, 2.06, 2.06, 'enrolled', '2026-03-07 15:25:13', '2026-03-07 16:00:31'),
	(550, 49, 73, 18, 7, 2, 13, 2.00, 2.25, 2.75, 2.25, 2.31, 2.31, 'enrolled', '2026-03-07 15:25:13', '2026-03-07 16:00:31'),
	(551, 46, 78, 18, 7, 2, 13, 2.50, 2.25, 1.50, 3.00, 2.31, 2.31, 'enrolled', '2026-03-07 15:25:13', '2026-03-07 16:00:31'),
	(552, 47, 78, 18, 7, 2, 13, 2.00, 2.00, 1.50, 2.25, 1.94, 1.94, 'enrolled', '2026-03-07 15:25:13', '2026-03-07 16:00:31'),
	(553, 49, 78, 18, 7, 2, 13, 2.25, 2.50, 1.75, 2.75, 2.31, 2.31, 'enrolled', '2026-03-07 15:25:13', '2026-03-07 16:00:31'),
	(554, 46, 76, 18, 7, 2, 13, 1.75, 2.75, 3.00, 1.50, 2.25, 2.25, 'enrolled', '2026-03-07 15:25:13', '2026-03-07 16:00:31'),
	(555, 47, 76, 18, 7, 2, 13, 2.50, 1.50, 1.50, 2.25, 1.94, 1.94, 'enrolled', '2026-03-07 15:25:13', '2026-03-07 16:00:31'),
	(556, 49, 76, 18, 7, 2, 13, 2.25, 2.50, 2.50, 1.50, 2.19, 2.19, 'enrolled', '2026-03-07 15:25:13', '2026-03-07 16:00:31'),
	(727, 32, 54, 15, 6, 2, 14, 82.00, 65.00, NULL, NULL, 73.50, 73.50, 'enrolled', '2026-03-07 15:25:13', '2026-03-07 16:00:31'),
	(728, 33, 54, 15, 6, 2, 14, 74.00, 70.00, NULL, NULL, 72.00, 72.00, 'enrolled', '2026-03-07 15:25:13', '2026-03-07 16:00:31'),
	(729, 34, 54, 15, 6, 2, 14, 76.00, 90.00, NULL, NULL, 83.00, 83.00, 'enrolled', '2026-03-07 15:25:13', '2026-03-07 16:00:31'),
	(730, 32, 65, 15, 6, 2, 14, 75.00, 78.00, NULL, NULL, 76.50, 76.50, 'enrolled', '2026-03-07 15:25:13', '2026-03-07 16:00:31'),
	(731, 33, 65, 15, 6, 2, 14, 85.00, 79.00, NULL, NULL, 82.00, 82.00, 'enrolled', '2026-03-07 15:25:13', '2026-03-07 16:00:31'),
	(732, 34, 65, 15, 6, 2, 14, 91.00, 70.00, NULL, NULL, 80.50, 80.50, 'enrolled', '2026-03-07 15:25:13', '2026-03-07 16:00:31'),
	(751, 35, 54, 16, 6, 2, 14, 75.00, 84.00, NULL, NULL, 79.50, 79.50, 'enrolled', '2026-03-07 15:25:13', '2026-03-07 16:00:31'),
	(752, 36, 54, 16, 6, 2, 14, 78.00, 78.00, NULL, NULL, 78.00, 78.00, 'enrolled', '2026-03-07 15:25:13', '2026-03-07 16:00:31'),
	(753, 37, 54, 16, 6, 2, 14, 94.00, 86.00, NULL, NULL, 90.00, 90.00, 'enrolled', '2026-03-07 15:25:13', '2026-03-07 16:00:31'),
	(757, 17, 73, 7, 7, 2, 14, 2.75, 1.50, 2.25, 2.25, 2.19, 2.19, 'enrolled', '2026-03-07 15:25:13', '2026-03-07 16:00:31'),
	(758, 38, 73, 7, 7, 2, 14, 1.25, 2.50, 2.75, 3.00, 2.38, 2.38, 'enrolled', '2026-03-07 15:25:13', '2026-03-07 16:00:31'),
	(759, 39, 73, 7, 7, 2, 14, 2.25, 1.75, 2.00, 1.00, 1.75, 1.75, 'enrolled', '2026-03-07 15:25:13', '2026-03-07 16:00:31'),
	(760, 40, 73, 7, 7, 2, 14, 2.00, 1.75, 1.25, 3.00, 2.00, 2.00, 'enrolled', '2026-03-07 15:25:13', '2026-03-07 16:00:31'),
	(761, 41, 73, 7, 7, 2, 14, 2.50, 2.00, 2.75, 2.75, 2.50, 2.50, 'enrolled', '2026-03-07 15:25:13', '2026-03-07 16:00:31'),
	(762, 48, 73, 7, 7, 2, 14, 2.00, 2.50, 2.00, 3.00, 2.38, 2.38, 'enrolled', '2026-03-07 15:25:13', '2026-03-07 16:00:31'),
	(763, 17, 76, 7, 7, 2, 14, 2.75, 2.75, 2.25, 2.75, 2.63, 2.63, 'enrolled', '2026-03-07 15:25:13', '2026-03-07 16:00:31'),
	(764, 38, 76, 7, 7, 2, 14, 3.00, 2.50, 2.25, 2.75, 2.63, 2.63, 'enrolled', '2026-03-07 15:25:13', '2026-03-07 16:00:31'),
	(765, 39, 76, 7, 7, 2, 14, 2.50, 1.75, 2.50, 3.00, 2.44, 2.44, 'enrolled', '2026-03-07 15:25:13', '2026-03-07 16:00:31'),
	(766, 40, 76, 7, 7, 2, 14, 2.75, 2.50, 1.75, 1.75, 2.19, 2.19, 'enrolled', '2026-03-07 15:25:13', '2026-03-07 16:00:31'),
	(767, 41, 76, 7, 7, 2, 14, 2.00, 2.75, 2.50, 2.75, 2.50, 2.50, 'enrolled', '2026-03-07 15:25:13', '2026-03-07 16:00:31'),
	(768, 48, 76, 7, 7, 2, 14, 2.75, 2.75, 2.50, 2.25, 2.56, 2.56, 'enrolled', '2026-03-07 15:25:13', '2026-03-07 16:00:31'),
	(769, 17, 78, 7, 7, 2, 14, 2.50, 2.75, 2.50, 2.75, 2.63, 2.63, 'enrolled', '2026-03-07 15:25:13', '2026-03-07 16:00:31'),
	(770, 38, 78, 7, 7, 2, 14, 1.00, 2.00, 2.50, 1.75, 1.81, 1.81, 'enrolled', '2026-03-07 15:25:13', '2026-03-07 16:00:31'),
	(771, 39, 78, 7, 7, 2, 14, 2.00, 1.75, 1.75, 2.75, 2.06, 2.06, 'enrolled', '2026-03-07 15:25:13', '2026-03-07 16:00:31'),
	(772, 40, 78, 7, 7, 2, 14, 2.25, 2.00, 2.00, 2.50, 2.19, 2.19, 'enrolled', '2026-03-07 15:25:13', '2026-03-07 16:00:31'),
	(773, 41, 78, 7, 7, 2, 14, 2.00, 2.50, 2.50, 2.25, 2.31, 2.31, 'enrolled', '2026-03-07 15:25:13', '2026-03-07 16:00:31'),
	(774, 48, 78, 7, 7, 2, 14, 2.25, 2.25, 2.50, 2.00, 2.25, 2.25, 'enrolled', '2026-03-07 15:25:13', '2026-03-07 16:00:31'),
	(775, 17, 81, 7, 7, 2, 14, 2.00, 2.75, 2.50, 1.50, 2.19, 2.19, 'enrolled', '2026-03-07 15:25:13', '2026-03-07 16:00:31'),
	(776, 38, 81, 7, 7, 2, 14, 2.25, 2.25, 2.75, 2.75, 2.50, 2.50, 'enrolled', '2026-03-07 15:25:13', '2026-03-07 16:00:31'),
	(777, 39, 81, 7, 7, 2, 14, 1.50, 2.00, 1.50, 2.00, 1.75, 1.75, 'enrolled', '2026-03-07 15:25:13', '2026-03-07 16:00:31'),
	(778, 40, 81, 7, 7, 2, 14, 2.25, 1.75, 2.50, 2.25, 2.19, 2.19, 'enrolled', '2026-03-07 15:25:13', '2026-03-07 16:00:31'),
	(779, 41, 81, 7, 7, 2, 14, 1.50, 1.25, 1.75, 2.00, 1.63, 1.63, 'enrolled', '2026-03-07 15:25:13', '2026-03-07 16:00:31'),
	(780, 48, 81, 7, 7, 2, 14, 2.75, 2.25, 2.50, 2.25, 2.44, 2.44, 'enrolled', '2026-03-07 15:25:13', '2026-03-07 16:00:31'),
	(781, 17, 82, 7, 7, 2, 14, 2.75, 1.75, 2.75, 1.75, 2.25, 2.25, 'enrolled', '2026-03-07 15:25:13', '2026-03-07 16:00:31'),
	(782, 38, 82, 7, 7, 2, 14, 1.50, 1.75, 2.25, 1.75, 1.81, 1.81, 'enrolled', '2026-03-07 15:25:13', '2026-03-07 16:00:31'),
	(783, 39, 82, 7, 7, 2, 14, 3.00, 2.25, 1.25, 2.25, 2.19, 2.19, 'enrolled', '2026-03-07 15:25:13', '2026-03-07 16:00:31'),
	(784, 40, 82, 7, 7, 2, 14, 2.00, 2.00, 1.75, 2.25, 2.00, 2.00, 'enrolled', '2026-03-07 15:25:13', '2026-03-07 16:00:31'),
	(785, 41, 82, 7, 7, 2, 14, 2.50, 2.75, 2.50, 2.75, 2.63, 2.63, 'enrolled', '2026-03-07 15:25:13', '2026-03-07 16:00:31'),
	(786, 48, 82, 7, 7, 2, 14, 2.75, 2.25, 2.75, 1.75, 2.38, 2.38, 'enrolled', '2026-03-07 15:25:13', '2026-03-07 16:00:31'),
	(787, 42, 73, 8, 7, 2, 14, 1.50, 2.25, 1.25, 2.75, 1.94, 1.94, 'enrolled', '2026-03-07 15:25:13', '2026-03-07 16:00:31'),
	(788, 43, 73, 8, 7, 2, 14, 2.75, 3.00, 2.75, 2.50, 2.75, 2.75, 'enrolled', '2026-03-07 15:25:13', '2026-03-07 16:00:31'),
	(789, 44, 73, 8, 7, 2, 14, 2.75, 2.75, 2.50, 1.75, 2.44, 2.44, 'enrolled', '2026-03-07 15:25:13', '2026-03-07 16:00:31'),
	(790, 45, 73, 8, 7, 2, 14, 2.50, 2.00, 1.75, 2.25, 2.13, 2.13, 'enrolled', '2026-03-07 15:25:13', '2026-03-07 16:00:31'),
	(791, 42, 83, 8, 7, 2, 14, 3.00, 2.00, 2.50, 2.00, 2.38, 2.38, 'enrolled', '2026-03-07 15:25:13', '2026-03-07 16:00:31'),
	(792, 43, 83, 8, 7, 2, 14, 2.25, 2.75, 3.00, 2.50, 2.63, 2.63, 'enrolled', '2026-03-07 15:25:13', '2026-03-07 16:00:31'),
	(793, 44, 83, 8, 7, 2, 14, 2.75, 1.75, 2.00, 2.00, 2.13, 2.13, 'enrolled', '2026-03-07 15:25:13', '2026-03-07 16:00:31'),
	(794, 45, 83, 8, 7, 2, 14, 2.25, 1.50, 2.75, 2.00, 2.13, 2.13, 'enrolled', '2026-03-07 15:25:13', '2026-03-07 16:00:31'),
	(795, 42, 85, 8, 7, 2, 14, 2.75, 2.00, 2.75, 2.50, 2.50, 2.50, 'enrolled', '2026-03-07 15:25:13', '2026-03-07 16:00:31'),
	(796, 43, 85, 8, 7, 2, 14, 1.75, 2.25, 2.50, 2.25, 2.19, 2.19, 'enrolled', '2026-03-07 15:25:13', '2026-03-07 16:00:31'),
	(797, 44, 85, 8, 7, 2, 14, 2.25, 2.25, 1.00, 2.50, 2.00, 2.00, 'enrolled', '2026-03-07 15:25:13', '2026-03-07 16:00:31'),
	(798, 45, 85, 8, 7, 2, 14, 2.25, 2.00, 3.00, 1.25, 2.13, 2.13, 'enrolled', '2026-03-07 15:25:13', '2026-03-07 16:00:31'),
	(799, 42, 86, 8, 7, 2, 14, 2.50, 2.50, 2.00, 2.75, 2.44, 2.44, 'enrolled', '2026-03-07 15:25:13', '2026-03-07 16:00:31'),
	(800, 43, 86, 8, 7, 2, 14, 2.25, 1.75, 2.00, 2.25, 2.06, 2.06, 'enrolled', '2026-03-07 15:25:13', '2026-03-07 16:00:31'),
	(801, 44, 86, 8, 7, 2, 14, 3.00, 2.75, 2.75, 2.75, 2.81, 2.81, 'enrolled', '2026-03-07 15:25:13', '2026-03-07 16:00:31'),
	(802, 45, 86, 8, 7, 2, 14, 1.50, 2.75, 2.25, 2.25, 2.19, 2.19, 'enrolled', '2026-03-07 15:25:13', '2026-03-07 16:00:31'),
	(803, 46, 73, 18, 7, 2, 14, 3.00, 2.25, 3.00, 2.50, 2.69, 2.69, 'enrolled', '2026-03-07 15:25:13', '2026-03-07 16:00:31'),
	(804, 47, 73, 18, 7, 2, 14, 2.75, 1.75, 2.75, 2.00, 2.31, 2.31, 'enrolled', '2026-03-07 15:25:13', '2026-03-07 16:00:31'),
	(805, 49, 73, 18, 7, 2, 14, 2.75, 2.00, 2.25, 2.00, 2.25, 2.25, 'enrolled', '2026-03-07 15:25:13', '2026-03-07 16:00:31'),
	(806, 46, 78, 18, 7, 2, 14, 2.00, 1.75, 1.75, 2.00, 1.88, 1.88, 'enrolled', '2026-03-07 15:25:13', '2026-03-07 16:00:31'),
	(807, 47, 78, 18, 7, 2, 14, 2.75, 2.00, 3.00, 2.50, 2.56, 2.56, 'enrolled', '2026-03-07 15:25:13', '2026-03-07 16:00:31'),
	(808, 49, 78, 18, 7, 2, 14, 2.25, 2.75, 2.75, 2.25, 2.50, 2.50, 'enrolled', '2026-03-07 15:25:13', '2026-03-07 16:00:31'),
	(809, 46, 76, 18, 7, 2, 14, 1.25, 2.50, 2.50, 2.25, 2.13, 2.13, 'enrolled', '2026-03-07 15:25:13', '2026-03-07 16:00:31'),
	(810, 47, 76, 18, 7, 2, 14, 1.50, 1.25, 2.00, 2.25, 1.75, 1.75, 'enrolled', '2026-03-07 15:25:13', '2026-03-07 16:00:31'),
	(811, 49, 76, 18, 7, 2, 14, 2.00, 2.50, 1.50, 2.00, 2.00, 2.00, 'enrolled', '2026-03-07 15:25:13', '2026-03-07 16:00:31'),
	(812, 54, 38, 15, 6, 2, 13, NULL, NULL, NULL, NULL, NULL, NULL, 'enrolled', '2026-03-08 14:42:52', '2026-03-08 14:42:52'),
	(813, 54, 40, 15, 6, 2, 13, NULL, NULL, NULL, NULL, NULL, NULL, 'enrolled', '2026-03-08 14:42:52', '2026-03-08 14:42:52'),
	(814, 54, 44, 15, 6, 2, 13, NULL, NULL, NULL, NULL, NULL, NULL, 'enrolled', '2026-03-08 14:42:52', '2026-03-08 14:42:52'),
	(815, 54, 45, 15, 6, 2, 13, NULL, NULL, NULL, NULL, NULL, NULL, 'enrolled', '2026-03-08 14:42:52', '2026-03-08 14:42:52'),
	(816, 54, 39, 15, 6, 2, 13, NULL, NULL, NULL, NULL, NULL, NULL, 'enrolled', '2026-03-08 14:42:52', '2026-03-08 14:42:52'),
	(817, 54, 46, 15, 6, 2, 13, NULL, NULL, NULL, NULL, NULL, NULL, 'enrolled', '2026-03-08 14:42:52', '2026-03-08 14:42:52'),
	(818, 54, 54, 15, 6, 2, 13, NULL, NULL, NULL, NULL, NULL, NULL, 'enrolled', '2026-03-08 14:42:52', '2026-03-08 14:42:52'),
	(819, 54, 65, 15, 6, 2, 13, NULL, NULL, NULL, NULL, NULL, NULL, 'enrolled', '2026-03-08 14:42:52', '2026-03-08 14:42:52'),
	(820, 55, 72, 7, 3, 2, 13, NULL, NULL, NULL, NULL, NULL, NULL, 'enrolled', '2026-03-08 14:42:53', '2026-03-08 14:42:53'),
	(821, 55, 73, 7, 7, 2, 13, NULL, NULL, NULL, NULL, NULL, NULL, 'enrolled', '2026-03-08 14:42:53', '2026-03-08 14:42:53'),
	(822, 55, 76, 7, 7, 2, 13, NULL, NULL, NULL, NULL, NULL, NULL, 'enrolled', '2026-03-08 14:42:53', '2026-03-08 14:42:53'),
	(823, 55, 78, 7, 7, 2, 13, NULL, NULL, NULL, NULL, NULL, NULL, 'enrolled', '2026-03-08 14:42:53', '2026-03-08 14:42:53'),
	(824, 55, 81, 7, 7, 2, 13, NULL, NULL, NULL, NULL, NULL, NULL, 'enrolled', '2026-03-08 14:42:53', '2026-03-08 14:42:53'),
	(825, 55, 82, 7, 7, 2, 13, NULL, NULL, NULL, NULL, NULL, NULL, 'enrolled', '2026-03-08 14:42:53', '2026-03-08 14:42:53'),
	(841, 38, 72, 7, 3, 3, 22, 3.00, 1.75, 2.00, 1.75, 2.13, 2.13, 'enrolled', '2026-03-15 15:23:11', '2026-03-15 15:23:11'),
	(842, 38, 73, 7, 7, 3, 22, 2.50, 2.00, 2.00, 2.00, 2.13, 2.13, 'enrolled', '2026-03-15 15:23:11', '2026-03-15 15:23:11'),
	(843, 38, 73, 7, 7, 3, 23, 1.25, 2.50, 2.75, 3.00, 2.38, 2.38, 'enrolled', '2026-03-15 15:23:11', '2026-03-15 15:23:11'),
	(844, 38, 76, 7, 7, 3, 22, 2.50, 1.50, 2.50, 2.00, 2.13, 2.13, 'enrolled', '2026-03-15 15:23:11', '2026-03-15 15:23:11'),
	(845, 38, 76, 7, 7, 3, 23, 3.00, 2.50, 2.25, 2.75, 2.63, 2.63, 'enrolled', '2026-03-15 15:23:11', '2026-03-15 15:23:11'),
	(846, 38, 78, 7, 7, 3, 22, 1.50, 2.25, 1.00, 2.50, 1.81, 1.81, 'enrolled', '2026-03-15 15:23:11', '2026-03-15 15:23:11'),
	(847, 38, 78, 7, 7, 3, 23, 1.00, 2.00, 2.50, 1.75, 1.81, 1.81, 'enrolled', '2026-03-15 15:23:11', '2026-03-15 15:23:11'),
	(848, 38, 81, 7, 7, 3, 22, 2.75, 1.50, 2.25, 3.00, 2.38, 2.38, 'enrolled', '2026-03-15 15:23:11', '2026-03-15 15:23:11'),
	(849, 38, 81, 7, 7, 3, 23, 2.25, 2.25, 2.75, 2.75, 2.50, 2.50, 'enrolled', '2026-03-15 15:23:11', '2026-03-15 15:23:11'),
	(850, 38, 82, 7, 7, 3, 22, 3.00, 2.75, 2.75, 2.00, 2.63, 2.63, 'enrolled', '2026-03-15 15:23:11', '2026-03-15 15:23:11'),
	(851, 38, 82, 7, 7, 3, 23, 1.50, 1.75, 2.25, 1.75, 1.81, 1.81, 'enrolled', '2026-03-15 15:23:11', '2026-03-15 15:23:11'),
	(856, 56, 73, 8, 7, 2, 13, NULL, NULL, NULL, NULL, NULL, NULL, 'enrolled', '2026-03-15 16:16:51', '2026-03-15 16:16:51'),
	(857, 56, 76, 8, NULL, 2, 13, NULL, NULL, NULL, NULL, NULL, NULL, 'enrolled', '2026-03-15 16:16:51', '2026-03-15 16:16:51'),
	(858, 56, 77, 8, NULL, 2, 13, NULL, NULL, NULL, NULL, NULL, NULL, 'enrolled', '2026-03-15 16:16:51', '2026-03-15 16:16:51'),
	(859, 56, 86, 8, 7, 2, 13, NULL, NULL, NULL, NULL, NULL, NULL, 'enrolled', '2026-03-15 16:16:51', '2026-03-15 16:16:51'),
	(860, 56, 81, 8, NULL, 2, 13, NULL, NULL, NULL, NULL, NULL, NULL, 'enrolled', '2026-03-15 16:16:51', '2026-03-15 16:16:51'),
	(861, 56, 82, 8, NULL, 2, 13, NULL, NULL, NULL, NULL, NULL, NULL, 'enrolled', '2026-03-15 16:16:51', '2026-03-15 16:16:51'),
	(862, 56, 83, 8, 7, 2, 13, NULL, NULL, NULL, NULL, NULL, NULL, 'enrolled', '2026-03-15 16:16:51', '2026-03-15 16:16:51');

-- Dumping structure for table grading_system.tbl_enrollment_settings
CREATE TABLE IF NOT EXISTS `tbl_enrollment_settings` (
  `id` int NOT NULL AUTO_INCREMENT,
  `sy_id` int NOT NULL,
  `term_id` int NOT NULL,
  `enrollment_start` datetime NOT NULL,
  `enrollment_end` datetime NOT NULL,
  `max_units` int DEFAULT '30' COMMENT 'Maximum units a student can enroll per term',
  `is_open` tinyint(1) DEFAULT '1' COMMENT 'Whether enrollment is currently open',
  `created_at` datetime DEFAULT CURRENT_TIMESTAMP,
  `updated_at` datetime DEFAULT CURRENT_TIMESTAMP ON UPDATE CURRENT_TIMESTAMP,
  PRIMARY KEY (`id`),
  UNIQUE KEY `unique_sy_term` (`sy_id`,`term_id`),
  KEY `sy_id` (`sy_id`),
  KEY `term_id` (`term_id`),
  CONSTRAINT `tbl_enrollment_settings_ibfk_1` FOREIGN KEY (`sy_id`) REFERENCES `tbl_sy` (`id`),
  CONSTRAINT `tbl_enrollment_settings_ibfk_2` FOREIGN KEY (`term_id`) REFERENCES `tbl_term` (`id`)
) ENGINE=InnoDB AUTO_INCREMENT=10 DEFAULT CHARSET=utf8mb4 COLLATE=utf8mb4_0900_ai_ci;

-- Dumping data for table grading_system.tbl_enrollment_settings: ~2 rows (approximately)
REPLACE INTO `tbl_enrollment_settings` (`id`, `sy_id`, `term_id`, `enrollment_start`, `enrollment_end`, `max_units`, `is_open`, `created_at`, `updated_at`) VALUES
	(4, 2, 13, '2025-06-01 00:00:00', '2026-03-31 23:59:59', 30, 1, '2026-03-07 15:25:12', '2026-03-07 15:25:12'),
	(7, 4, 16, '2026-06-01 00:00:00', '2027-05-31 23:59:59', 30, 1, '2026-03-15 14:59:35', '2026-03-15 14:59:35'),
	(8, 4, 17, '2026-06-01 00:00:00', '2027-05-31 23:59:59', 30, 1, '2026-03-15 14:59:35', '2026-03-15 14:59:35'),
	(9, 4, 18, '2026-06-01 00:00:00', '2027-05-31 23:59:59', 30, 1, '2026-03-15 14:59:35', '2026-03-15 14:59:35');

-- Dumping structure for table grading_system.tbl_grades
CREATE TABLE IF NOT EXISTS `tbl_grades` (
  `id` int NOT NULL AUTO_INCREMENT,
  `enroll_id` int DEFAULT NULL,
  `teacher_id` int DEFAULT NULL,
  `grading_period` varchar(20) DEFAULT NULL COMMENT 'Q1, Q2, Q3, Q4',
  `ww_total` decimal(5,2) DEFAULT NULL COMMENT 'Written Works total score',
  `pt_total` decimal(5,2) DEFAULT NULL COMMENT 'Performance Task total score',
  `qa_score` decimal(5,2) DEFAULT NULL COMMENT 'Quarterly Assessment score',
  `ww_ps` decimal(5,2) DEFAULT NULL COMMENT 'Written Works Percentage Score',
  `pt_ps` decimal(5,2) DEFAULT NULL COMMENT 'Performance Task Percentage Score',
  `qa_ps` decimal(5,2) DEFAULT NULL COMMENT 'Quarterly Assessment Percentage Score',
  `ww_ws` decimal(5,2) DEFAULT NULL COMMENT 'Written Works Weighted Score',
  `pt_ws` decimal(5,2) DEFAULT NULL COMMENT 'Performance Task Weighted Score',
  `qa_ws` decimal(5,2) DEFAULT NULL COMMENT 'Quarterly Assessment Weighted Score',
  `initial_grade` decimal(5,2) DEFAULT NULL COMMENT 'Sum of weighted scores before transmutation',
  `period_grade` decimal(5,2) DEFAULT NULL COMMENT 'Final transmuted grade for the period',
  `term_id` int DEFAULT NULL,
  `status` enum('pending','draft','submitted','approved','finalized') DEFAULT 'pending' COMMENT 'Grade workflow status',
  `is_direct_input` tinyint(1) DEFAULT '0',
  `submitted_at` datetime DEFAULT NULL COMMENT 'When grade was submitted for review',
  `approved_by` int DEFAULT NULL COMMENT 'Admin who approved the grade',
  `approved_at` datetime DEFAULT NULL COMMENT 'When grade was approved',
  `finalized_at` datetime DEFAULT NULL COMMENT 'When grade became official',
  `remarks` text COMMENT 'Optional remarks or notes',
  `created_at` datetime DEFAULT CURRENT_TIMESTAMP,
  `updated_at` datetime DEFAULT CURRENT_TIMESTAMP ON UPDATE CURRENT_TIMESTAMP,
  PRIMARY KEY (`id`),
  UNIQUE KEY `unique_grade_entry` (`enroll_id`,`term_id`,`grading_period`),
  KEY `enroll_id` (`enroll_id`),
  KEY `teacher_id` (`teacher_id`),
  KEY `term_id` (`term_id`),
  KEY `approved_by` (`approved_by`),
  KEY `idx_status` (`status`),
  KEY `idx_grading_period` (`grading_period`),
  CONSTRAINT `tbl_grades_ibfk_1` FOREIGN KEY (`enroll_id`) REFERENCES `tbl_enroll` (`id`),
  CONSTRAINT `tbl_grades_ibfk_2` FOREIGN KEY (`teacher_id`) REFERENCES `tbl_teacher` (`id`),
  CONSTRAINT `tbl_grades_ibfk_3` FOREIGN KEY (`term_id`) REFERENCES `tbl_term` (`id`),
  CONSTRAINT `tbl_grades_ibfk_4` FOREIGN KEY (`approved_by`) REFERENCES `tbl_admin` (`id`)
) ENGINE=InnoDB AUTO_INCREMENT=1405 DEFAULT CHARSET=utf8mb4 COLLATE=utf8mb4_0900_ai_ci;

-- Dumping data for table grading_system.tbl_grades: ~1,120 rows (approximately)
REPLACE INTO `tbl_grades` (`id`, `enroll_id`, `teacher_id`, `grading_period`, `ww_total`, `pt_total`, `qa_score`, `ww_ps`, `pt_ps`, `qa_ps`, `ww_ws`, `pt_ws`, `qa_ws`, `initial_grade`, `period_grade`, `term_id`, `status`, `is_direct_input`, `submitted_at`, `approved_by`, `approved_at`, `finalized_at`, `remarks`, `created_at`, `updated_at`) VALUES
	(1, 281, 3, 'Q1', NULL, NULL, NULL, NULL, NULL, NULL, NULL, NULL, NULL, 77.00, 77.00, 13, 'approved', 1, '2026-03-07 15:32:48', 22, '2026-03-07 16:23:01', '2026-03-07 16:23:01', NULL, '2026-03-07 15:28:01', '2026-03-07 16:23:01'),
	(2, 281, 3, 'Q2', NULL, NULL, NULL, 86.48, 73.63, 84.99, 25.94, 36.82, 17.00, 79.76, 80.00, 13, 'approved', 0, '2026-03-07 15:28:01', NULL, NULL, NULL, NULL, '2026-03-07 15:28:01', '2026-03-07 15:28:01'),
	(3, 281, 3, 'Q3', NULL, NULL, NULL, 92.73, 89.62, 93.29, 27.82, 44.81, 18.66, 91.29, 91.00, 14, 'approved', 0, '2026-03-07 15:28:01', NULL, NULL, NULL, NULL, '2026-03-07 15:28:01', '2026-03-07 15:28:01'),
	(4, 281, 3, 'Q4', NULL, NULL, NULL, 83.58, 73.24, 77.29, 25.07, 36.62, 15.46, 77.15, 77.00, 14, 'approved', 0, '2026-03-07 15:28:01', NULL, NULL, NULL, NULL, '2026-03-07 15:28:01', '2026-03-07 15:28:01'),
	(5, 282, 3, 'Q1', NULL, NULL, NULL, NULL, NULL, NULL, NULL, NULL, NULL, 79.00, 79.00, 13, 'approved', 1, '2026-03-07 15:32:48', 22, '2026-03-07 16:23:01', '2026-03-07 16:23:01', NULL, '2026-03-07 15:28:01', '2026-03-07 16:23:01'),
	(6, 282, 3, 'Q2', NULL, NULL, NULL, 84.18, 92.85, 66.25, 25.25, 46.43, 13.25, 84.93, 85.00, 13, 'approved', 0, '2026-03-07 15:28:01', NULL, NULL, NULL, NULL, '2026-03-07 15:28:01', '2026-03-07 15:28:01'),
	(7, 282, 3, 'Q3', NULL, NULL, NULL, 76.85, 65.65, 92.01, 23.06, 32.83, 18.40, 74.29, 74.00, 14, 'approved', 0, '2026-03-07 15:28:01', NULL, NULL, NULL, NULL, '2026-03-07 15:28:01', '2026-03-07 15:28:01'),
	(8, 282, 3, 'Q4', NULL, NULL, NULL, 93.33, 87.63, 80.62, 28.00, 43.82, 16.12, 87.94, 88.00, 14, 'approved', 0, '2026-03-07 15:28:01', NULL, NULL, NULL, NULL, '2026-03-07 15:28:01', '2026-03-07 15:28:01'),
	(9, 283, 3, 'Q1', NULL, NULL, NULL, NULL, NULL, NULL, NULL, NULL, NULL, 76.00, 76.00, 13, 'approved', 1, '2026-03-07 15:32:48', 22, '2026-03-07 16:23:02', '2026-03-07 16:23:02', NULL, '2026-03-07 15:28:01', '2026-03-07 16:23:02'),
	(10, 283, 3, 'Q2', NULL, NULL, NULL, 61.49, 90.27, 69.23, 18.45, 45.14, 13.85, 77.44, 77.00, 13, 'approved', 0, '2026-03-07 15:28:01', NULL, NULL, NULL, NULL, '2026-03-07 15:28:01', '2026-03-07 15:28:01'),
	(11, 283, 3, 'Q3', NULL, NULL, NULL, 85.49, 86.88, 86.32, 25.65, 43.44, 17.26, 86.35, 86.00, 14, 'approved', 0, '2026-03-07 15:28:01', NULL, NULL, NULL, NULL, '2026-03-07 15:28:01', '2026-03-07 15:28:01'),
	(12, 283, 3, 'Q4', NULL, NULL, NULL, 98.31, 81.97, 63.40, 29.49, 40.99, 12.68, 83.16, 83.00, 14, 'approved', 0, '2026-03-07 15:28:01', NULL, NULL, NULL, NULL, '2026-03-07 15:28:01', '2026-03-07 15:28:01'),
	(13, 284, 3, 'Q1', NULL, NULL, NULL, NULL, NULL, NULL, NULL, NULL, NULL, 90.00, 90.00, 13, 'approved', 1, '2026-03-07 15:32:48', 22, '2026-03-07 16:23:01', '2026-03-07 16:23:01', NULL, '2026-03-07 15:28:01', '2026-03-07 16:23:01'),
	(14, 284, 3, 'Q2', NULL, NULL, NULL, 72.51, 96.36, 82.10, 21.75, 48.18, 16.42, 86.35, 86.00, 13, 'approved', 0, '2026-03-07 15:28:01', NULL, NULL, NULL, NULL, '2026-03-07 15:28:01', '2026-03-07 15:28:01'),
	(15, 284, 3, 'Q3', NULL, NULL, NULL, 98.15, 88.57, 74.78, 29.45, 44.29, 14.96, 88.70, 89.00, 14, 'approved', 0, '2026-03-07 15:28:01', NULL, NULL, NULL, NULL, '2026-03-07 15:28:01', '2026-03-07 15:28:01'),
	(16, 284, 3, 'Q4', NULL, NULL, NULL, 95.48, 72.17, 74.16, 28.64, 36.09, 14.83, 79.56, 80.00, 14, 'approved', 0, '2026-03-07 15:28:01', NULL, NULL, NULL, NULL, '2026-03-07 15:28:01', '2026-03-07 15:28:01'),
	(17, 285, 3, 'Q1', NULL, NULL, NULL, NULL, NULL, NULL, NULL, NULL, NULL, 78.00, 78.00, 13, 'approved', 1, '2026-03-07 15:32:48', 22, '2026-03-07 16:23:02', '2026-03-07 16:23:02', NULL, '2026-03-07 15:28:01', '2026-03-07 16:23:02'),
	(18, 285, 3, 'Q2', NULL, NULL, NULL, 76.97, 85.04, 69.54, 23.09, 42.52, 13.91, 79.52, 80.00, 13, 'approved', 0, '2026-03-07 15:28:01', NULL, NULL, NULL, NULL, '2026-03-07 15:28:01', '2026-03-07 15:28:01'),
	(19, 285, 3, 'Q3', NULL, NULL, NULL, 90.60, 62.28, 76.09, 27.18, 31.14, 15.22, 73.54, 74.00, 14, 'approved', 0, '2026-03-07 15:28:01', NULL, NULL, NULL, NULL, '2026-03-07 15:28:01', '2026-03-07 15:28:01'),
	(20, 285, 3, 'Q4', NULL, NULL, NULL, 66.23, 69.33, 98.05, 19.87, 34.67, 19.61, 74.15, 74.00, 14, 'approved', 0, '2026-03-07 15:28:01', NULL, NULL, NULL, NULL, '2026-03-07 15:28:01', '2026-03-07 15:28:01'),
	(21, 286, 3, 'Q1', NULL, NULL, NULL, NULL, NULL, NULL, NULL, NULL, NULL, 97.00, 97.00, 13, 'approved', 1, '2026-03-07 15:32:48', 22, '2026-03-07 16:23:01', '2026-03-07 16:23:01', NULL, '2026-03-07 15:28:01', '2026-03-07 16:23:01'),
	(22, 286, 3, 'Q2', NULL, NULL, NULL, 68.75, 70.03, 75.17, 27.50, 28.01, 15.03, 70.54, 71.00, 13, 'approved', 0, '2026-03-07 15:28:01', NULL, NULL, NULL, NULL, '2026-03-07 15:28:01', '2026-03-07 15:28:01'),
	(23, 286, 3, 'Q3', NULL, NULL, NULL, 95.37, 76.48, 91.47, 38.15, 30.59, 18.29, 87.03, 87.00, 14, 'approved', 0, '2026-03-07 15:28:01', NULL, NULL, NULL, NULL, '2026-03-07 15:28:01', '2026-03-07 15:28:01'),
	(24, 286, 3, 'Q4', NULL, NULL, NULL, 78.19, 60.29, 61.20, 31.28, 24.12, 12.24, 67.64, 68.00, 14, 'approved', 0, '2026-03-07 15:28:01', NULL, NULL, NULL, NULL, '2026-03-07 15:28:01', '2026-03-07 15:28:01'),
	(25, 287, 3, 'Q1', NULL, NULL, NULL, NULL, NULL, NULL, NULL, NULL, NULL, 79.00, 79.00, 13, 'approved', 1, '2026-03-07 15:32:48', 22, '2026-03-07 16:23:01', '2026-03-07 16:23:01', NULL, '2026-03-07 15:28:01', '2026-03-07 16:23:01'),
	(26, 287, 3, 'Q2', NULL, NULL, NULL, 95.21, 94.17, 73.62, 38.08, 37.67, 14.72, 90.47, 90.00, 13, 'approved', 0, '2026-03-07 15:28:01', NULL, NULL, NULL, NULL, '2026-03-07 15:28:01', '2026-03-07 15:28:01'),
	(27, 287, 3, 'Q3', NULL, NULL, NULL, 81.40, 65.06, 79.73, 32.56, 26.02, 15.95, 74.53, 75.00, 14, 'approved', 0, '2026-03-07 15:28:01', NULL, NULL, NULL, NULL, '2026-03-07 15:28:01', '2026-03-07 15:28:01'),
	(28, 287, 3, 'Q4', NULL, NULL, NULL, 89.83, 98.31, 83.23, 35.93, 39.32, 16.65, 91.90, 92.00, 14, 'approved', 0, '2026-03-07 15:28:01', NULL, NULL, NULL, NULL, '2026-03-07 15:28:01', '2026-03-07 15:28:01'),
	(29, 288, 3, 'Q1', NULL, NULL, NULL, NULL, NULL, NULL, NULL, NULL, NULL, 75.00, 75.00, 13, 'approved', 1, '2026-03-07 15:32:48', 22, '2026-03-07 16:23:02', '2026-03-07 16:23:02', NULL, '2026-03-07 15:28:01', '2026-03-07 16:23:02'),
	(30, 288, 3, 'Q2', NULL, NULL, NULL, 75.91, 62.07, 73.49, 30.36, 24.83, 14.70, 69.89, 70.00, 13, 'approved', 0, '2026-03-07 15:28:01', NULL, NULL, NULL, NULL, '2026-03-07 15:28:01', '2026-03-07 15:28:01'),
	(31, 288, 3, 'Q3', NULL, NULL, NULL, 65.78, 97.34, 98.06, 26.31, 38.94, 19.61, 84.86, 85.00, 14, 'approved', 0, '2026-03-07 15:28:01', NULL, NULL, NULL, NULL, '2026-03-07 15:28:01', '2026-03-07 15:28:01'),
	(32, 288, 3, 'Q4', NULL, NULL, NULL, 95.90, 84.63, 60.52, 38.36, 33.85, 12.10, 84.31, 84.00, 14, 'approved', 0, '2026-03-07 15:28:01', NULL, NULL, NULL, NULL, '2026-03-07 15:28:01', '2026-03-07 15:28:01'),
	(33, 289, 3, 'Q1', NULL, NULL, NULL, NULL, NULL, NULL, NULL, NULL, NULL, 85.00, 85.00, 13, 'approved', 1, '2026-03-07 15:32:48', 22, '2026-03-07 16:23:02', '2026-03-07 16:23:02', NULL, '2026-03-07 15:28:01', '2026-03-07 16:23:02'),
	(34, 289, 3, 'Q2', NULL, NULL, NULL, 60.67, 87.14, 65.32, 24.27, 34.86, 13.06, 72.19, 72.00, 13, 'approved', 0, '2026-03-07 15:28:01', NULL, NULL, NULL, NULL, '2026-03-07 15:28:01', '2026-03-07 15:28:01'),
	(35, 289, 3, 'Q3', NULL, NULL, NULL, 74.75, 79.09, 72.92, 29.90, 31.64, 14.58, 76.12, 76.00, 14, 'approved', 0, '2026-03-07 15:28:01', NULL, NULL, NULL, NULL, '2026-03-07 15:28:01', '2026-03-07 15:28:01'),
	(36, 289, 3, 'Q4', NULL, NULL, NULL, 87.63, 87.91, 76.30, 35.05, 35.16, 15.26, 85.47, 85.00, 14, 'approved', 0, '2026-03-07 15:28:01', NULL, NULL, NULL, NULL, '2026-03-07 15:28:01', '2026-03-07 15:28:01'),
	(37, 290, 3, 'Q1', NULL, NULL, NULL, NULL, NULL, NULL, NULL, NULL, NULL, 91.00, 91.00, 13, 'approved', 1, '2026-03-07 15:32:48', 22, '2026-03-07 16:23:02', '2026-03-07 16:23:02', NULL, '2026-03-07 15:28:01', '2026-03-07 16:23:02'),
	(38, 290, 3, 'Q2', NULL, NULL, NULL, 67.01, 61.67, 77.18, 26.80, 24.67, 15.44, 66.91, 67.00, 13, 'approved', 0, '2026-03-07 15:28:01', NULL, NULL, NULL, NULL, '2026-03-07 15:28:01', '2026-03-07 15:28:01'),
	(39, 290, 3, 'Q3', NULL, NULL, NULL, 76.34, 93.69, 72.02, 30.54, 37.48, 14.40, 82.42, 82.00, 14, 'approved', 0, '2026-03-07 15:28:01', NULL, NULL, NULL, NULL, '2026-03-07 15:28:01', '2026-03-07 15:28:01'),
	(40, 290, 3, 'Q4', NULL, NULL, NULL, 81.19, 63.12, 78.22, 32.48, 25.25, 15.64, 73.37, 73.00, 14, 'approved', 0, '2026-03-07 15:28:01', NULL, NULL, NULL, NULL, '2026-03-07 15:28:01', '2026-03-07 15:28:01'),
	(41, 291, 5, 'Q1', NULL, NULL, NULL, NULL, NULL, NULL, NULL, NULL, NULL, 88.00, 88.00, 13, 'approved', 1, '2026-03-07 15:32:48', 22, '2026-03-07 16:23:01', '2026-03-07 16:23:01', NULL, '2026-03-07 15:28:01', '2026-03-07 16:23:01'),
	(42, 291, 5, 'Q2', NULL, NULL, NULL, 92.22, 94.57, 74.31, 27.67, 47.29, 14.86, 89.82, 90.00, 13, 'approved', 0, '2026-03-07 15:28:01', NULL, NULL, NULL, NULL, '2026-03-07 15:28:01', '2026-03-07 15:28:01'),
	(43, 291, 5, 'Q3', NULL, NULL, NULL, 91.29, 69.05, 90.96, 27.39, 34.53, 18.19, 80.11, 80.00, 14, 'approved', 0, '2026-03-07 15:28:01', NULL, NULL, NULL, NULL, '2026-03-07 15:28:01', '2026-03-07 15:28:01'),
	(44, 291, 5, 'Q4', NULL, NULL, NULL, 96.32, 78.96, 84.88, 28.90, 39.48, 16.98, 85.36, 85.00, 14, 'approved', 0, '2026-03-07 15:28:01', NULL, NULL, NULL, NULL, '2026-03-07 15:28:01', '2026-03-07 15:28:01'),
	(45, 292, 5, 'Q1', NULL, NULL, NULL, NULL, NULL, NULL, NULL, NULL, NULL, 79.00, 79.00, 13, 'approved', 1, '2026-03-07 15:32:48', 22, '2026-03-07 16:23:01', '2026-03-07 16:23:01', NULL, '2026-03-07 15:28:01', '2026-03-07 16:23:01'),
	(46, 292, 5, 'Q2', NULL, NULL, NULL, 71.01, 98.67, 94.38, 21.30, 49.34, 18.88, 89.52, 90.00, 13, 'approved', 0, '2026-03-07 15:28:01', NULL, NULL, NULL, NULL, '2026-03-07 15:28:01', '2026-03-07 15:28:01'),
	(47, 292, 5, 'Q3', NULL, NULL, NULL, 94.08, 81.23, 98.97, 28.22, 40.62, 19.79, 88.63, 89.00, 14, 'approved', 0, '2026-03-07 15:28:01', NULL, NULL, NULL, NULL, '2026-03-07 15:28:01', '2026-03-07 15:28:01'),
	(48, 292, 5, 'Q4', NULL, NULL, NULL, 83.12, 79.31, 68.54, 24.94, 39.66, 13.71, 78.31, 78.00, 14, 'approved', 0, '2026-03-07 15:28:01', NULL, NULL, NULL, NULL, '2026-03-07 15:28:01', '2026-03-07 15:28:01'),
	(49, 293, 5, 'Q1', NULL, NULL, NULL, NULL, NULL, NULL, NULL, NULL, NULL, 90.00, 90.00, 13, 'approved', 1, '2026-03-07 15:32:48', 22, '2026-03-07 16:23:02', '2026-03-07 16:23:02', NULL, '2026-03-07 15:28:01', '2026-03-07 16:23:02'),
	(50, 293, 5, 'Q2', NULL, NULL, NULL, 91.06, 71.13, 98.57, 27.32, 35.57, 19.71, 82.60, 83.00, 13, 'approved', 0, '2026-03-07 15:28:01', NULL, NULL, NULL, NULL, '2026-03-07 15:28:01', '2026-03-07 15:28:01'),
	(51, 293, 5, 'Q3', NULL, NULL, NULL, 69.85, 90.35, 62.79, 20.96, 45.18, 12.56, 78.70, 79.00, 14, 'approved', 0, '2026-03-07 15:28:01', NULL, NULL, NULL, NULL, '2026-03-07 15:28:01', '2026-03-07 15:28:01'),
	(52, 293, 5, 'Q4', NULL, NULL, NULL, 68.09, 78.94, 71.88, 20.43, 39.47, 14.38, 74.28, 74.00, 14, 'approved', 0, '2026-03-07 15:28:01', NULL, NULL, NULL, NULL, '2026-03-07 15:28:01', '2026-03-07 15:28:01'),
	(53, 294, 5, 'Q1', NULL, NULL, NULL, NULL, NULL, NULL, NULL, NULL, NULL, 79.00, 79.00, 13, 'approved', 1, '2026-03-07 15:32:48', 22, '2026-03-07 16:23:01', '2026-03-07 16:23:01', NULL, '2026-03-07 15:28:01', '2026-03-07 16:23:01'),
	(54, 294, 5, 'Q2', NULL, NULL, NULL, 77.85, 72.32, 80.89, 23.36, 36.16, 16.18, 75.70, 76.00, 13, 'approved', 0, '2026-03-07 15:28:01', NULL, NULL, NULL, NULL, '2026-03-07 15:28:01', '2026-03-07 15:28:01'),
	(55, 294, 5, 'Q3', NULL, NULL, NULL, 76.18, 83.14, 74.19, 22.85, 41.57, 14.84, 79.26, 79.00, 14, 'approved', 0, '2026-03-07 15:28:01', NULL, NULL, NULL, NULL, '2026-03-07 15:28:01', '2026-03-07 15:28:01'),
	(56, 294, 5, 'Q4', NULL, NULL, NULL, 79.78, 84.46, 89.99, 23.93, 42.23, 18.00, 84.16, 84.00, 14, 'approved', 0, '2026-03-07 15:28:01', NULL, NULL, NULL, NULL, '2026-03-07 15:28:01', '2026-03-07 15:28:01'),
	(57, 295, 5, 'Q1', NULL, NULL, NULL, NULL, NULL, NULL, NULL, NULL, NULL, 80.00, 80.00, 13, 'approved', 1, '2026-03-07 15:32:48', 22, '2026-03-07 16:23:02', '2026-03-07 16:23:02', NULL, '2026-03-07 15:28:01', '2026-03-07 16:23:02'),
	(58, 295, 5, 'Q2', NULL, NULL, NULL, 75.07, 98.79, 64.49, 22.52, 49.40, 12.90, 84.82, 85.00, 13, 'approved', 0, '2026-03-07 15:28:01', NULL, NULL, NULL, NULL, '2026-03-07 15:28:01', '2026-03-07 15:28:01'),
	(59, 295, 5, 'Q3', NULL, NULL, NULL, 76.79, 89.30, 83.70, 23.04, 44.65, 16.74, 84.43, 84.00, 14, 'approved', 0, '2026-03-07 15:28:01', NULL, NULL, NULL, NULL, '2026-03-07 15:28:01', '2026-03-07 15:28:01'),
	(60, 295, 5, 'Q4', NULL, NULL, NULL, 82.70, 75.06, 84.75, 24.81, 37.53, 16.95, 79.29, 79.00, 14, 'approved', 0, '2026-03-07 15:28:01', NULL, NULL, NULL, NULL, '2026-03-07 15:28:01', '2026-03-07 15:28:01'),
	(61, 296, 5, 'Q1', NULL, NULL, NULL, NULL, NULL, NULL, NULL, NULL, NULL, 83.00, 83.00, 13, 'approved', 1, '2026-03-07 15:32:48', 22, '2026-03-07 16:23:01', '2026-03-07 16:23:01', NULL, '2026-03-07 15:28:01', '2026-03-07 16:23:01'),
	(62, 296, 5, 'Q2', NULL, NULL, NULL, 97.12, 66.78, 81.68, 38.85, 26.71, 16.34, 81.90, 82.00, 13, 'approved', 0, '2026-03-07 15:28:01', NULL, NULL, NULL, NULL, '2026-03-07 15:28:01', '2026-03-07 15:28:01'),
	(63, 296, 5, 'Q3', NULL, NULL, NULL, 76.51, 81.15, 97.41, 30.60, 32.46, 19.48, 82.54, 83.00, 14, 'approved', 0, '2026-03-07 15:28:01', NULL, NULL, NULL, NULL, '2026-03-07 15:28:01', '2026-03-07 15:28:01'),
	(64, 296, 5, 'Q4', NULL, NULL, NULL, 87.84, 88.98, 79.82, 35.14, 35.59, 15.96, 86.69, 87.00, 14, 'approved', 0, '2026-03-07 15:28:01', NULL, NULL, NULL, NULL, '2026-03-07 15:28:01', '2026-03-07 15:28:01'),
	(65, 297, 5, 'Q1', NULL, NULL, NULL, NULL, NULL, NULL, NULL, NULL, NULL, 91.00, 91.00, 13, 'approved', 1, '2026-03-07 15:32:48', 22, '2026-03-07 16:23:01', '2026-03-07 16:23:01', NULL, '2026-03-07 15:28:01', '2026-03-07 16:23:01'),
	(66, 297, 5, 'Q2', NULL, NULL, NULL, 75.65, 66.44, 85.21, 30.26, 26.58, 17.04, 73.88, 74.00, 13, 'approved', 0, '2026-03-07 15:28:01', NULL, NULL, NULL, NULL, '2026-03-07 15:28:01', '2026-03-07 15:28:01'),
	(67, 297, 5, 'Q3', NULL, NULL, NULL, 78.86, 71.80, 90.02, 31.54, 28.72, 18.00, 78.26, 78.00, 14, 'approved', 0, '2026-03-07 15:28:01', NULL, NULL, NULL, NULL, '2026-03-07 15:28:01', '2026-03-07 15:28:01'),
	(68, 297, 5, 'Q4', NULL, NULL, NULL, 88.16, 63.53, 86.94, 35.26, 25.41, 17.39, 78.06, 78.00, 14, 'approved', 0, '2026-03-07 15:28:01', NULL, NULL, NULL, NULL, '2026-03-07 15:28:01', '2026-03-07 15:28:01'),
	(69, 298, 5, 'Q1', NULL, NULL, NULL, NULL, NULL, NULL, NULL, NULL, NULL, 84.00, 84.00, 13, 'approved', 1, '2026-03-07 15:32:48', 22, '2026-03-07 16:23:02', '2026-03-07 16:23:02', NULL, '2026-03-07 15:28:01', '2026-03-07 16:23:02'),
	(70, 298, 5, 'Q2', NULL, NULL, NULL, 63.16, 94.69, 90.31, 25.26, 37.88, 18.06, 81.20, 81.00, 13, 'approved', 0, '2026-03-07 15:28:01', NULL, NULL, NULL, NULL, '2026-03-07 15:28:01', '2026-03-07 15:28:01'),
	(71, 298, 5, 'Q3', NULL, NULL, NULL, 79.15, 60.81, 78.28, 31.66, 24.32, 15.66, 71.64, 72.00, 14, 'approved', 0, '2026-03-07 15:28:01', NULL, NULL, NULL, NULL, '2026-03-07 15:28:01', '2026-03-07 15:28:01'),
	(72, 298, 5, 'Q4', NULL, NULL, NULL, 70.55, 84.75, 79.84, 28.22, 33.90, 15.97, 78.09, 78.00, 14, 'approved', 0, '2026-03-07 15:28:01', NULL, NULL, NULL, NULL, '2026-03-07 15:28:01', '2026-03-07 15:28:01'),
	(73, 299, 5, 'Q1', NULL, NULL, NULL, NULL, NULL, NULL, NULL, NULL, NULL, 98.00, 98.00, 13, 'approved', 1, '2026-03-07 15:32:48', 22, '2026-03-07 16:23:02', '2026-03-07 16:23:02', NULL, '2026-03-07 15:28:01', '2026-03-07 16:23:02'),
	(74, 299, 5, 'Q2', NULL, NULL, NULL, 90.54, 69.70, 68.38, 36.22, 27.88, 13.68, 77.78, 78.00, 13, 'approved', 0, '2026-03-07 15:28:01', NULL, NULL, NULL, NULL, '2026-03-07 15:28:01', '2026-03-07 15:28:01'),
	(75, 299, 5, 'Q3', NULL, NULL, NULL, 77.28, 73.58, 78.75, 30.91, 29.43, 15.75, 76.09, 76.00, 14, 'approved', 0, '2026-03-07 15:28:01', NULL, NULL, NULL, NULL, '2026-03-07 15:28:01', '2026-03-07 15:28:01'),
	(76, 299, 5, 'Q4', NULL, NULL, NULL, 97.72, 83.91, 83.37, 39.09, 33.56, 16.67, 89.32, 89.00, 14, 'approved', 0, '2026-03-07 15:28:01', NULL, NULL, NULL, NULL, '2026-03-07 15:28:01', '2026-03-07 15:28:01'),
	(77, 300, 5, 'Q1', NULL, NULL, NULL, NULL, NULL, NULL, NULL, NULL, NULL, 84.00, 84.00, 13, 'approved', 1, '2026-03-07 15:32:48', 22, '2026-03-07 16:23:02', '2026-03-07 16:23:02', NULL, '2026-03-07 15:28:01', '2026-03-07 16:23:02'),
	(78, 300, 5, 'Q2', NULL, NULL, NULL, 91.85, 87.66, 90.92, 36.74, 35.06, 18.18, 89.98, 90.00, 13, 'approved', 0, '2026-03-07 15:28:01', NULL, NULL, NULL, NULL, '2026-03-07 15:28:01', '2026-03-07 15:28:01'),
	(79, 300, 5, 'Q3', NULL, NULL, NULL, 88.81, 66.44, 64.76, 35.52, 26.58, 12.95, 75.05, 75.00, 14, 'approved', 0, '2026-03-07 15:28:01', NULL, NULL, NULL, NULL, '2026-03-07 15:28:01', '2026-03-07 15:28:01'),
	(80, 300, 5, 'Q4', NULL, NULL, NULL, 75.69, 88.27, 90.79, 30.28, 35.31, 18.16, 83.75, 84.00, 14, 'approved', 0, '2026-03-07 15:28:01', NULL, NULL, NULL, NULL, '2026-03-07 15:28:01', '2026-03-07 15:28:01'),
	(81, 301, 5, 'Q1', NULL, NULL, NULL, NULL, NULL, NULL, NULL, NULL, NULL, 75.00, 75.00, 13, 'approved', 1, '2026-03-07 15:32:48', 22, '2026-03-07 16:23:01', '2026-03-07 16:23:01', NULL, '2026-03-07 15:28:01', '2026-03-07 16:23:01'),
	(82, 301, 5, 'Q2', NULL, NULL, NULL, 78.04, 84.90, 79.11, 23.41, 42.45, 15.82, 81.68, 82.00, 13, 'approved', 0, '2026-03-07 15:28:01', NULL, NULL, NULL, NULL, '2026-03-07 15:28:01', '2026-03-07 15:28:01'),
	(83, 301, 5, 'Q3', NULL, NULL, NULL, 66.91, 69.30, 92.05, 20.07, 34.65, 18.41, 73.13, 73.00, 14, 'approved', 0, '2026-03-07 15:28:01', NULL, NULL, NULL, NULL, '2026-03-07 15:28:01', '2026-03-07 15:28:01'),
	(84, 301, 5, 'Q4', NULL, NULL, NULL, 92.49, 91.46, 65.43, 27.75, 45.73, 13.09, 86.57, 87.00, 14, 'approved', 0, '2026-03-07 15:28:01', NULL, NULL, NULL, NULL, '2026-03-07 15:28:01', '2026-03-07 15:28:01'),
	(85, 302, 5, 'Q1', NULL, NULL, NULL, NULL, NULL, NULL, NULL, NULL, NULL, 94.00, 94.00, 13, 'approved', 1, '2026-03-07 15:32:48', 22, '2026-03-07 16:23:01', '2026-03-07 16:23:01', NULL, '2026-03-07 15:28:01', '2026-03-07 16:23:01'),
	(86, 302, 5, 'Q2', NULL, NULL, NULL, 81.87, 78.31, 86.83, 24.56, 39.16, 17.37, 81.09, 81.00, 13, 'approved', 0, '2026-03-07 15:28:01', NULL, NULL, NULL, NULL, '2026-03-07 15:28:01', '2026-03-07 15:28:01'),
	(87, 302, 5, 'Q3', NULL, NULL, NULL, 87.91, 82.62, 75.88, 26.37, 41.31, 15.18, 82.86, 83.00, 14, 'approved', 0, '2026-03-07 15:28:01', NULL, NULL, NULL, NULL, '2026-03-07 15:28:01', '2026-03-07 15:28:01'),
	(88, 302, 5, 'Q4', NULL, NULL, NULL, 61.12, 81.83, 78.73, 18.34, 40.92, 15.75, 75.01, 75.00, 14, 'approved', 0, '2026-03-07 15:28:01', NULL, NULL, NULL, NULL, '2026-03-07 15:28:01', '2026-03-07 15:28:01'),
	(89, 303, 5, 'Q1', NULL, NULL, NULL, NULL, NULL, NULL, NULL, NULL, NULL, 83.00, 83.00, 13, 'approved', 1, '2026-03-07 15:32:48', 22, '2026-03-07 16:23:02', '2026-03-07 16:23:02', NULL, '2026-03-07 15:28:01', '2026-03-07 16:23:02'),
	(90, 303, 5, 'Q2', NULL, NULL, NULL, 84.38, 71.14, 80.34, 25.31, 35.57, 16.07, 76.95, 77.00, 13, 'approved', 0, '2026-03-07 15:28:01', NULL, NULL, NULL, NULL, '2026-03-07 15:28:01', '2026-03-07 15:28:01'),
	(91, 303, 5, 'Q3', NULL, NULL, NULL, 75.92, 64.21, 70.79, 22.78, 32.11, 14.16, 69.05, 69.00, 14, 'approved', 0, '2026-03-07 15:28:01', NULL, NULL, NULL, NULL, '2026-03-07 15:28:01', '2026-03-07 15:28:01'),
	(92, 303, 5, 'Q4', NULL, NULL, NULL, 86.28, 79.99, 88.98, 25.88, 40.00, 17.80, 83.68, 84.00, 14, 'approved', 0, '2026-03-07 15:28:01', NULL, NULL, NULL, NULL, '2026-03-07 15:28:01', '2026-03-07 15:28:01'),
	(93, 304, 5, 'Q1', NULL, NULL, NULL, NULL, NULL, NULL, NULL, NULL, NULL, 76.00, 76.00, 13, 'approved', 1, '2026-03-07 15:32:48', 22, '2026-03-07 16:23:01', '2026-03-07 16:23:01', NULL, '2026-03-07 15:28:01', '2026-03-07 16:23:01'),
	(94, 304, 5, 'Q2', NULL, NULL, NULL, 89.42, 88.26, 68.97, 26.83, 44.13, 13.79, 84.75, 85.00, 13, 'approved', 0, '2026-03-07 15:28:01', NULL, NULL, NULL, NULL, '2026-03-07 15:28:01', '2026-03-07 15:28:01'),
	(95, 304, 5, 'Q3', NULL, NULL, NULL, 80.09, 62.34, 66.17, 24.03, 31.17, 13.23, 68.43, 68.00, 14, 'approved', 0, '2026-03-07 15:28:01', NULL, NULL, NULL, NULL, '2026-03-07 15:28:01', '2026-03-07 15:28:01'),
	(96, 304, 5, 'Q4', NULL, NULL, NULL, 97.77, 96.04, 96.29, 29.33, 48.02, 19.26, 96.61, 97.00, 14, 'approved', 0, '2026-03-07 15:28:01', NULL, NULL, NULL, NULL, '2026-03-07 15:28:01', '2026-03-07 15:28:01'),
	(97, 305, 5, 'Q1', NULL, NULL, NULL, NULL, NULL, NULL, NULL, NULL, NULL, 93.00, 93.00, 13, 'approved', 1, '2026-03-07 15:32:48', 22, '2026-03-07 16:23:02', '2026-03-07 16:23:02', NULL, '2026-03-07 15:28:01', '2026-03-07 16:23:02'),
	(98, 305, 5, 'Q2', NULL, NULL, NULL, 88.23, 78.03, 70.50, 26.47, 39.02, 14.10, 79.59, 80.00, 13, 'approved', 0, '2026-03-07 15:28:01', NULL, NULL, NULL, NULL, '2026-03-07 15:28:01', '2026-03-07 15:28:01'),
	(99, 305, 5, 'Q3', NULL, NULL, NULL, 90.63, 73.83, 92.97, 27.19, 36.92, 18.59, 82.70, 83.00, 14, 'approved', 0, '2026-03-07 15:28:01', NULL, NULL, NULL, NULL, '2026-03-07 15:28:01', '2026-03-07 15:28:01'),
	(100, 305, 5, 'Q4', NULL, NULL, NULL, 88.43, 81.63, 68.21, 26.53, 40.82, 13.64, 80.99, 81.00, 14, 'approved', 0, '2026-03-07 15:28:01', NULL, NULL, NULL, NULL, '2026-03-07 15:28:01', '2026-03-07 15:28:01'),
	(101, 306, 5, 'Q1', NULL, NULL, NULL, NULL, NULL, NULL, NULL, NULL, NULL, 82.00, 82.00, 13, 'approved', 1, '2026-03-07 15:32:48', 22, '2026-03-07 16:23:01', '2026-03-07 16:23:01', NULL, '2026-03-07 15:28:01', '2026-03-07 16:23:01'),
	(102, 306, 5, 'Q2', NULL, NULL, NULL, 87.13, 63.10, 95.34, 26.14, 31.55, 19.07, 76.76, 77.00, 13, 'approved', 0, '2026-03-07 15:28:01', NULL, NULL, NULL, NULL, '2026-03-07 15:28:01', '2026-03-07 15:28:01'),
	(103, 306, 5, 'Q3', NULL, NULL, NULL, 73.30, 90.80, 66.96, 21.99, 45.40, 13.39, 80.78, 81.00, 14, 'approved', 0, '2026-03-07 15:28:01', NULL, NULL, NULL, NULL, '2026-03-07 15:28:01', '2026-03-07 15:28:01'),
	(104, 306, 5, 'Q4', NULL, NULL, NULL, 87.93, 95.01, 63.03, 26.38, 47.51, 12.61, 86.50, 87.00, 14, 'approved', 0, '2026-03-07 15:28:01', NULL, NULL, NULL, NULL, '2026-03-07 15:28:01', '2026-03-07 15:28:01'),
	(105, 307, 5, 'Q1', NULL, NULL, NULL, NULL, NULL, NULL, NULL, NULL, NULL, 97.00, 97.00, 13, 'approved', 1, '2026-03-07 15:32:48', 22, '2026-03-07 16:23:01', '2026-03-07 16:23:01', NULL, '2026-03-07 15:28:01', '2026-03-07 16:23:01'),
	(106, 307, 5, 'Q2', NULL, NULL, NULL, 91.81, 93.65, 79.49, 27.54, 46.83, 15.90, 90.27, 90.00, 13, 'approved', 0, '2026-03-07 15:28:01', NULL, NULL, NULL, NULL, '2026-03-07 15:28:01', '2026-03-07 15:28:01'),
	(107, 307, 5, 'Q3', NULL, NULL, NULL, 95.66, 73.67, 69.03, 28.70, 36.84, 13.81, 79.35, 79.00, 14, 'approved', 0, '2026-03-07 15:28:01', NULL, NULL, NULL, NULL, '2026-03-07 15:28:01', '2026-03-07 15:28:01'),
	(108, 307, 5, 'Q4', NULL, NULL, NULL, 82.27, 85.05, 73.35, 24.68, 42.53, 14.67, 81.88, 82.00, 14, 'approved', 0, '2026-03-07 15:28:01', NULL, NULL, NULL, NULL, '2026-03-07 15:28:01', '2026-03-07 15:28:01'),
	(109, 308, 5, 'Q1', NULL, NULL, NULL, NULL, NULL, NULL, NULL, NULL, NULL, 96.00, 96.00, 13, 'approved', 1, '2026-03-07 15:32:48', 22, '2026-03-07 16:23:02', '2026-03-07 16:23:02', NULL, '2026-03-07 15:28:01', '2026-03-07 16:23:02'),
	(110, 308, 5, 'Q2', NULL, NULL, NULL, 88.82, 78.30, 72.59, 26.65, 39.15, 14.52, 80.32, 80.00, 13, 'approved', 0, '2026-03-07 15:28:01', NULL, NULL, NULL, NULL, '2026-03-07 15:28:01', '2026-03-07 15:28:01'),
	(111, 308, 5, 'Q3', NULL, NULL, NULL, 67.29, 96.26, 88.31, 20.19, 48.13, 17.66, 85.98, 86.00, 14, 'approved', 0, '2026-03-07 15:28:01', NULL, NULL, NULL, NULL, '2026-03-07 15:28:01', '2026-03-07 15:28:01'),
	(112, 308, 5, 'Q4', NULL, NULL, NULL, 74.43, 60.59, 88.70, 22.33, 30.30, 17.74, 70.37, 70.00, 14, 'approved', 0, '2026-03-07 15:28:01', NULL, NULL, NULL, NULL, '2026-03-07 15:28:01', '2026-03-07 15:28:01'),
	(113, 309, 5, 'Q1', NULL, NULL, NULL, NULL, NULL, NULL, NULL, NULL, NULL, 85.00, 85.00, 13, 'approved', 1, '2026-03-07 15:32:48', 22, '2026-03-07 16:23:01', '2026-03-07 16:23:01', NULL, '2026-03-07 15:28:01', '2026-03-07 16:23:01'),
	(114, 309, 5, 'Q2', NULL, NULL, NULL, 61.45, 94.96, 65.29, 18.44, 47.48, 13.06, 78.98, 79.00, 13, 'approved', 0, '2026-03-07 15:28:01', NULL, NULL, NULL, NULL, '2026-03-07 15:28:01', '2026-03-07 15:28:01'),
	(115, 309, 5, 'Q3', NULL, NULL, NULL, 85.30, 61.64, 73.06, 25.59, 30.82, 14.61, 71.02, 71.00, 14, 'approved', 0, '2026-03-07 15:28:01', NULL, NULL, NULL, NULL, '2026-03-07 15:28:01', '2026-03-07 15:28:01'),
	(116, 309, 5, 'Q4', NULL, NULL, NULL, 65.37, 72.42, 64.87, 19.61, 36.21, 12.97, 68.79, 69.00, 14, 'approved', 0, '2026-03-07 15:28:01', NULL, NULL, NULL, NULL, '2026-03-07 15:28:01', '2026-03-07 15:28:01'),
	(117, 310, 5, 'Q1', NULL, NULL, NULL, NULL, NULL, NULL, NULL, NULL, NULL, 82.00, 82.00, 13, 'approved', 1, '2026-03-07 15:32:48', 22, '2026-03-07 16:23:02', '2026-03-07 16:23:02', NULL, '2026-03-07 15:28:01', '2026-03-07 16:23:02'),
	(118, 310, 5, 'Q2', NULL, NULL, NULL, 87.18, 91.57, 82.77, 26.15, 45.79, 16.55, 88.49, 88.00, 13, 'approved', 0, '2026-03-07 15:28:01', NULL, NULL, NULL, NULL, '2026-03-07 15:28:01', '2026-03-07 15:28:01'),
	(119, 310, 5, 'Q3', NULL, NULL, NULL, 61.46, 73.76, 87.34, 18.44, 36.88, 17.47, 72.79, 73.00, 14, 'approved', 0, '2026-03-07 15:28:01', NULL, NULL, NULL, NULL, '2026-03-07 15:28:01', '2026-03-07 15:28:01'),
	(120, 310, 5, 'Q4', NULL, NULL, NULL, 67.63, 90.41, 65.84, 20.29, 45.21, 13.17, 78.67, 79.00, 14, 'approved', 0, '2026-03-07 15:28:01', NULL, NULL, NULL, NULL, '2026-03-07 15:28:01', '2026-03-07 15:28:01'),
	(121, 311, 5, 'Q1', NULL, NULL, NULL, NULL, NULL, NULL, NULL, NULL, NULL, 93.00, 93.00, 13, 'approved', 1, '2026-03-07 15:32:48', 22, '2026-03-07 16:23:01', '2026-03-07 16:23:01', NULL, '2026-03-07 15:28:01', '2026-03-07 16:23:01'),
	(122, 311, 5, 'Q2', NULL, NULL, NULL, 88.76, 76.04, 77.48, 17.75, 45.62, 15.50, 78.87, 79.00, 13, 'approved', 0, '2026-03-07 15:28:01', NULL, NULL, NULL, NULL, '2026-03-07 15:28:01', '2026-03-07 15:28:01'),
	(123, 311, 5, 'Q3', NULL, NULL, NULL, 76.85, 77.28, 91.25, 15.37, 46.37, 18.25, 79.99, 80.00, 14, 'approved', 0, '2026-03-07 15:28:01', NULL, NULL, NULL, NULL, '2026-03-07 15:28:01', '2026-03-07 15:28:01'),
	(124, 311, 5, 'Q4', NULL, NULL, NULL, 71.32, 97.07, 88.00, 14.26, 58.24, 17.60, 90.10, 90.00, 14, 'approved', 0, '2026-03-07 15:28:01', NULL, NULL, NULL, NULL, '2026-03-07 15:28:01', '2026-03-07 15:28:01'),
	(125, 312, 5, 'Q1', NULL, NULL, NULL, NULL, NULL, NULL, NULL, NULL, NULL, 83.00, 83.00, 13, 'approved', 1, '2026-03-07 15:32:48', 22, '2026-03-07 16:23:01', '2026-03-07 16:23:01', NULL, '2026-03-07 15:28:01', '2026-03-07 16:23:01'),
	(126, 312, 5, 'Q2', NULL, NULL, NULL, 73.50, 95.36, 73.44, 14.70, 57.22, 14.69, 86.61, 87.00, 13, 'approved', 0, '2026-03-07 15:28:01', NULL, NULL, NULL, NULL, '2026-03-07 15:28:01', '2026-03-07 15:28:01'),
	(127, 312, 5, 'Q3', NULL, NULL, NULL, 73.91, 92.75, 78.67, 14.78, 55.65, 15.73, 86.16, 86.00, 14, 'approved', 0, '2026-03-07 15:28:01', NULL, NULL, NULL, NULL, '2026-03-07 15:28:01', '2026-03-07 15:28:01'),
	(128, 312, 5, 'Q4', NULL, NULL, NULL, 88.65, 64.28, 87.95, 17.73, 38.57, 17.59, 73.89, 74.00, 14, 'approved', 0, '2026-03-07 15:28:01', NULL, NULL, NULL, NULL, '2026-03-07 15:28:01', '2026-03-07 15:28:01'),
	(129, 313, 5, 'Q1', NULL, NULL, NULL, NULL, NULL, NULL, NULL, NULL, NULL, 78.00, 78.00, 13, 'approved', 1, '2026-03-07 15:32:48', 22, '2026-03-07 16:23:02', '2026-03-07 16:23:02', NULL, '2026-03-07 15:28:01', '2026-03-07 16:23:02'),
	(130, 313, 5, 'Q2', NULL, NULL, NULL, 88.96, 97.45, 77.05, 17.79, 58.47, 15.41, 91.67, 92.00, 13, 'approved', 0, '2026-03-07 15:28:01', NULL, NULL, NULL, NULL, '2026-03-07 15:28:01', '2026-03-07 15:28:01'),
	(131, 313, 5, 'Q3', NULL, NULL, NULL, 87.38, 87.89, 96.01, 17.48, 52.73, 19.20, 89.41, 89.00, 14, 'approved', 0, '2026-03-07 15:28:01', NULL, NULL, NULL, NULL, '2026-03-07 15:28:01', '2026-03-07 15:28:01'),
	(132, 313, 5, 'Q4', NULL, NULL, NULL, 95.27, 67.57, 61.95, 19.05, 40.54, 12.39, 71.98, 72.00, 14, 'approved', 0, '2026-03-07 15:28:01', NULL, NULL, NULL, NULL, '2026-03-07 15:28:01', '2026-03-07 15:28:01'),
	(133, 314, 5, 'Q1', NULL, NULL, NULL, NULL, NULL, NULL, NULL, NULL, NULL, 89.00, 89.00, 13, 'approved', 1, '2026-03-07 15:32:48', 22, '2026-03-07 16:23:01', '2026-03-07 16:23:01', NULL, '2026-03-07 15:28:01', '2026-03-07 16:23:01'),
	(134, 314, 5, 'Q2', NULL, NULL, NULL, 61.44, 76.51, 68.12, 12.29, 45.91, 13.62, 71.82, 72.00, 13, 'approved', 0, '2026-03-07 15:28:01', NULL, NULL, NULL, NULL, '2026-03-07 15:28:01', '2026-03-07 15:28:01'),
	(135, 314, 5, 'Q3', NULL, NULL, NULL, 98.59, 81.16, 97.35, 19.72, 48.70, 19.47, 87.89, 88.00, 14, 'approved', 0, '2026-03-07 15:28:01', NULL, NULL, NULL, NULL, '2026-03-07 15:28:01', '2026-03-07 15:28:01'),
	(136, 314, 5, 'Q4', NULL, NULL, NULL, 84.95, 94.66, 75.06, 16.99, 56.80, 15.01, 88.80, 89.00, 14, 'approved', 0, '2026-03-07 15:28:01', NULL, NULL, NULL, NULL, '2026-03-07 15:28:01', '2026-03-07 15:28:01'),
	(137, 315, 5, 'Q1', NULL, NULL, NULL, NULL, NULL, NULL, NULL, NULL, NULL, 91.00, 91.00, 13, 'approved', 1, '2026-03-07 15:32:48', 22, '2026-03-07 16:23:02', '2026-03-07 16:23:02', NULL, '2026-03-07 15:28:01', '2026-03-07 16:23:02'),
	(138, 315, 5, 'Q2', NULL, NULL, NULL, 66.71, 95.78, 61.14, 13.34, 57.47, 12.23, 83.04, 83.00, 13, 'approved', 0, '2026-03-07 15:28:01', NULL, NULL, NULL, NULL, '2026-03-07 15:28:01', '2026-03-07 15:28:01'),
	(139, 315, 5, 'Q3', NULL, NULL, NULL, 60.11, 98.58, 85.88, 12.02, 59.15, 17.18, 88.35, 88.00, 14, 'approved', 0, '2026-03-07 15:28:01', NULL, NULL, NULL, NULL, '2026-03-07 15:28:01', '2026-03-07 15:28:01'),
	(140, 315, 5, 'Q4', NULL, NULL, NULL, 92.71, 72.19, 96.58, 18.54, 43.31, 19.32, 81.17, 81.00, 14, 'approved', 0, '2026-03-07 15:28:01', NULL, NULL, NULL, NULL, '2026-03-07 15:28:01', '2026-03-07 15:28:01'),
	(141, 316, 5, 'Q1', NULL, NULL, NULL, NULL, NULL, NULL, NULL, NULL, NULL, 75.00, 75.00, 13, 'approved', 1, '2026-03-07 15:32:48', 22, '2026-03-07 16:23:01', '2026-03-07 16:23:01', NULL, '2026-03-07 15:28:01', '2026-03-07 16:23:01'),
	(142, 316, 5, 'Q2', NULL, NULL, NULL, 92.02, 93.92, 83.54, 18.40, 56.35, 16.71, 91.46, 91.00, 13, 'approved', 0, '2026-03-07 15:28:01', NULL, NULL, NULL, NULL, '2026-03-07 15:28:01', '2026-03-07 15:28:01'),
	(143, 316, 5, 'Q3', NULL, NULL, NULL, 77.53, 96.67, 90.68, 15.51, 58.00, 18.14, 91.65, 92.00, 14, 'approved', 0, '2026-03-07 15:28:01', NULL, NULL, NULL, NULL, '2026-03-07 15:28:01', '2026-03-07 15:28:01'),
	(144, 316, 5, 'Q4', NULL, NULL, NULL, 80.22, 93.15, 77.71, 16.04, 55.89, 15.54, 87.47, 87.00, 14, 'approved', 0, '2026-03-07 15:28:01', NULL, NULL, NULL, NULL, '2026-03-07 15:28:01', '2026-03-07 15:28:01'),
	(145, 317, 5, 'Q1', NULL, NULL, NULL, NULL, NULL, NULL, NULL, NULL, NULL, 79.00, 79.00, 13, 'approved', 1, '2026-03-07 15:32:48', 22, '2026-03-07 16:23:01', '2026-03-07 16:23:01', NULL, '2026-03-07 15:28:01', '2026-03-07 16:23:01'),
	(146, 317, 5, 'Q2', NULL, NULL, NULL, 67.68, 65.43, 82.73, 13.54, 39.26, 16.55, 69.35, 69.00, 13, 'approved', 0, '2026-03-07 15:28:01', NULL, NULL, NULL, NULL, '2026-03-07 15:28:01', '2026-03-07 15:28:01'),
	(147, 317, 5, 'Q3', NULL, NULL, NULL, 95.23, 61.30, 84.61, 19.05, 36.78, 16.92, 72.75, 73.00, 14, 'approved', 0, '2026-03-07 15:28:01', NULL, NULL, NULL, NULL, '2026-03-07 15:28:01', '2026-03-07 15:28:01'),
	(148, 317, 5, 'Q4', NULL, NULL, NULL, 80.03, 86.71, 74.83, 16.01, 52.03, 14.97, 83.01, 83.00, 14, 'approved', 0, '2026-03-07 15:28:01', NULL, NULL, NULL, NULL, '2026-03-07 15:28:01', '2026-03-07 15:28:01'),
	(149, 318, 5, 'Q1', NULL, NULL, NULL, NULL, NULL, NULL, NULL, NULL, NULL, 91.00, 91.00, 13, 'approved', 1, '2026-03-07 15:32:48', 22, '2026-03-07 16:23:02', '2026-03-07 16:23:02', NULL, '2026-03-07 15:28:01', '2026-03-07 16:23:02'),
	(150, 318, 5, 'Q2', NULL, NULL, NULL, 76.28, 61.32, 73.24, 15.26, 36.79, 14.65, 66.70, 67.00, 13, 'approved', 0, '2026-03-07 15:28:01', NULL, NULL, NULL, NULL, '2026-03-07 15:28:01', '2026-03-07 15:28:01'),
	(151, 318, 5, 'Q3', NULL, NULL, NULL, 98.94, 70.73, 88.83, 19.79, 42.44, 17.77, 80.00, 80.00, 14, 'approved', 0, '2026-03-07 15:28:01', NULL, NULL, NULL, NULL, '2026-03-07 15:28:01', '2026-03-07 15:28:01'),
	(152, 318, 5, 'Q4', NULL, NULL, NULL, 64.05, 66.46, 71.99, 12.81, 39.88, 14.40, 67.09, 67.00, 14, 'approved', 0, '2026-03-07 15:28:01', NULL, NULL, NULL, NULL, '2026-03-07 15:28:01', '2026-03-07 15:28:01'),
	(153, 319, 5, 'Q1', NULL, NULL, NULL, NULL, NULL, NULL, NULL, NULL, NULL, 75.00, 75.00, 13, 'approved', 1, '2026-03-07 15:32:48', 22, '2026-03-07 16:23:01', '2026-03-07 16:23:01', NULL, '2026-03-07 15:28:01', '2026-03-07 16:23:01'),
	(154, 319, 5, 'Q2', NULL, NULL, NULL, 65.48, 95.71, 86.70, 13.10, 57.43, 17.34, 87.87, 88.00, 13, 'approved', 0, '2026-03-07 15:28:01', NULL, NULL, NULL, NULL, '2026-03-07 15:28:01', '2026-03-07 15:28:01'),
	(155, 319, 5, 'Q3', NULL, NULL, NULL, 79.24, 84.18, 64.26, 15.85, 50.51, 12.85, 79.21, 79.00, 14, 'approved', 0, '2026-03-07 15:28:01', NULL, NULL, NULL, NULL, '2026-03-07 15:28:01', '2026-03-07 15:28:01'),
	(156, 319, 5, 'Q4', NULL, NULL, NULL, 86.08, 65.32, 89.96, 17.22, 39.19, 17.99, 74.40, 74.00, 14, 'approved', 0, '2026-03-07 15:28:01', NULL, NULL, NULL, NULL, '2026-03-07 15:28:01', '2026-03-07 15:28:01'),
	(157, 320, 5, 'Q1', NULL, NULL, NULL, NULL, NULL, NULL, NULL, NULL, NULL, 98.00, 98.00, 13, 'approved', 1, '2026-03-07 15:32:48', 22, '2026-03-07 16:23:02', '2026-03-07 16:23:02', NULL, '2026-03-07 15:28:01', '2026-03-07 16:23:02'),
	(158, 320, 5, 'Q2', NULL, NULL, NULL, 62.54, 80.98, 60.20, 12.51, 48.59, 12.04, 73.14, 73.00, 13, 'approved', 0, '2026-03-07 15:28:01', NULL, NULL, NULL, NULL, '2026-03-07 15:28:01', '2026-03-07 15:28:01'),
	(159, 320, 5, 'Q3', NULL, NULL, NULL, 75.82, 66.22, 98.92, 15.16, 39.73, 19.78, 74.67, 75.00, 14, 'approved', 0, '2026-03-07 15:28:01', NULL, NULL, NULL, NULL, '2026-03-07 15:28:01', '2026-03-07 15:28:01'),
	(160, 320, 5, 'Q4', NULL, NULL, NULL, 98.21, 87.41, 81.68, 19.64, 52.45, 16.34, 88.43, 88.00, 14, 'approved', 0, '2026-03-07 15:28:01', NULL, NULL, NULL, NULL, '2026-03-07 15:28:01', '2026-03-07 15:28:01'),
	(161, 321, 5, 'Q1', NULL, NULL, NULL, NULL, NULL, NULL, NULL, NULL, NULL, 77.00, 77.00, 13, 'approved', 1, '2026-03-07 15:32:48', 22, '2026-03-07 16:23:01', '2026-03-07 16:23:01', NULL, '2026-03-07 15:28:01', '2026-03-07 16:23:01'),
	(162, 321, 5, 'Q2', NULL, NULL, NULL, 61.80, 97.77, 77.72, 12.36, 58.66, 15.54, 86.56, 87.00, 13, 'approved', 0, '2026-03-07 15:28:01', NULL, NULL, NULL, NULL, '2026-03-07 15:28:01', '2026-03-07 15:28:01'),
	(163, 321, 5, 'Q3', NULL, NULL, NULL, 93.13, 80.11, 80.15, 18.63, 48.07, 16.03, 82.73, 83.00, 14, 'approved', 0, '2026-03-07 15:28:01', NULL, NULL, NULL, NULL, '2026-03-07 15:28:01', '2026-03-07 15:28:01'),
	(164, 321, 5, 'Q4', NULL, NULL, NULL, 61.88, 81.99, 93.78, 12.38, 49.19, 18.76, 80.33, 80.00, 14, 'approved', 0, '2026-03-07 15:28:01', NULL, NULL, NULL, NULL, '2026-03-07 15:28:01', '2026-03-07 15:28:01'),
	(165, 322, 5, 'Q1', NULL, NULL, NULL, NULL, NULL, NULL, NULL, NULL, NULL, 92.00, 92.00, 13, 'approved', 1, '2026-03-07 15:32:48', 22, '2026-03-07 16:23:01', '2026-03-07 16:23:01', NULL, '2026-03-07 15:28:01', '2026-03-07 16:23:01'),
	(166, 322, 5, 'Q2', NULL, NULL, NULL, 95.50, 93.45, 68.17, 19.10, 56.07, 13.63, 88.80, 89.00, 13, 'approved', 0, '2026-03-07 15:28:01', NULL, NULL, NULL, NULL, '2026-03-07 15:28:01', '2026-03-07 15:28:01'),
	(167, 322, 5, 'Q3', NULL, NULL, NULL, 71.45, 68.94, 92.17, 14.29, 41.36, 18.43, 74.08, 74.00, 14, 'approved', 0, '2026-03-07 15:28:01', NULL, NULL, NULL, NULL, '2026-03-07 15:28:01', '2026-03-07 15:28:01'),
	(168, 322, 5, 'Q4', NULL, NULL, NULL, 97.75, 74.06, 86.09, 19.55, 44.44, 17.22, 81.21, 81.00, 14, 'approved', 0, '2026-03-07 15:28:01', NULL, NULL, NULL, NULL, '2026-03-07 15:28:01', '2026-03-07 15:28:01'),
	(169, 323, 5, 'Q1', NULL, NULL, NULL, NULL, NULL, NULL, NULL, NULL, NULL, 80.00, 80.00, 13, 'approved', 1, '2026-03-07 15:32:48', 22, '2026-03-07 16:23:02', '2026-03-07 16:23:02', NULL, '2026-03-07 15:28:01', '2026-03-07 16:23:02'),
	(170, 323, 5, 'Q2', NULL, NULL, NULL, 88.79, 90.26, 65.71, 17.76, 54.16, 13.14, 85.06, 85.00, 13, 'approved', 0, '2026-03-07 15:28:01', NULL, NULL, NULL, NULL, '2026-03-07 15:28:01', '2026-03-07 15:28:01'),
	(171, 323, 5, 'Q3', NULL, NULL, NULL, 67.85, 81.67, 69.46, 13.57, 49.00, 13.89, 76.46, 76.00, 14, 'approved', 0, '2026-03-07 15:28:01', NULL, NULL, NULL, NULL, '2026-03-07 15:28:01', '2026-03-07 15:28:01'),
	(172, 323, 5, 'Q4', NULL, NULL, NULL, 63.48, 74.55, 71.72, 12.70, 44.73, 14.34, 71.77, 72.00, 14, 'approved', 0, '2026-03-07 15:28:01', NULL, NULL, NULL, NULL, '2026-03-07 15:28:01', '2026-03-07 15:28:01'),
	(173, 324, 5, 'Q1', NULL, NULL, NULL, NULL, NULL, NULL, NULL, NULL, NULL, 76.00, 76.00, 13, 'approved', 1, '2026-03-07 15:32:48', 22, '2026-03-07 16:23:02', '2026-03-07 16:23:02', NULL, '2026-03-07 15:28:01', '2026-03-07 16:23:02'),
	(174, 324, 5, 'Q2', NULL, NULL, NULL, 97.98, 70.38, 74.06, 19.60, 42.23, 14.81, 76.64, 77.00, 13, 'approved', 0, '2026-03-07 15:28:01', NULL, NULL, NULL, NULL, '2026-03-07 15:28:01', '2026-03-07 15:28:01'),
	(175, 324, 5, 'Q3', NULL, NULL, NULL, 97.78, 70.80, 91.20, 19.56, 42.48, 18.24, 80.28, 80.00, 14, 'approved', 0, '2026-03-07 15:28:01', NULL, NULL, NULL, NULL, '2026-03-07 15:28:01', '2026-03-07 15:28:01'),
	(176, 324, 5, 'Q4', NULL, NULL, NULL, 88.27, 84.31, 94.74, 17.65, 50.59, 18.95, 87.19, 87.00, 14, 'approved', 0, '2026-03-07 15:28:01', NULL, NULL, NULL, NULL, '2026-03-07 15:28:01', '2026-03-07 15:28:01'),
	(177, 325, 5, 'Q1', NULL, NULL, NULL, NULL, NULL, NULL, NULL, NULL, NULL, 85.00, 85.00, 13, 'approved', 1, '2026-03-07 15:32:48', 22, '2026-03-07 16:23:02', '2026-03-07 16:23:02', NULL, '2026-03-07 15:28:01', '2026-03-07 16:23:02'),
	(178, 325, 5, 'Q2', NULL, NULL, NULL, 94.59, 68.50, 90.92, 18.92, 41.10, 18.18, 78.20, 78.00, 13, 'approved', 0, '2026-03-07 15:28:01', NULL, NULL, NULL, NULL, '2026-03-07 15:28:01', '2026-03-07 15:28:01'),
	(179, 325, 5, 'Q3', NULL, NULL, NULL, 81.28, 89.25, 86.49, 16.26, 53.55, 17.30, 87.11, 87.00, 14, 'approved', 0, '2026-03-07 15:28:01', NULL, NULL, NULL, NULL, '2026-03-07 15:28:01', '2026-03-07 15:28:01'),
	(180, 325, 5, 'Q4', NULL, NULL, NULL, 83.33, 69.47, 83.72, 16.67, 41.68, 16.74, 75.09, 75.00, 14, 'approved', 0, '2026-03-07 15:28:01', NULL, NULL, NULL, NULL, '2026-03-07 15:28:01', '2026-03-07 15:28:01'),
	(181, 326, 5, 'Q1', NULL, NULL, NULL, NULL, NULL, NULL, NULL, NULL, NULL, 89.00, 89.00, 13, 'approved', 1, '2026-03-07 15:32:48', 22, '2026-03-07 16:23:01', '2026-03-07 16:23:01', NULL, '2026-03-07 15:28:01', '2026-03-07 16:23:01'),
	(182, 326, 5, 'Q2', NULL, NULL, NULL, 63.59, 85.75, 90.22, 19.08, 42.88, 18.04, 80.00, 80.00, 13, 'approved', 0, '2026-03-07 15:28:01', NULL, NULL, NULL, NULL, '2026-03-07 15:28:01', '2026-03-07 15:28:01'),
	(183, 326, 5, 'Q3', NULL, NULL, NULL, 92.49, 82.22, 81.71, 27.75, 41.11, 16.34, 85.20, 85.00, 14, 'approved', 0, '2026-03-07 15:28:01', NULL, NULL, NULL, NULL, '2026-03-07 15:28:01', '2026-03-07 15:28:01'),
	(184, 326, 5, 'Q4', NULL, NULL, NULL, 86.43, 93.46, 98.07, 25.93, 46.73, 19.61, 92.27, 92.00, 14, 'approved', 0, '2026-03-07 15:28:01', NULL, NULL, NULL, NULL, '2026-03-07 15:28:01', '2026-03-07 15:28:01'),
	(185, 327, 5, 'Q1', NULL, NULL, NULL, NULL, NULL, NULL, NULL, NULL, NULL, 92.00, 92.00, 13, 'approved', 1, '2026-03-07 15:32:48', 22, '2026-03-07 16:23:01', '2026-03-07 16:23:01', NULL, '2026-03-07 15:28:01', '2026-03-07 16:23:01'),
	(186, 327, 5, 'Q2', NULL, NULL, NULL, 97.04, 72.03, 61.90, 29.11, 36.02, 12.38, 77.51, 78.00, 13, 'approved', 0, '2026-03-07 15:28:01', NULL, NULL, NULL, NULL, '2026-03-07 15:28:01', '2026-03-07 15:28:01'),
	(187, 327, 5, 'Q3', NULL, NULL, NULL, 74.42, 74.27, 94.71, 22.33, 37.14, 18.94, 78.41, 78.00, 14, 'approved', 0, '2026-03-07 15:28:01', NULL, NULL, NULL, NULL, '2026-03-07 15:28:01', '2026-03-07 15:28:01'),
	(188, 327, 5, 'Q4', NULL, NULL, NULL, 68.31, 69.96, 61.33, 20.49, 34.98, 12.27, 67.74, 68.00, 14, 'approved', 0, '2026-03-07 15:28:01', NULL, NULL, NULL, NULL, '2026-03-07 15:28:01', '2026-03-07 15:28:01'),
	(189, 328, 5, 'Q1', NULL, NULL, NULL, NULL, NULL, NULL, NULL, NULL, NULL, 91.00, 91.00, 13, 'approved', 1, '2026-03-07 15:32:48', 22, '2026-03-07 16:23:02', '2026-03-07 16:23:02', NULL, '2026-03-07 15:28:01', '2026-03-07 16:23:02'),
	(190, 328, 5, 'Q2', NULL, NULL, NULL, 65.05, 74.89, 67.37, 19.52, 37.45, 13.47, 70.44, 70.00, 13, 'approved', 0, '2026-03-07 15:28:01', NULL, NULL, NULL, NULL, '2026-03-07 15:28:01', '2026-03-07 15:28:01'),
	(191, 328, 5, 'Q3', NULL, NULL, NULL, 85.12, 89.65, 69.97, 25.54, 44.83, 13.99, 84.36, 84.00, 14, 'approved', 0, '2026-03-07 15:28:01', NULL, NULL, NULL, NULL, '2026-03-07 15:28:01', '2026-03-07 15:28:01'),
	(192, 328, 5, 'Q4', NULL, NULL, NULL, 78.10, 65.79, 60.31, 23.43, 32.90, 12.06, 68.39, 68.00, 14, 'approved', 0, '2026-03-07 15:28:01', NULL, NULL, NULL, NULL, '2026-03-07 15:28:01', '2026-03-07 15:28:01'),
	(193, 329, 5, 'Q1', NULL, NULL, NULL, NULL, NULL, NULL, NULL, NULL, NULL, 82.00, 82.00, 13, 'approved', 1, '2026-03-07 15:32:48', 22, '2026-03-07 16:23:02', '2026-03-07 16:23:02', NULL, '2026-03-07 15:28:01', '2026-03-07 16:23:02'),
	(194, 329, 5, 'Q2', NULL, NULL, NULL, 98.99, 95.86, 91.08, 29.70, 47.93, 18.22, 95.85, 96.00, 13, 'approved', 0, '2026-03-07 15:28:01', NULL, NULL, NULL, NULL, '2026-03-07 15:28:01', '2026-03-07 15:28:01'),
	(195, 329, 5, 'Q3', NULL, NULL, NULL, 68.64, 75.63, 71.65, 20.59, 37.82, 14.33, 72.74, 73.00, 14, 'approved', 0, '2026-03-07 15:28:01', NULL, NULL, NULL, NULL, '2026-03-07 15:28:01', '2026-03-07 15:28:01'),
	(196, 329, 5, 'Q4', NULL, NULL, NULL, 71.29, 79.31, 92.28, 21.39, 39.66, 18.46, 79.51, 80.00, 14, 'approved', 0, '2026-03-07 15:28:01', NULL, NULL, NULL, NULL, '2026-03-07 15:28:01', '2026-03-07 15:28:01'),
	(197, 330, 5, 'Q1', NULL, NULL, NULL, NULL, NULL, NULL, NULL, NULL, NULL, 78.00, 78.00, 13, 'approved', 1, '2026-03-07 15:32:48', 22, '2026-03-07 16:23:02', '2026-03-07 16:23:02', NULL, '2026-03-07 15:28:01', '2026-03-07 16:23:02'),
	(198, 330, 5, 'Q2', NULL, NULL, NULL, 66.11, 75.65, 84.75, 19.83, 37.83, 16.95, 74.61, 75.00, 13, 'approved', 0, '2026-03-07 15:28:01', NULL, NULL, NULL, NULL, '2026-03-07 15:28:01', '2026-03-07 15:28:01'),
	(199, 330, 5, 'Q3', NULL, NULL, NULL, 69.28, 90.99, 90.99, 20.78, 45.50, 18.20, 84.48, 84.00, 14, 'approved', 0, '2026-03-07 15:28:01', NULL, NULL, NULL, NULL, '2026-03-07 15:28:01', '2026-03-07 15:28:01'),
	(200, 330, 5, 'Q4', NULL, NULL, NULL, 77.18, 86.31, 82.32, 23.15, 43.16, 16.46, 82.77, 83.00, 14, 'approved', 0, '2026-03-07 15:28:01', NULL, NULL, NULL, NULL, '2026-03-07 15:28:01', '2026-03-07 15:28:01'),
	(201, 331, 5, 'Q1', NULL, NULL, NULL, 79.85, 86.01, 92.92, 23.96, 43.01, 18.58, 85.55, 86.00, 13, 'approved', 0, '2026-03-07 15:28:01', NULL, NULL, NULL, NULL, '2026-03-07 15:28:01', '2026-03-07 15:28:01'),
	(202, 331, 5, 'Q2', NULL, NULL, NULL, 90.31, 86.33, 69.54, 27.09, 43.17, 13.91, 84.17, 84.00, 13, 'approved', 0, '2026-03-07 15:28:01', NULL, NULL, NULL, NULL, '2026-03-07 15:28:01', '2026-03-07 15:28:01'),
	(203, 331, 5, 'Q3', NULL, NULL, NULL, 87.17, 80.56, 62.77, 26.15, 40.28, 12.55, 78.98, 79.00, 14, 'approved', 0, '2026-03-07 15:28:01', NULL, NULL, NULL, NULL, '2026-03-07 15:28:01', '2026-03-07 15:28:01'),
	(204, 331, 5, 'Q4', NULL, NULL, NULL, 66.02, 72.80, 71.28, 19.81, 36.40, 14.26, 70.47, 70.00, 14, 'approved', 0, '2026-03-07 15:28:01', NULL, NULL, NULL, NULL, '2026-03-07 15:28:01', '2026-03-07 15:28:01'),
	(205, 332, 5, 'Q1', NULL, NULL, NULL, 77.18, 77.40, 83.36, 23.15, 38.70, 16.67, 78.52, 79.00, 13, 'approved', 0, '2026-03-07 15:28:01', NULL, NULL, NULL, NULL, '2026-03-07 15:28:01', '2026-03-07 15:28:01'),
	(206, 332, 5, 'Q2', NULL, NULL, NULL, 96.11, 83.08, 89.03, 28.83, 41.54, 17.81, 88.18, 88.00, 13, 'approved', 0, '2026-03-07 15:28:01', NULL, NULL, NULL, NULL, '2026-03-07 15:28:01', '2026-03-07 15:28:01'),
	(207, 332, 5, 'Q3', NULL, NULL, NULL, 65.39, 75.09, 77.67, 19.62, 37.55, 15.53, 72.70, 73.00, 14, 'approved', 0, '2026-03-07 15:28:01', NULL, NULL, NULL, NULL, '2026-03-07 15:28:01', '2026-03-07 15:28:01'),
	(208, 332, 5, 'Q4', NULL, NULL, NULL, 93.53, 71.19, 71.67, 28.06, 35.60, 14.33, 77.99, 78.00, 14, 'approved', 0, '2026-03-07 15:28:01', NULL, NULL, NULL, NULL, '2026-03-07 15:28:01', '2026-03-07 15:28:01'),
	(209, 333, 5, 'Q1', NULL, NULL, NULL, 89.51, 92.18, 87.12, 26.85, 46.09, 17.42, 90.36, 90.00, 13, 'approved', 0, '2026-03-07 15:28:01', NULL, NULL, NULL, NULL, '2026-03-07 15:28:01', '2026-03-07 15:28:01'),
	(210, 333, 5, 'Q2', NULL, NULL, NULL, 67.05, 79.61, 85.11, 20.12, 39.81, 17.02, 76.95, 77.00, 13, 'approved', 0, '2026-03-07 15:28:01', NULL, NULL, NULL, NULL, '2026-03-07 15:28:01', '2026-03-07 15:28:01'),
	(211, 333, 5, 'Q3', NULL, NULL, NULL, 92.37, 95.29, 82.88, 27.71, 47.65, 16.58, 91.94, 92.00, 14, 'approved', 0, '2026-03-07 15:28:01', NULL, NULL, NULL, NULL, '2026-03-07 15:28:01', '2026-03-07 15:28:01'),
	(212, 333, 5, 'Q4', NULL, NULL, NULL, 73.01, 70.35, 88.63, 21.90, 35.18, 17.73, 74.81, 75.00, 14, 'approved', 0, '2026-03-07 15:28:01', NULL, NULL, NULL, NULL, '2026-03-07 15:28:01', '2026-03-07 15:28:01'),
	(213, 334, 5, 'Q1', NULL, NULL, NULL, 98.06, 63.47, 65.12, 29.42, 31.74, 13.02, 74.18, 74.00, 13, 'approved', 0, '2026-03-07 15:28:01', NULL, NULL, NULL, NULL, '2026-03-07 15:28:01', '2026-03-07 15:28:01'),
	(214, 334, 5, 'Q2', NULL, NULL, NULL, 83.56, 81.53, 60.33, 25.07, 40.77, 12.07, 77.91, 78.00, 13, 'approved', 0, '2026-03-07 15:28:01', NULL, NULL, NULL, NULL, '2026-03-07 15:28:01', '2026-03-07 15:28:01'),
	(215, 334, 5, 'Q3', NULL, NULL, NULL, 92.80, 72.84, 93.25, 27.84, 36.42, 18.65, 82.91, 83.00, 14, 'approved', 0, '2026-03-07 15:28:01', NULL, NULL, NULL, NULL, '2026-03-07 15:28:01', '2026-03-07 15:28:01'),
	(216, 334, 5, 'Q4', NULL, NULL, NULL, 66.52, 70.62, 89.47, 19.96, 35.31, 17.89, 73.16, 73.00, 14, 'approved', 0, '2026-03-07 15:28:01', NULL, NULL, NULL, NULL, '2026-03-07 15:28:01', '2026-03-07 15:28:01'),
	(217, 335, 5, 'Q1', NULL, NULL, NULL, 89.14, 81.76, 65.88, 26.74, 40.88, 13.18, 80.80, 81.00, 13, 'approved', 0, '2026-03-07 15:28:01', NULL, NULL, NULL, NULL, '2026-03-07 15:28:01', '2026-03-07 15:28:01'),
	(218, 335, 5, 'Q2', NULL, NULL, NULL, 96.84, 76.64, 94.13, 29.05, 38.32, 18.83, 86.20, 86.00, 13, 'approved', 0, '2026-03-07 15:28:01', NULL, NULL, NULL, NULL, '2026-03-07 15:28:01', '2026-03-07 15:28:01'),
	(219, 335, 5, 'Q3', NULL, NULL, NULL, 82.20, 76.97, 76.88, 24.66, 38.49, 15.38, 78.53, 79.00, 14, 'approved', 0, '2026-03-07 15:28:01', NULL, NULL, NULL, NULL, '2026-03-07 15:28:01', '2026-03-07 15:28:01'),
	(220, 335, 5, 'Q4', NULL, NULL, NULL, 84.97, 92.19, 70.83, 25.49, 46.10, 14.17, 85.76, 86.00, 14, 'approved', 0, '2026-03-07 15:28:01', NULL, NULL, NULL, NULL, '2026-03-07 15:28:01', '2026-03-07 15:28:01'),
	(221, 336, 5, 'Q1', NULL, NULL, NULL, 91.07, 77.76, 67.17, 27.32, 38.88, 13.43, 79.63, 80.00, 13, 'approved', 0, '2026-03-07 15:28:01', NULL, NULL, NULL, NULL, '2026-03-07 15:28:01', '2026-03-07 15:28:01'),
	(222, 336, 5, 'Q2', NULL, NULL, NULL, 65.25, 94.98, 98.80, 19.58, 47.49, 19.76, 86.83, 87.00, 13, 'approved', 0, '2026-03-07 15:28:01', NULL, NULL, NULL, NULL, '2026-03-07 15:28:01', '2026-03-07 15:28:01'),
	(223, 336, 5, 'Q3', NULL, NULL, NULL, 80.01, 92.04, 62.12, 24.00, 46.02, 12.42, 82.44, 82.00, 14, 'approved', 0, '2026-03-07 15:28:01', NULL, NULL, NULL, NULL, '2026-03-07 15:28:01', '2026-03-07 15:28:01'),
	(224, 336, 5, 'Q4', NULL, NULL, NULL, 86.19, 74.05, 91.14, 25.86, 37.03, 18.23, 81.12, 81.00, 14, 'approved', 0, '2026-03-07 15:28:01', NULL, NULL, NULL, NULL, '2026-03-07 15:28:01', '2026-03-07 15:28:01'),
	(225, 337, 5, 'Q1', NULL, NULL, NULL, 92.93, 74.75, 63.58, 27.88, 37.38, 12.72, 77.98, 78.00, 13, 'approved', 0, '2026-03-07 15:28:01', NULL, NULL, NULL, NULL, '2026-03-07 15:28:01', '2026-03-07 15:28:01'),
	(226, 337, 5, 'Q2', NULL, NULL, NULL, 62.11, 87.55, 68.23, 18.63, 43.78, 13.65, 76.06, 76.00, 13, 'approved', 0, '2026-03-07 15:28:01', NULL, NULL, NULL, NULL, '2026-03-07 15:28:01', '2026-03-07 15:28:01'),
	(227, 337, 5, 'Q3', NULL, NULL, NULL, 67.34, 93.77, 75.41, 20.20, 46.89, 15.08, 82.17, 82.00, 14, 'approved', 0, '2026-03-07 15:28:01', NULL, NULL, NULL, NULL, '2026-03-07 15:28:01', '2026-03-07 15:28:01'),
	(228, 337, 5, 'Q4', NULL, NULL, NULL, 81.19, 94.33, 87.63, 24.36, 47.17, 17.53, 89.06, 89.00, 14, 'approved', 0, '2026-03-07 15:28:01', NULL, NULL, NULL, NULL, '2026-03-07 15:28:01', '2026-03-07 15:28:01'),
	(229, 338, 5, 'Q1', NULL, NULL, NULL, 98.87, 91.50, 90.75, 29.66, 45.75, 18.15, 93.56, 94.00, 13, 'approved', 0, '2026-03-07 15:28:01', NULL, NULL, NULL, NULL, '2026-03-07 15:28:01', '2026-03-07 15:28:01'),
	(230, 338, 5, 'Q2', NULL, NULL, NULL, 73.95, 71.62, 62.76, 22.19, 35.81, 12.55, 70.55, 71.00, 13, 'approved', 0, '2026-03-07 15:28:01', NULL, NULL, NULL, NULL, '2026-03-07 15:28:01', '2026-03-07 15:28:01'),
	(231, 338, 5, 'Q3', NULL, NULL, NULL, 93.81, 78.35, 88.71, 28.14, 39.18, 17.74, 85.06, 85.00, 14, 'approved', 0, '2026-03-07 15:28:01', NULL, NULL, NULL, NULL, '2026-03-07 15:28:01', '2026-03-07 15:28:01'),
	(232, 338, 5, 'Q4', NULL, NULL, NULL, 92.69, 95.45, 86.29, 27.81, 47.73, 17.26, 92.80, 93.00, 14, 'approved', 0, '2026-03-07 15:28:01', NULL, NULL, NULL, NULL, '2026-03-07 15:28:01', '2026-03-07 15:28:01'),
	(233, 339, 5, 'Q1', NULL, NULL, NULL, 63.74, 80.40, 74.93, 25.50, 32.16, 14.99, 72.65, 73.00, 13, 'approved', 0, '2026-03-07 15:28:01', NULL, NULL, NULL, NULL, '2026-03-07 15:28:01', '2026-03-07 15:28:01'),
	(234, 339, 5, 'Q2', NULL, NULL, NULL, 84.07, 94.92, 93.15, 33.63, 37.97, 18.63, 90.23, 90.00, 13, 'approved', 0, '2026-03-07 15:28:01', NULL, NULL, NULL, NULL, '2026-03-07 15:28:01', '2026-03-07 15:28:01'),
	(235, 339, 5, 'Q3', NULL, NULL, NULL, 83.72, 90.45, 89.66, 33.49, 36.18, 17.93, 87.60, 88.00, 14, 'approved', 0, '2026-03-07 15:28:01', NULL, NULL, NULL, NULL, '2026-03-07 15:28:01', '2026-03-07 15:28:01'),
	(236, 339, 5, 'Q4', NULL, NULL, NULL, 62.83, 94.19, 75.33, 25.13, 37.68, 15.07, 77.88, 78.00, 14, 'approved', 0, '2026-03-07 15:28:01', NULL, NULL, NULL, NULL, '2026-03-07 15:28:01', '2026-03-07 15:28:01'),
	(237, 340, 5, 'Q1', NULL, NULL, NULL, 65.84, 79.60, 72.33, 26.34, 31.84, 14.47, 72.65, 73.00, 13, 'approved', 0, '2026-03-07 15:28:01', NULL, NULL, NULL, NULL, '2026-03-07 15:28:01', '2026-03-07 15:28:01'),
	(238, 340, 5, 'Q2', NULL, NULL, NULL, 72.55, 86.05, 89.07, 29.02, 34.42, 17.81, 81.25, 81.00, 13, 'approved', 0, '2026-03-07 15:28:01', NULL, NULL, NULL, NULL, '2026-03-07 15:28:01', '2026-03-07 15:28:01'),
	(239, 340, 5, 'Q3', NULL, NULL, NULL, 72.87, 90.00, 92.52, 29.15, 36.00, 18.50, 83.65, 84.00, 14, 'approved', 0, '2026-03-07 15:28:01', NULL, NULL, NULL, NULL, '2026-03-07 15:28:01', '2026-03-07 15:28:01'),
	(240, 340, 5, 'Q4', NULL, NULL, NULL, 81.12, 70.91, 96.26, 32.45, 28.36, 19.25, 80.06, 80.00, 14, 'approved', 0, '2026-03-07 15:28:01', NULL, NULL, NULL, NULL, '2026-03-07 15:28:01', '2026-03-07 15:28:01'),
	(241, 341, 5, 'Q1', NULL, NULL, NULL, 90.85, 89.12, 87.64, 36.34, 35.65, 17.53, 89.52, 90.00, 13, 'approved', 0, '2026-03-07 15:28:01', NULL, NULL, NULL, NULL, '2026-03-07 15:28:01', '2026-03-07 15:28:01'),
	(242, 341, 5, 'Q2', NULL, NULL, NULL, 65.00, 88.10, 60.37, 26.00, 35.24, 12.07, 73.31, 73.00, 13, 'approved', 0, '2026-03-07 15:28:01', NULL, NULL, NULL, NULL, '2026-03-07 15:28:01', '2026-03-07 15:28:01'),
	(243, 341, 5, 'Q3', NULL, NULL, NULL, 87.10, 79.40, 63.49, 34.84, 31.76, 12.70, 79.30, 79.00, 14, 'approved', 0, '2026-03-07 15:28:01', NULL, NULL, NULL, NULL, '2026-03-07 15:28:01', '2026-03-07 15:28:01'),
	(244, 341, 5, 'Q4', NULL, NULL, NULL, 76.18, 88.83, 91.45, 30.47, 35.53, 18.29, 84.29, 84.00, 14, 'approved', 0, '2026-03-07 15:28:01', NULL, NULL, NULL, NULL, '2026-03-07 15:28:01', '2026-03-07 15:28:01'),
	(245, 342, 5, 'Q1', NULL, NULL, NULL, 82.39, 76.24, 90.34, 32.96, 30.50, 18.07, 81.53, 82.00, 13, 'approved', 0, '2026-03-07 15:28:01', NULL, NULL, NULL, NULL, '2026-03-07 15:28:01', '2026-03-07 15:28:01'),
	(246, 342, 5, 'Q2', NULL, NULL, NULL, 70.72, 98.77, 67.25, 28.29, 39.51, 13.45, 81.25, 81.00, 13, 'approved', 0, '2026-03-07 15:28:01', NULL, NULL, NULL, NULL, '2026-03-07 15:28:01', '2026-03-07 15:28:01'),
	(247, 342, 5, 'Q3', NULL, NULL, NULL, 80.89, 70.40, 98.45, 32.36, 28.16, 19.69, 80.21, 80.00, 14, 'approved', 0, '2026-03-07 15:28:01', NULL, NULL, NULL, NULL, '2026-03-07 15:28:01', '2026-03-07 15:28:01'),
	(248, 342, 5, 'Q4', NULL, NULL, NULL, 76.48, 85.64, 93.74, 30.59, 34.26, 18.75, 83.60, 84.00, 14, 'approved', 0, '2026-03-07 15:28:01', NULL, NULL, NULL, NULL, '2026-03-07 15:28:01', '2026-03-07 15:28:01'),
	(249, 343, 5, 'Q1', NULL, NULL, NULL, 74.74, 67.26, 90.78, 29.90, 26.90, 18.16, 74.96, 75.00, 13, 'approved', 0, '2026-03-07 15:28:01', NULL, NULL, NULL, NULL, '2026-03-07 15:28:01', '2026-03-07 15:28:01'),
	(250, 343, 5, 'Q2', NULL, NULL, NULL, 85.23, 96.43, 93.60, 34.09, 38.57, 18.72, 91.38, 91.00, 13, 'approved', 0, '2026-03-07 15:28:01', NULL, NULL, NULL, NULL, '2026-03-07 15:28:01', '2026-03-07 15:28:01'),
	(251, 343, 5, 'Q3', NULL, NULL, NULL, 93.71, 86.01, 82.90, 37.48, 34.40, 16.58, 88.46, 88.00, 14, 'approved', 0, '2026-03-07 15:28:01', NULL, NULL, NULL, NULL, '2026-03-07 15:28:01', '2026-03-07 15:28:01'),
	(252, 343, 5, 'Q4', NULL, NULL, NULL, 73.83, 96.52, 67.43, 29.53, 38.61, 13.49, 81.63, 82.00, 14, 'approved', 0, '2026-03-07 15:28:01', NULL, NULL, NULL, NULL, '2026-03-07 15:28:01', '2026-03-07 15:28:01'),
	(253, 344, 5, 'Q1', NULL, NULL, NULL, 95.30, 85.82, 74.21, 38.12, 34.33, 14.84, 87.29, 87.00, 13, 'approved', 0, '2026-03-07 15:28:01', NULL, NULL, NULL, NULL, '2026-03-07 15:28:01', '2026-03-07 15:28:01'),
	(254, 344, 5, 'Q2', NULL, NULL, NULL, 66.65, 65.95, 83.27, 26.66, 26.38, 16.65, 69.69, 70.00, 13, 'approved', 0, '2026-03-07 15:28:01', NULL, NULL, NULL, NULL, '2026-03-07 15:28:01', '2026-03-07 15:28:01'),
	(255, 344, 5, 'Q3', NULL, NULL, NULL, 82.49, 68.38, 60.88, 33.00, 27.35, 12.18, 72.53, 73.00, 14, 'approved', 0, '2026-03-07 15:28:01', NULL, NULL, NULL, NULL, '2026-03-07 15:28:01', '2026-03-07 15:28:01'),
	(256, 344, 5, 'Q4', NULL, NULL, NULL, 83.74, 67.50, 75.92, 33.50, 27.00, 15.18, 75.68, 76.00, 14, 'approved', 0, '2026-03-07 15:28:01', NULL, NULL, NULL, NULL, '2026-03-07 15:28:01', '2026-03-07 15:28:01'),
	(257, 345, 5, 'Q1', NULL, NULL, NULL, 79.48, 75.36, 83.36, 31.79, 30.14, 16.67, 78.60, 79.00, 13, 'approved', 0, '2026-03-07 15:28:01', NULL, NULL, NULL, NULL, '2026-03-07 15:28:01', '2026-03-07 15:28:01'),
	(258, 345, 5, 'Q2', NULL, NULL, NULL, 62.25, 88.41, 96.99, 24.90, 35.36, 19.40, 79.66, 80.00, 13, 'approved', 0, '2026-03-07 15:28:01', NULL, NULL, NULL, NULL, '2026-03-07 15:28:01', '2026-03-07 15:28:01'),
	(259, 345, 5, 'Q3', NULL, NULL, NULL, 92.00, 79.05, 83.31, 36.80, 31.62, 16.66, 85.08, 85.00, 14, 'approved', 0, '2026-03-07 15:28:01', NULL, NULL, NULL, NULL, '2026-03-07 15:28:01', '2026-03-07 15:28:01'),
	(260, 345, 5, 'Q4', NULL, NULL, NULL, 90.14, 66.17, 76.84, 36.06, 26.47, 15.37, 77.90, 78.00, 14, 'approved', 0, '2026-03-07 15:28:01', NULL, NULL, NULL, NULL, '2026-03-07 15:28:01', '2026-03-07 15:28:01'),
	(261, 346, 5, 'Q1', NULL, NULL, NULL, 95.44, 98.47, 74.04, 38.18, 39.39, 14.81, 92.38, 92.00, 13, 'approved', 0, '2026-03-07 15:28:01', NULL, NULL, NULL, NULL, '2026-03-07 15:28:01', '2026-03-07 15:28:01'),
	(262, 346, 5, 'Q2', NULL, NULL, NULL, 63.37, 77.06, 68.26, 25.35, 30.82, 13.65, 69.82, 70.00, 13, 'approved', 0, '2026-03-07 15:28:01', NULL, NULL, NULL, NULL, '2026-03-07 15:28:01', '2026-03-07 15:28:01'),
	(263, 346, 5, 'Q3', NULL, NULL, NULL, 93.86, 82.59, 85.29, 37.54, 33.04, 17.06, 87.64, 88.00, 14, 'approved', 0, '2026-03-07 15:28:01', NULL, NULL, NULL, NULL, '2026-03-07 15:28:01', '2026-03-07 15:28:01'),
	(264, 346, 5, 'Q4', NULL, NULL, NULL, 95.08, 69.68, 78.32, 38.03, 27.87, 15.66, 81.56, 82.00, 14, 'approved', 0, '2026-03-07 15:28:01', NULL, NULL, NULL, NULL, '2026-03-07 15:28:01', '2026-03-07 15:28:01'),
	(265, 347, 5, 'Q1', NULL, NULL, NULL, 77.35, 95.62, 71.50, 23.21, 47.81, 14.30, 85.32, 85.00, 13, 'approved', 0, '2026-03-07 15:28:01', NULL, NULL, NULL, NULL, '2026-03-07 15:28:01', '2026-03-07 15:28:01'),
	(266, 347, 5, 'Q2', NULL, NULL, NULL, 79.40, 82.89, 92.17, 23.82, 41.45, 18.43, 83.70, 84.00, 13, 'approved', 0, '2026-03-07 15:28:01', NULL, NULL, NULL, NULL, '2026-03-07 15:28:01', '2026-03-07 15:28:01'),
	(267, 347, 5, 'Q3', NULL, NULL, NULL, 71.94, 76.80, 90.21, 21.58, 38.40, 18.04, 78.02, 78.00, 14, 'approved', 0, '2026-03-07 15:28:01', NULL, NULL, NULL, NULL, '2026-03-07 15:28:01', '2026-03-07 15:28:01'),
	(268, 347, 5, 'Q4', NULL, NULL, NULL, 63.08, 76.18, 73.96, 18.92, 38.09, 14.79, 71.80, 72.00, 14, 'approved', 0, '2026-03-07 15:28:01', NULL, NULL, NULL, NULL, '2026-03-07 15:28:01', '2026-03-07 15:28:01'),
	(269, 348, 5, 'Q1', NULL, NULL, NULL, 86.59, 64.63, 87.82, 25.98, 32.32, 17.56, 75.86, 76.00, 13, 'approved', 0, '2026-03-07 15:28:01', NULL, NULL, NULL, NULL, '2026-03-07 15:28:01', '2026-03-07 15:28:01'),
	(270, 348, 5, 'Q2', NULL, NULL, NULL, 84.49, 71.96, 67.85, 25.35, 35.98, 13.57, 74.90, 75.00, 13, 'approved', 0, '2026-03-07 15:28:01', NULL, NULL, NULL, NULL, '2026-03-07 15:28:01', '2026-03-07 15:28:01'),
	(271, 348, 5, 'Q3', NULL, NULL, NULL, 66.72, 83.27, 81.18, 20.02, 41.64, 16.24, 77.90, 78.00, 14, 'approved', 0, '2026-03-07 15:28:01', NULL, NULL, NULL, NULL, '2026-03-07 15:28:01', '2026-03-07 15:28:01'),
	(272, 348, 5, 'Q4', NULL, NULL, NULL, 61.19, 89.15, 85.52, 18.36, 44.58, 17.10, 80.04, 80.00, 14, 'approved', 0, '2026-03-07 15:28:01', NULL, NULL, NULL, NULL, '2026-03-07 15:28:01', '2026-03-07 15:28:01'),
	(273, 349, 5, 'Q1', NULL, NULL, NULL, 85.91, 68.01, 88.29, 25.77, 34.01, 17.66, 77.44, 77.00, 13, 'approved', 0, '2026-03-07 15:28:01', NULL, NULL, NULL, NULL, '2026-03-07 15:28:01', '2026-03-07 15:28:01'),
	(274, 349, 5, 'Q2', NULL, NULL, NULL, 73.96, 63.28, 61.09, 22.19, 31.64, 12.22, 66.05, 66.00, 13, 'approved', 0, '2026-03-07 15:28:01', NULL, NULL, NULL, NULL, '2026-03-07 15:28:01', '2026-03-07 15:28:01'),
	(275, 349, 5, 'Q3', NULL, NULL, NULL, 79.33, 73.64, 81.86, 23.80, 36.82, 16.37, 76.99, 77.00, 14, 'approved', 0, '2026-03-07 15:28:01', NULL, NULL, NULL, NULL, '2026-03-07 15:28:01', '2026-03-07 15:28:01'),
	(276, 349, 5, 'Q4', NULL, NULL, NULL, 91.29, 97.10, 97.37, 27.39, 48.55, 19.47, 95.41, 95.00, 14, 'approved', 0, '2026-03-07 15:28:01', NULL, NULL, NULL, NULL, '2026-03-07 15:28:01', '2026-03-07 15:28:01'),
	(277, 350, 5, 'Q1', NULL, NULL, NULL, 67.65, 75.07, 83.98, 20.30, 37.54, 16.80, 74.64, 75.00, 13, 'approved', 0, '2026-03-07 15:28:01', NULL, NULL, NULL, NULL, '2026-03-07 15:28:01', '2026-03-07 15:28:01'),
	(278, 350, 5, 'Q2', NULL, NULL, NULL, 66.61, 83.40, 83.90, 19.98, 41.70, 16.78, 78.46, 78.00, 13, 'approved', 0, '2026-03-07 15:28:01', NULL, NULL, NULL, NULL, '2026-03-07 15:28:01', '2026-03-07 15:28:01'),
	(279, 350, 5, 'Q3', NULL, NULL, NULL, 63.83, 87.78, 78.49, 19.15, 43.89, 15.70, 78.74, 79.00, 14, 'approved', 0, '2026-03-07 15:28:01', NULL, NULL, NULL, NULL, '2026-03-07 15:28:01', '2026-03-07 15:28:01'),
	(280, 350, 5, 'Q4', NULL, NULL, NULL, 92.04, 79.28, 78.55, 27.61, 39.64, 15.71, 82.96, 83.00, 14, 'approved', 0, '2026-03-07 15:28:01', NULL, NULL, NULL, NULL, '2026-03-07 15:28:01', '2026-03-07 15:28:01'),
	(281, 351, 5, 'Q1', NULL, NULL, NULL, 88.87, 83.74, 79.53, 26.66, 41.87, 15.91, 84.44, 84.00, 13, 'approved', 0, '2026-03-07 15:28:01', NULL, NULL, NULL, NULL, '2026-03-07 15:28:01', '2026-03-07 15:28:01'),
	(282, 351, 5, 'Q2', NULL, NULL, NULL, 93.24, 77.85, 84.48, 27.97, 38.93, 16.90, 83.80, 84.00, 13, 'approved', 0, '2026-03-07 15:28:01', NULL, NULL, NULL, NULL, '2026-03-07 15:28:01', '2026-03-07 15:28:01'),
	(283, 351, 5, 'Q3', NULL, NULL, NULL, 78.51, 60.45, 83.63, 23.55, 30.23, 16.73, 70.51, 71.00, 14, 'approved', 0, '2026-03-07 15:28:01', NULL, NULL, NULL, NULL, '2026-03-07 15:28:01', '2026-03-07 15:28:01'),
	(284, 351, 5, 'Q4', NULL, NULL, NULL, 66.45, 97.64, 96.66, 19.94, 48.82, 19.33, 88.09, 88.00, 14, 'approved', 0, '2026-03-07 15:28:01', NULL, NULL, NULL, NULL, '2026-03-07 15:28:01', '2026-03-07 15:28:01'),
	(285, 352, 5, 'Q1', NULL, NULL, NULL, 74.44, 85.31, 76.31, 22.33, 42.66, 15.26, 80.25, 80.00, 13, 'approved', 0, '2026-03-07 15:28:01', NULL, NULL, NULL, NULL, '2026-03-07 15:28:01', '2026-03-07 15:28:01'),
	(286, 352, 5, 'Q2', NULL, NULL, NULL, 83.63, 86.78, 96.37, 25.09, 43.39, 19.27, 87.75, 88.00, 13, 'approved', 0, '2026-03-07 15:28:01', NULL, NULL, NULL, NULL, '2026-03-07 15:28:01', '2026-03-07 15:28:01'),
	(287, 352, 5, 'Q3', NULL, NULL, NULL, 70.69, 75.45, 67.41, 21.21, 37.73, 13.48, 72.42, 72.00, 14, 'approved', 0, '2026-03-07 15:28:01', NULL, NULL, NULL, NULL, '2026-03-07 15:28:01', '2026-03-07 15:28:01'),
	(288, 352, 5, 'Q4', NULL, NULL, NULL, 63.34, 68.53, 81.25, 19.00, 34.27, 16.25, 69.52, 70.00, 14, 'approved', 0, '2026-03-07 15:28:01', NULL, NULL, NULL, NULL, '2026-03-07 15:28:01', '2026-03-07 15:28:01'),
	(289, 353, 5, 'Q1', NULL, NULL, NULL, 84.60, 82.83, 81.39, 25.38, 41.42, 16.28, 83.08, 83.00, 13, 'approved', 0, '2026-03-07 15:28:01', NULL, NULL, NULL, NULL, '2026-03-07 15:28:01', '2026-03-07 15:28:01'),
	(290, 353, 5, 'Q2', NULL, NULL, NULL, 66.73, 69.30, 94.82, 20.02, 34.65, 18.96, 73.63, 74.00, 13, 'approved', 0, '2026-03-07 15:28:01', NULL, NULL, NULL, NULL, '2026-03-07 15:28:01', '2026-03-07 15:28:01'),
	(291, 353, 5, 'Q3', NULL, NULL, NULL, 75.23, 75.36, 88.61, 22.57, 37.68, 17.72, 77.97, 78.00, 14, 'approved', 0, '2026-03-07 15:28:01', NULL, NULL, NULL, NULL, '2026-03-07 15:28:01', '2026-03-07 15:28:01'),
	(292, 353, 5, 'Q4', NULL, NULL, NULL, 92.87, 77.57, 75.34, 27.86, 38.79, 15.07, 81.72, 82.00, 14, 'approved', 0, '2026-03-07 15:28:01', NULL, NULL, NULL, NULL, '2026-03-07 15:28:01', '2026-03-07 15:28:01'),
	(293, 354, 5, 'Q1', NULL, NULL, NULL, 66.11, 75.23, 70.32, 19.83, 37.62, 14.06, 71.51, 72.00, 13, 'approved', 0, '2026-03-07 15:28:01', NULL, NULL, NULL, NULL, '2026-03-07 15:28:01', '2026-03-07 15:28:01'),
	(294, 354, 5, 'Q2', NULL, NULL, NULL, 93.74, 72.00, 62.93, 28.12, 36.00, 12.59, 76.71, 77.00, 13, 'approved', 0, '2026-03-07 15:28:01', NULL, NULL, NULL, NULL, '2026-03-07 15:28:01', '2026-03-07 15:28:01'),
	(295, 354, 5, 'Q3', NULL, NULL, NULL, 88.09, 93.86, 86.40, 26.43, 46.93, 17.28, 90.64, 91.00, 14, 'approved', 0, '2026-03-07 15:28:01', NULL, NULL, NULL, NULL, '2026-03-07 15:28:01', '2026-03-07 15:28:01'),
	(296, 354, 5, 'Q4', NULL, NULL, NULL, 75.59, 94.43, 93.99, 22.68, 47.22, 18.80, 88.70, 89.00, 14, 'approved', 0, '2026-03-07 15:28:01', NULL, NULL, NULL, NULL, '2026-03-07 15:28:01', '2026-03-07 15:28:01'),
	(297, 355, 5, 'Q1', NULL, NULL, NULL, 73.05, 87.82, 64.69, 14.61, 52.69, 12.94, 80.24, 80.00, 13, 'approved', 0, '2026-03-07 15:28:01', NULL, NULL, NULL, NULL, '2026-03-07 15:28:01', '2026-03-07 15:28:01'),
	(298, 355, 5, 'Q2', NULL, NULL, NULL, 93.38, 90.55, 79.46, 18.68, 54.33, 15.89, 88.90, 89.00, 13, 'approved', 0, '2026-03-07 15:28:01', NULL, NULL, NULL, NULL, '2026-03-07 15:28:01', '2026-03-07 15:28:01'),
	(299, 355, 5, 'Q3', NULL, NULL, NULL, 73.73, 92.47, 67.64, 14.75, 55.48, 13.53, 83.76, 84.00, 14, 'approved', 0, '2026-03-07 15:28:01', NULL, NULL, NULL, NULL, '2026-03-07 15:28:01', '2026-03-07 15:28:01'),
	(300, 355, 5, 'Q4', NULL, NULL, NULL, 64.49, 86.96, 75.58, 12.90, 52.18, 15.12, 80.20, 80.00, 14, 'approved', 0, '2026-03-07 15:28:01', NULL, NULL, NULL, NULL, '2026-03-07 15:28:01', '2026-03-07 15:28:01'),
	(301, 356, 5, 'Q1', NULL, NULL, NULL, 90.66, 84.54, 77.75, 18.13, 50.72, 15.55, 84.40, 84.00, 13, 'approved', 0, '2026-03-07 15:28:01', NULL, NULL, NULL, NULL, '2026-03-07 15:28:01', '2026-03-07 15:28:01'),
	(302, 356, 5, 'Q2', NULL, NULL, NULL, 94.79, 66.52, 92.09, 18.96, 39.91, 18.42, 77.29, 77.00, 13, 'approved', 0, '2026-03-07 15:28:01', NULL, NULL, NULL, NULL, '2026-03-07 15:28:01', '2026-03-07 15:28:01'),
	(303, 356, 5, 'Q3', NULL, NULL, NULL, 77.50, 64.83, 88.78, 15.50, 38.90, 17.76, 72.16, 72.00, 14, 'approved', 0, '2026-03-07 15:28:01', NULL, NULL, NULL, NULL, '2026-03-07 15:28:01', '2026-03-07 15:28:01'),
	(304, 356, 5, 'Q4', NULL, NULL, NULL, 77.26, 93.71, 70.52, 15.45, 56.23, 14.10, 85.78, 86.00, 14, 'approved', 0, '2026-03-07 15:28:01', NULL, NULL, NULL, NULL, '2026-03-07 15:28:01', '2026-03-07 15:28:01'),
	(305, 357, 5, 'Q1', NULL, NULL, NULL, 82.38, 94.54, 78.00, 16.48, 56.72, 15.60, 88.80, 89.00, 13, 'approved', 0, '2026-03-07 15:28:01', NULL, NULL, NULL, NULL, '2026-03-07 15:28:01', '2026-03-07 15:28:01'),
	(306, 357, 5, 'Q2', NULL, NULL, NULL, 66.08, 96.20, 84.84, 13.22, 57.72, 16.97, 87.91, 88.00, 13, 'approved', 0, '2026-03-07 15:28:01', NULL, NULL, NULL, NULL, '2026-03-07 15:28:01', '2026-03-07 15:28:01'),
	(307, 357, 5, 'Q3', NULL, NULL, NULL, 96.27, 74.18, 90.41, 19.25, 44.51, 18.08, 81.84, 82.00, 14, 'approved', 0, '2026-03-07 15:28:01', NULL, NULL, NULL, NULL, '2026-03-07 15:28:01', '2026-03-07 15:28:01'),
	(308, 357, 5, 'Q4', NULL, NULL, NULL, 68.56, 93.74, 91.98, 13.71, 56.24, 18.40, 88.35, 88.00, 14, 'approved', 0, '2026-03-07 15:28:01', NULL, NULL, NULL, NULL, '2026-03-07 15:28:01', '2026-03-07 15:28:01'),
	(309, 358, 5, 'Q1', NULL, NULL, NULL, 89.25, 66.55, 74.20, 17.85, 39.93, 14.84, 72.62, 73.00, 13, 'approved', 0, '2026-03-07 15:28:01', NULL, NULL, NULL, NULL, '2026-03-07 15:28:01', '2026-03-07 15:28:01'),
	(310, 358, 5, 'Q2', NULL, NULL, NULL, 96.60, 98.18, 82.59, 19.32, 58.91, 16.52, 94.75, 95.00, 13, 'approved', 0, '2026-03-07 15:28:01', NULL, NULL, NULL, NULL, '2026-03-07 15:28:01', '2026-03-07 15:28:01'),
	(311, 358, 5, 'Q3', NULL, NULL, NULL, 67.12, 72.58, 71.85, 13.42, 43.55, 14.37, 71.34, 71.00, 14, 'approved', 0, '2026-03-07 15:28:01', NULL, NULL, NULL, NULL, '2026-03-07 15:28:01', '2026-03-07 15:28:01'),
	(312, 358, 5, 'Q4', NULL, NULL, NULL, 89.15, 71.44, 94.39, 17.83, 42.86, 18.88, 79.57, 80.00, 14, 'approved', 0, '2026-03-07 15:28:01', NULL, NULL, NULL, NULL, '2026-03-07 15:28:01', '2026-03-07 15:28:01'),
	(313, 359, 5, 'Q1', NULL, NULL, NULL, 84.23, 62.34, 73.23, 16.85, 37.40, 14.65, 68.90, 69.00, 13, 'approved', 0, '2026-03-07 15:28:01', NULL, NULL, NULL, NULL, '2026-03-07 15:28:01', '2026-03-07 15:28:01'),
	(314, 359, 5, 'Q2', NULL, NULL, NULL, 89.82, 82.59, 92.91, 17.96, 49.55, 18.58, 86.09, 86.00, 13, 'approved', 0, '2026-03-07 15:28:01', NULL, NULL, NULL, NULL, '2026-03-07 15:28:01', '2026-03-07 15:28:01'),
	(315, 359, 5, 'Q3', NULL, NULL, NULL, 93.42, 79.78, 76.33, 18.68, 47.87, 15.27, 81.82, 82.00, 14, 'approved', 0, '2026-03-07 15:28:01', NULL, NULL, NULL, NULL, '2026-03-07 15:28:01', '2026-03-07 15:28:01'),
	(316, 359, 5, 'Q4', NULL, NULL, NULL, 89.88, 69.45, 74.00, 17.98, 41.67, 14.80, 74.45, 74.00, 14, 'approved', 0, '2026-03-07 15:28:01', NULL, NULL, NULL, NULL, '2026-03-07 15:28:01', '2026-03-07 15:28:01'),
	(317, 360, 5, 'Q1', NULL, NULL, NULL, 84.11, 83.72, 70.32, 16.82, 50.23, 14.06, 81.11, 81.00, 13, 'approved', 0, '2026-03-07 15:28:01', NULL, NULL, NULL, NULL, '2026-03-07 15:28:01', '2026-03-07 15:28:01'),
	(318, 360, 5, 'Q2', NULL, NULL, NULL, 69.80, 66.65, 73.39, 13.96, 39.99, 14.68, 68.63, 69.00, 13, 'approved', 0, '2026-03-07 15:28:01', NULL, NULL, NULL, NULL, '2026-03-07 15:28:01', '2026-03-07 15:28:01'),
	(319, 360, 5, 'Q3', NULL, NULL, NULL, 65.37, 75.95, 71.67, 13.07, 45.57, 14.33, 72.97, 73.00, 14, 'approved', 0, '2026-03-07 15:28:01', NULL, NULL, NULL, NULL, '2026-03-07 15:28:01', '2026-03-07 15:28:01'),
	(320, 360, 5, 'Q4', NULL, NULL, NULL, 69.13, 88.31, 94.38, 13.83, 52.99, 18.88, 85.70, 86.00, 14, 'approved', 0, '2026-03-07 15:28:01', NULL, NULL, NULL, NULL, '2026-03-07 15:28:01', '2026-03-07 15:28:01'),
	(321, 361, 5, 'Q1', NULL, NULL, NULL, 73.65, 95.49, 94.58, 14.73, 57.29, 18.92, 90.94, 91.00, 13, 'approved', 0, '2026-03-07 15:28:01', NULL, NULL, NULL, NULL, '2026-03-07 15:28:01', '2026-03-07 15:28:01'),
	(322, 361, 5, 'Q2', NULL, NULL, NULL, 86.68, 91.08, 66.72, 17.34, 54.65, 13.34, 85.33, 85.00, 13, 'approved', 0, '2026-03-07 15:28:01', NULL, NULL, NULL, NULL, '2026-03-07 15:28:01', '2026-03-07 15:28:01'),
	(323, 361, 5, 'Q3', NULL, NULL, NULL, 95.27, 71.12, 78.09, 19.05, 42.67, 15.62, 77.34, 77.00, 14, 'approved', 0, '2026-03-07 15:28:01', NULL, NULL, NULL, NULL, '2026-03-07 15:28:01', '2026-03-07 15:28:01'),
	(324, 361, 5, 'Q4', NULL, NULL, NULL, 77.57, 67.46, 86.81, 15.51, 40.48, 17.36, 73.35, 73.00, 14, 'approved', 0, '2026-03-07 15:28:01', NULL, NULL, NULL, NULL, '2026-03-07 15:28:01', '2026-03-07 15:28:01'),
	(325, 362, 5, 'Q1', NULL, NULL, NULL, 61.13, 92.23, 60.25, 12.23, 55.34, 12.05, 79.62, 80.00, 13, 'approved', 0, '2026-03-07 15:28:01', NULL, NULL, NULL, NULL, '2026-03-07 15:28:01', '2026-03-07 15:28:01'),
	(326, 362, 5, 'Q2', NULL, NULL, NULL, 72.55, 91.24, 61.41, 14.51, 54.74, 12.28, 81.53, 82.00, 13, 'approved', 0, '2026-03-07 15:28:01', NULL, NULL, NULL, NULL, '2026-03-07 15:28:01', '2026-03-07 15:28:01'),
	(327, 362, 5, 'Q3', NULL, NULL, NULL, 77.64, 61.62, 87.55, 15.53, 36.97, 17.51, 70.01, 70.00, 14, 'approved', 0, '2026-03-07 15:28:01', NULL, NULL, NULL, NULL, '2026-03-07 15:28:01', '2026-03-07 15:28:01'),
	(328, 362, 5, 'Q4', NULL, NULL, NULL, 73.55, 74.28, 69.88, 14.71, 44.57, 13.98, 73.26, 73.00, 14, 'approved', 0, '2026-03-07 15:28:01', NULL, NULL, NULL, NULL, '2026-03-07 15:28:01', '2026-03-07 15:28:01'),
	(329, 363, 5, 'Q1', NULL, NULL, NULL, 82.21, 76.30, 95.42, 16.44, 45.78, 19.08, 81.30, 81.00, 13, 'approved', 0, '2026-03-07 15:28:01', NULL, NULL, NULL, NULL, '2026-03-07 15:28:01', '2026-03-07 15:28:01'),
	(330, 363, 5, 'Q2', NULL, NULL, NULL, 67.05, 91.12, 62.81, 13.41, 54.67, 12.56, 80.64, 81.00, 13, 'approved', 0, '2026-03-07 15:28:01', NULL, NULL, NULL, NULL, '2026-03-07 15:28:01', '2026-03-07 15:28:01'),
	(331, 363, 5, 'Q3', NULL, NULL, NULL, 86.59, 60.24, 70.47, 17.32, 36.14, 14.09, 67.55, 68.00, 14, 'approved', 0, '2026-03-07 15:28:01', NULL, NULL, NULL, NULL, '2026-03-07 15:28:01', '2026-03-07 15:28:01'),
	(332, 363, 5, 'Q4', NULL, NULL, NULL, 91.04, 65.93, 80.96, 18.21, 39.56, 16.19, 73.96, 74.00, 14, 'approved', 0, '2026-03-07 15:28:01', NULL, NULL, NULL, NULL, '2026-03-07 15:28:01', '2026-03-07 15:28:01'),
	(333, 364, 5, 'Q1', NULL, NULL, NULL, 64.87, 87.60, 81.94, 12.97, 52.56, 16.39, 81.92, 82.00, 13, 'approved', 0, '2026-03-07 15:28:01', NULL, NULL, NULL, NULL, '2026-03-07 15:28:01', '2026-03-07 15:28:01'),
	(334, 364, 5, 'Q2', NULL, NULL, NULL, 65.23, 87.69, 69.35, 13.05, 52.61, 13.87, 79.53, 80.00, 13, 'approved', 0, '2026-03-07 15:28:01', NULL, NULL, NULL, NULL, '2026-03-07 15:28:01', '2026-03-07 15:28:01'),
	(335, 364, 5, 'Q3', NULL, NULL, NULL, 65.76, 67.91, 92.67, 13.15, 40.75, 18.53, 72.43, 72.00, 14, 'approved', 0, '2026-03-07 15:28:01', NULL, NULL, NULL, NULL, '2026-03-07 15:28:01', '2026-03-07 15:28:01'),
	(336, 364, 5, 'Q4', NULL, NULL, NULL, 84.66, 70.28, 71.78, 16.93, 42.17, 14.36, 73.46, 73.00, 14, 'approved', 0, '2026-03-07 15:28:01', NULL, NULL, NULL, NULL, '2026-03-07 15:28:01', '2026-03-07 15:28:01'),
	(337, 365, 5, 'Q1', NULL, NULL, NULL, 97.87, 63.25, 83.94, 19.57, 37.95, 16.79, 74.31, 74.00, 13, 'approved', 0, '2026-03-07 15:28:01', NULL, NULL, NULL, NULL, '2026-03-07 15:28:01', '2026-03-07 15:28:01'),
	(338, 365, 5, 'Q2', NULL, NULL, NULL, 74.08, 74.48, 74.71, 14.82, 44.69, 14.94, 74.45, 74.00, 13, 'approved', 0, '2026-03-07 15:28:01', NULL, NULL, NULL, NULL, '2026-03-07 15:28:01', '2026-03-07 15:28:01'),
	(339, 365, 5, 'Q3', NULL, NULL, NULL, 70.74, 67.83, 63.78, 14.15, 40.70, 12.76, 67.61, 68.00, 14, 'approved', 0, '2026-03-07 15:28:01', NULL, NULL, NULL, NULL, '2026-03-07 15:28:01', '2026-03-07 15:28:01'),
	(340, 365, 5, 'Q4', NULL, NULL, NULL, 89.28, 82.34, 85.75, 17.86, 49.40, 17.15, 84.41, 84.00, 14, 'approved', 0, '2026-03-07 15:28:01', NULL, NULL, NULL, NULL, '2026-03-07 15:28:01', '2026-03-07 15:28:01'),
	(341, 366, 5, 'Q1', NULL, NULL, NULL, 93.17, 60.61, 92.29, 18.63, 36.37, 18.46, 73.46, 73.00, 13, 'approved', 0, '2026-03-07 15:28:01', NULL, NULL, NULL, NULL, '2026-03-07 15:28:01', '2026-03-07 15:28:01'),
	(342, 366, 5, 'Q2', NULL, NULL, NULL, 98.11, 73.05, 97.50, 19.62, 43.83, 19.50, 82.95, 83.00, 13, 'approved', 0, '2026-03-07 15:28:01', NULL, NULL, NULL, NULL, '2026-03-07 15:28:01', '2026-03-07 15:28:01'),
	(343, 366, 5, 'Q3', NULL, NULL, NULL, 68.60, 76.75, 83.79, 13.72, 46.05, 16.76, 76.53, 77.00, 14, 'approved', 0, '2026-03-07 15:28:01', NULL, NULL, NULL, NULL, '2026-03-07 15:28:01', '2026-03-07 15:28:01'),
	(344, 366, 5, 'Q4', NULL, NULL, NULL, 67.20, 66.29, 70.48, 13.44, 39.77, 14.10, 67.31, 67.00, 14, 'approved', 0, '2026-03-07 15:28:01', NULL, NULL, NULL, NULL, '2026-03-07 15:28:01', '2026-03-07 15:28:01'),
	(345, 367, 5, 'Q1', NULL, NULL, NULL, 93.20, 91.99, 90.02, 27.96, 46.00, 18.00, 91.96, 92.00, 13, 'approved', 0, '2026-03-07 15:28:01', NULL, NULL, NULL, NULL, '2026-03-07 15:28:01', '2026-03-07 15:28:01'),
	(346, 367, 5, 'Q2', NULL, NULL, NULL, 81.57, 86.53, 79.87, 24.47, 43.27, 15.97, 83.71, 84.00, 13, 'approved', 0, '2026-03-07 15:28:01', NULL, NULL, NULL, NULL, '2026-03-07 15:28:01', '2026-03-07 15:28:01'),
	(347, 367, 5, 'Q3', NULL, NULL, NULL, 86.33, 96.42, 91.86, 25.90, 48.21, 18.37, 92.48, 92.00, 14, 'approved', 0, '2026-03-07 15:28:01', NULL, NULL, NULL, NULL, '2026-03-07 15:28:01', '2026-03-07 15:28:01'),
	(348, 367, 5, 'Q4', NULL, NULL, NULL, 63.65, 61.56, 62.32, 19.10, 30.78, 12.46, 62.34, 62.00, 14, 'approved', 0, '2026-03-07 15:28:01', NULL, NULL, NULL, NULL, '2026-03-07 15:28:01', '2026-03-07 15:28:01'),
	(349, 368, 5, 'Q1', NULL, NULL, NULL, 92.45, 72.86, 63.63, 27.74, 36.43, 12.73, 76.90, 77.00, 13, 'approved', 0, '2026-03-07 15:28:01', NULL, NULL, NULL, NULL, '2026-03-07 15:28:01', '2026-03-07 15:28:01'),
	(350, 368, 5, 'Q2', NULL, NULL, NULL, 74.27, 69.07, 70.47, 22.28, 34.54, 14.09, 70.91, 71.00, 13, 'approved', 0, '2026-03-07 15:28:01', NULL, NULL, NULL, NULL, '2026-03-07 15:28:01', '2026-03-07 15:28:01'),
	(351, 368, 5, 'Q3', NULL, NULL, NULL, 98.44, 70.52, 84.59, 29.53, 35.26, 16.92, 81.71, 82.00, 14, 'approved', 0, '2026-03-07 15:28:01', NULL, NULL, NULL, NULL, '2026-03-07 15:28:01', '2026-03-07 15:28:01'),
	(352, 368, 5, 'Q4', NULL, NULL, NULL, 73.29, 60.81, 97.43, 21.99, 30.41, 19.49, 71.89, 72.00, 14, 'approved', 0, '2026-03-07 15:28:01', NULL, NULL, NULL, NULL, '2026-03-07 15:28:01', '2026-03-07 15:28:01'),
	(353, 369, 5, 'Q1', NULL, NULL, NULL, 61.41, 80.75, 92.47, 18.42, 40.38, 18.49, 77.29, 77.00, 13, 'approved', 0, '2026-03-07 15:28:01', NULL, NULL, NULL, NULL, '2026-03-07 15:28:01', '2026-03-07 15:28:01'),
	(354, 369, 5, 'Q2', NULL, NULL, NULL, 77.15, 95.13, 80.29, 23.15, 47.57, 16.06, 86.78, 87.00, 13, 'approved', 0, '2026-03-07 15:28:01', NULL, NULL, NULL, NULL, '2026-03-07 15:28:01', '2026-03-07 15:28:01'),
	(355, 369, 5, 'Q3', NULL, NULL, NULL, 62.59, 91.78, 77.92, 18.78, 45.89, 15.58, 80.25, 80.00, 14, 'approved', 0, '2026-03-07 15:28:01', NULL, NULL, NULL, NULL, '2026-03-07 15:28:01', '2026-03-07 15:28:01'),
	(356, 369, 5, 'Q4', NULL, NULL, NULL, 81.40, 77.89, 71.67, 24.42, 38.95, 14.33, 77.70, 78.00, 14, 'approved', 0, '2026-03-07 15:28:01', NULL, NULL, NULL, NULL, '2026-03-07 15:28:01', '2026-03-07 15:28:01'),
	(357, 370, 5, 'Q1', NULL, NULL, NULL, 96.11, 69.28, 91.57, 28.83, 34.64, 18.31, 81.78, 82.00, 13, 'approved', 0, '2026-03-07 15:28:01', NULL, NULL, NULL, NULL, '2026-03-07 15:28:01', '2026-03-07 15:28:01'),
	(358, 370, 5, 'Q2', NULL, NULL, NULL, 76.18, 81.53, 65.45, 22.85, 40.77, 13.09, 76.71, 77.00, 13, 'approved', 0, '2026-03-07 15:28:01', NULL, NULL, NULL, NULL, '2026-03-07 15:28:01', '2026-03-07 15:28:01'),
	(359, 370, 5, 'Q3', NULL, NULL, NULL, 90.61, 87.41, 70.99, 27.18, 43.71, 14.20, 85.09, 85.00, 14, 'approved', 0, '2026-03-07 15:28:01', NULL, NULL, NULL, NULL, '2026-03-07 15:28:01', '2026-03-07 15:28:01'),
	(360, 370, 5, 'Q4', NULL, NULL, NULL, 98.54, 76.37, 72.28, 29.56, 38.19, 14.46, 82.21, 82.00, 14, 'approved', 0, '2026-03-07 15:28:01', NULL, NULL, NULL, NULL, '2026-03-07 15:28:01', '2026-03-07 15:28:01'),
	(361, 371, 5, 'Q1', NULL, NULL, NULL, 97.81, 93.35, 60.96, 29.34, 46.68, 12.19, 88.21, 88.00, 13, 'approved', 0, '2026-03-07 15:28:01', NULL, NULL, NULL, NULL, '2026-03-07 15:28:01', '2026-03-07 15:28:01'),
	(362, 371, 5, 'Q2', NULL, NULL, NULL, 87.10, 96.29, 78.66, 26.13, 48.15, 15.73, 90.01, 90.00, 13, 'approved', 0, '2026-03-07 15:28:01', NULL, NULL, NULL, NULL, '2026-03-07 15:28:01', '2026-03-07 15:28:01'),
	(363, 371, 5, 'Q3', NULL, NULL, NULL, 97.03, 63.18, 72.66, 29.11, 31.59, 14.53, 75.23, 75.00, 14, 'approved', 0, '2026-03-07 15:28:01', NULL, NULL, NULL, NULL, '2026-03-07 15:28:01', '2026-03-07 15:28:01'),
	(364, 371, 5, 'Q4', NULL, NULL, NULL, 71.69, 98.74, 94.35, 21.51, 49.37, 18.87, 89.75, 90.00, 14, 'approved', 0, '2026-03-07 15:28:01', NULL, NULL, NULL, NULL, '2026-03-07 15:28:01', '2026-03-07 15:28:01'),
	(365, 372, 5, 'Q1', NULL, NULL, NULL, 79.08, 90.67, 73.21, 23.72, 45.34, 14.64, 83.70, 84.00, 13, 'approved', 0, '2026-03-07 15:28:01', NULL, NULL, NULL, NULL, '2026-03-07 15:28:01', '2026-03-07 15:28:01'),
	(366, 372, 5, 'Q2', NULL, NULL, NULL, 72.78, 92.17, 77.11, 21.83, 46.09, 15.42, 83.34, 83.00, 13, 'approved', 0, '2026-03-07 15:28:01', NULL, NULL, NULL, NULL, '2026-03-07 15:28:01', '2026-03-07 15:28:01'),
	(367, 372, 5, 'Q3', NULL, NULL, NULL, 75.67, 85.65, 76.80, 22.70, 42.83, 15.36, 80.89, 81.00, 14, 'approved', 0, '2026-03-07 15:28:01', NULL, NULL, NULL, NULL, '2026-03-07 15:28:01', '2026-03-07 15:28:01'),
	(368, 372, 5, 'Q4', NULL, NULL, NULL, 75.33, 86.92, 97.04, 22.60, 43.46, 19.41, 85.47, 85.00, 14, 'approved', 0, '2026-03-07 15:28:01', NULL, NULL, NULL, NULL, '2026-03-07 15:28:01', '2026-03-07 15:28:01'),
	(369, 373, 5, 'Q1', NULL, NULL, NULL, 70.66, 65.37, 85.28, 21.20, 32.69, 17.06, 70.95, 71.00, 13, 'approved', 0, '2026-03-07 15:28:01', NULL, NULL, NULL, NULL, '2026-03-07 15:28:01', '2026-03-07 15:28:01'),
	(370, 373, 5, 'Q2', NULL, NULL, NULL, 85.95, 81.93, 73.64, 25.79, 40.97, 14.73, 81.49, 81.00, 13, 'approved', 0, '2026-03-07 15:28:01', NULL, NULL, NULL, NULL, '2026-03-07 15:28:01', '2026-03-07 15:28:01'),
	(371, 373, 5, 'Q3', NULL, NULL, NULL, 72.52, 85.80, 64.11, 21.76, 42.90, 12.82, 77.48, 77.00, 14, 'approved', 0, '2026-03-07 15:28:01', NULL, NULL, NULL, NULL, '2026-03-07 15:28:01', '2026-03-07 15:28:01'),
	(372, 373, 5, 'Q4', NULL, NULL, NULL, 75.64, 86.46, 91.38, 22.69, 43.23, 18.28, 84.20, 84.00, 14, 'approved', 0, '2026-03-07 15:28:01', NULL, NULL, NULL, NULL, '2026-03-07 15:28:01', '2026-03-07 15:28:01'),
	(373, 374, 5, 'Q1', NULL, NULL, NULL, 82.69, 61.67, 88.47, 24.81, 30.84, 17.69, 73.34, 73.00, 13, 'approved', 0, '2026-03-07 15:28:01', NULL, NULL, NULL, NULL, '2026-03-07 15:28:01', '2026-03-07 15:28:01'),
	(374, 374, 5, 'Q2', NULL, NULL, NULL, 95.18, 65.94, 82.41, 28.55, 32.97, 16.48, 78.00, 78.00, 13, 'approved', 0, '2026-03-07 15:28:01', NULL, NULL, NULL, NULL, '2026-03-07 15:28:01', '2026-03-07 15:28:01'),
	(375, 374, 5, 'Q3', NULL, NULL, NULL, 82.59, 70.63, 71.05, 24.78, 35.32, 14.21, 74.31, 74.00, 14, 'approved', 0, '2026-03-07 15:28:01', NULL, NULL, NULL, NULL, '2026-03-07 15:28:01', '2026-03-07 15:28:01'),
	(376, 374, 5, 'Q4', NULL, NULL, NULL, 87.69, 92.63, 73.16, 26.31, 46.32, 14.63, 87.26, 87.00, 14, 'approved', 0, '2026-03-07 15:28:01', NULL, NULL, NULL, NULL, '2026-03-07 15:28:01', '2026-03-07 15:28:01'),
	(377, 375, 5, 'Q1', NULL, NULL, NULL, 68.11, 65.29, 95.52, 20.43, 32.65, 19.10, 72.18, 72.00, 13, 'approved', 0, '2026-03-07 15:28:01', NULL, NULL, NULL, NULL, '2026-03-07 15:28:01', '2026-03-07 15:28:01'),
	(378, 375, 5, 'Q2', NULL, NULL, NULL, 64.63, 70.83, 74.05, 19.39, 35.42, 14.81, 69.62, 70.00, 13, 'approved', 0, '2026-03-07 15:28:01', NULL, NULL, NULL, NULL, '2026-03-07 15:28:01', '2026-03-07 15:28:01'),
	(379, 375, 5, 'Q3', NULL, NULL, NULL, 97.37, 96.66, 80.77, 29.21, 48.33, 16.15, 93.69, 94.00, 14, 'approved', 0, '2026-03-07 15:28:01', NULL, NULL, NULL, NULL, '2026-03-07 15:28:01', '2026-03-07 15:28:01'),
	(380, 375, 5, 'Q4', NULL, NULL, NULL, 66.37, 87.88, 82.45, 19.91, 43.94, 16.49, 80.34, 80.00, 14, 'approved', 0, '2026-03-07 15:28:01', NULL, NULL, NULL, NULL, '2026-03-07 15:28:01', '2026-03-07 15:28:01'),
	(381, 376, 5, 'Q1', NULL, NULL, NULL, 64.83, 88.45, 61.82, 19.45, 44.23, 12.36, 76.04, 76.00, 13, 'approved', 0, '2026-03-07 15:28:01', NULL, NULL, NULL, NULL, '2026-03-07 15:28:01', '2026-03-07 15:28:01'),
	(382, 376, 5, 'Q2', NULL, NULL, NULL, 62.16, 78.28, 70.28, 18.65, 39.14, 14.06, 71.85, 72.00, 13, 'approved', 0, '2026-03-07 15:28:01', NULL, NULL, NULL, NULL, '2026-03-07 15:28:01', '2026-03-07 15:28:01'),
	(383, 376, 5, 'Q3', NULL, NULL, NULL, 66.46, 81.98, 63.62, 19.94, 40.99, 12.72, 73.65, 74.00, 14, 'approved', 0, '2026-03-07 15:28:01', NULL, NULL, NULL, NULL, '2026-03-07 15:28:01', '2026-03-07 15:28:01'),
	(384, 376, 5, 'Q4', NULL, NULL, NULL, 82.38, 92.98, 74.49, 24.71, 46.49, 14.90, 86.10, 86.00, 14, 'approved', 0, '2026-03-07 15:28:01', NULL, NULL, NULL, NULL, '2026-03-07 15:28:01', '2026-03-07 15:28:01'),
	(385, 377, 5, 'Q1', NULL, NULL, NULL, 95.64, 72.49, 62.40, 38.26, 29.00, 12.48, 79.74, 80.00, 13, 'approved', 0, '2026-03-07 15:28:01', NULL, NULL, NULL, NULL, '2026-03-07 15:28:01', '2026-03-07 15:28:01'),
	(386, 377, 5, 'Q2', NULL, NULL, NULL, 70.89, 89.18, 71.51, 28.36, 35.67, 14.30, 78.33, 78.00, 13, 'approved', 0, '2026-03-07 15:28:01', NULL, NULL, NULL, NULL, '2026-03-07 15:28:01', '2026-03-07 15:28:01'),
	(387, 377, 5, 'Q3', NULL, NULL, NULL, 92.89, 66.41, 87.00, 37.16, 26.56, 17.40, 81.12, 81.00, 14, 'approved', 0, '2026-03-07 15:28:01', NULL, NULL, NULL, NULL, '2026-03-07 15:28:01', '2026-03-07 15:28:01'),
	(388, 377, 5, 'Q4', NULL, NULL, NULL, 86.50, 71.55, 82.11, 34.60, 28.62, 16.42, 79.64, 80.00, 14, 'approved', 0, '2026-03-07 15:28:01', NULL, NULL, NULL, NULL, '2026-03-07 15:28:01', '2026-03-07 15:28:01'),
	(389, 378, 5, 'Q1', NULL, NULL, NULL, 84.02, 66.86, 72.57, 33.61, 26.74, 14.51, 74.86, 75.00, 13, 'approved', 0, '2026-03-07 15:28:01', NULL, NULL, NULL, NULL, '2026-03-07 15:28:01', '2026-03-07 15:28:01'),
	(390, 378, 5, 'Q2', NULL, NULL, NULL, 74.71, 90.39, 71.83, 29.88, 36.16, 14.37, 80.41, 80.00, 13, 'approved', 0, '2026-03-07 15:28:01', NULL, NULL, NULL, NULL, '2026-03-07 15:28:01', '2026-03-07 15:28:01'),
	(391, 378, 5, 'Q3', NULL, NULL, NULL, 98.13, 98.02, 95.72, 39.25, 39.21, 19.14, 97.60, 98.00, 14, 'approved', 0, '2026-03-07 15:28:01', NULL, NULL, NULL, NULL, '2026-03-07 15:28:01', '2026-03-07 15:28:01'),
	(392, 378, 5, 'Q4', NULL, NULL, NULL, 96.04, 68.59, 71.71, 38.42, 27.44, 14.34, 80.20, 80.00, 14, 'approved', 0, '2026-03-07 15:28:01', NULL, NULL, NULL, NULL, '2026-03-07 15:28:01', '2026-03-07 15:28:01'),
	(393, 379, 5, 'Q1', NULL, NULL, NULL, 79.04, 66.88, 96.40, 31.62, 26.75, 19.28, 77.65, 78.00, 13, 'approved', 0, '2026-03-07 15:28:01', NULL, NULL, NULL, NULL, '2026-03-07 15:28:01', '2026-03-07 15:28:01'),
	(394, 379, 5, 'Q2', NULL, NULL, NULL, 79.43, 64.78, 65.25, 31.77, 25.91, 13.05, 70.73, 71.00, 13, 'approved', 0, '2026-03-07 15:28:01', NULL, NULL, NULL, NULL, '2026-03-07 15:28:01', '2026-03-07 15:28:01'),
	(395, 379, 5, 'Q3', NULL, NULL, NULL, 63.58, 86.48, 81.69, 25.43, 34.59, 16.34, 76.36, 76.00, 14, 'approved', 0, '2026-03-07 15:28:01', NULL, NULL, NULL, NULL, '2026-03-07 15:28:01', '2026-03-07 15:28:01'),
	(396, 379, 5, 'Q4', NULL, NULL, NULL, 76.11, 91.40, 70.63, 30.44, 36.56, 14.13, 81.13, 81.00, 14, 'approved', 0, '2026-03-07 15:28:01', NULL, NULL, NULL, NULL, '2026-03-07 15:28:01', '2026-03-07 15:28:01'),
	(397, 380, 5, 'Q1', NULL, NULL, NULL, 79.53, 64.32, 75.68, 31.81, 25.73, 15.14, 72.68, 73.00, 13, 'approved', 0, '2026-03-07 15:28:01', NULL, NULL, NULL, NULL, '2026-03-07 15:28:01', '2026-03-07 15:28:01'),
	(398, 380, 5, 'Q2', NULL, NULL, NULL, 94.18, 64.43, 87.59, 37.67, 25.77, 17.52, 80.96, 81.00, 13, 'approved', 0, '2026-03-07 15:28:01', NULL, NULL, NULL, NULL, '2026-03-07 15:28:01', '2026-03-07 15:28:01'),
	(399, 380, 5, 'Q3', NULL, NULL, NULL, 66.31, 76.26, 87.76, 26.52, 30.50, 17.55, 74.57, 75.00, 14, 'approved', 0, '2026-03-07 15:28:01', NULL, NULL, NULL, NULL, '2026-03-07 15:28:01', '2026-03-07 15:28:01'),
	(400, 380, 5, 'Q4', NULL, NULL, NULL, 61.64, 94.48, 67.10, 24.66, 37.79, 13.42, 75.87, 76.00, 14, 'approved', 0, '2026-03-07 15:28:01', NULL, NULL, NULL, NULL, '2026-03-07 15:28:01', '2026-03-07 15:28:01'),
	(401, 381, 5, 'Q1', NULL, NULL, NULL, 86.62, 79.43, 79.82, 34.65, 31.77, 15.96, 82.38, 82.00, 13, 'approved', 0, '2026-03-07 15:28:01', NULL, NULL, NULL, NULL, '2026-03-07 15:28:01', '2026-03-07 15:28:01'),
	(402, 381, 5, 'Q2', NULL, NULL, NULL, 60.64, 75.03, 98.02, 24.26, 30.01, 19.60, 73.87, 74.00, 13, 'approved', 0, '2026-03-07 15:28:01', NULL, NULL, NULL, NULL, '2026-03-07 15:28:01', '2026-03-07 15:28:01'),
	(403, 381, 5, 'Q3', NULL, NULL, NULL, 70.78, 92.88, 78.30, 28.31, 37.15, 15.66, 81.12, 81.00, 14, 'approved', 0, '2026-03-07 15:28:01', NULL, NULL, NULL, NULL, '2026-03-07 15:28:01', '2026-03-07 15:28:01'),
	(404, 381, 5, 'Q4', NULL, NULL, NULL, 80.05, 63.85, 66.73, 32.02, 25.54, 13.35, 70.91, 71.00, 14, 'approved', 0, '2026-03-07 15:28:01', NULL, NULL, NULL, NULL, '2026-03-07 15:28:01', '2026-03-07 15:28:01'),
	(405, 382, 5, 'Q1', NULL, NULL, NULL, 76.24, 61.86, 63.08, 30.50, 24.74, 12.62, 67.86, 68.00, 13, 'approved', 0, '2026-03-07 15:28:01', NULL, NULL, NULL, NULL, '2026-03-07 15:28:01', '2026-03-07 15:28:01'),
	(406, 382, 5, 'Q2', NULL, NULL, NULL, 97.88, 90.20, 84.47, 39.15, 36.08, 16.89, 92.12, 92.00, 13, 'approved', 0, '2026-03-07 15:28:01', NULL, NULL, NULL, NULL, '2026-03-07 15:28:01', '2026-03-07 15:28:01'),
	(407, 382, 5, 'Q3', NULL, NULL, NULL, 87.46, 79.75, 81.78, 34.98, 31.90, 16.36, 83.24, 83.00, 14, 'approved', 0, '2026-03-07 15:28:01', NULL, NULL, NULL, NULL, '2026-03-07 15:28:01', '2026-03-07 15:28:01'),
	(408, 382, 5, 'Q4', NULL, NULL, NULL, 76.05, 66.91, 74.22, 30.42, 26.76, 14.84, 72.02, 72.00, 14, 'approved', 0, '2026-03-07 15:28:01', NULL, NULL, NULL, NULL, '2026-03-07 15:28:01', '2026-03-07 15:28:01'),
	(409, 383, 5, 'Q1', NULL, NULL, NULL, 90.19, 70.16, 70.12, 27.06, 35.08, 14.02, 76.16, 76.00, 13, 'approved', 0, '2026-03-07 15:28:01', NULL, NULL, NULL, NULL, '2026-03-07 15:28:01', '2026-03-07 15:28:01'),
	(410, 383, 5, 'Q2', NULL, NULL, NULL, 94.00, 97.60, 97.55, 28.20, 48.80, 19.51, 96.51, 97.00, 13, 'approved', 0, '2026-03-07 15:28:01', NULL, NULL, NULL, NULL, '2026-03-07 15:28:01', '2026-03-07 15:28:01'),
	(411, 383, 5, 'Q3', NULL, NULL, NULL, 82.71, 71.96, 97.74, 24.81, 35.98, 19.55, 80.34, 80.00, 14, 'approved', 0, '2026-03-07 15:28:01', NULL, NULL, NULL, NULL, '2026-03-07 15:28:01', '2026-03-07 15:28:01'),
	(412, 383, 5, 'Q4', NULL, NULL, NULL, 93.64, 60.68, 60.19, 28.09, 30.34, 12.04, 70.47, 70.00, 14, 'approved', 0, '2026-03-07 15:28:01', NULL, NULL, NULL, NULL, '2026-03-07 15:28:01', '2026-03-07 15:28:01'),
	(413, 384, 5, 'Q1', NULL, NULL, NULL, 90.52, 64.35, 81.30, 27.16, 32.18, 16.26, 75.60, 76.00, 13, 'approved', 0, '2026-03-07 15:28:01', NULL, NULL, NULL, NULL, '2026-03-07 15:28:01', '2026-03-07 15:28:01'),
	(414, 384, 5, 'Q2', NULL, NULL, NULL, 84.10, 63.83, 71.73, 25.23, 31.92, 14.35, 71.50, 72.00, 13, 'approved', 0, '2026-03-07 15:28:01', NULL, NULL, NULL, NULL, '2026-03-07 15:28:01', '2026-03-07 15:28:01'),
	(415, 384, 5, 'Q3', NULL, NULL, NULL, 78.23, 73.88, 96.72, 23.47, 36.94, 19.34, 79.75, 80.00, 14, 'approved', 0, '2026-03-07 15:28:01', NULL, NULL, NULL, NULL, '2026-03-07 15:28:01', '2026-03-07 15:28:01'),
	(416, 384, 5, 'Q4', NULL, NULL, NULL, 84.29, 61.20, 74.99, 25.29, 30.60, 15.00, 70.89, 71.00, 14, 'approved', 0, '2026-03-07 15:28:01', NULL, NULL, NULL, NULL, '2026-03-07 15:28:01', '2026-03-07 15:28:01'),
	(417, 385, 5, 'Q1', NULL, NULL, NULL, 67.89, 94.16, 97.41, 20.37, 47.08, 19.48, 86.93, 87.00, 13, 'approved', 0, '2026-03-07 15:28:01', NULL, NULL, NULL, NULL, '2026-03-07 15:28:01', '2026-03-07 15:28:01'),
	(418, 385, 5, 'Q2', NULL, NULL, NULL, 92.29, 68.73, 64.02, 27.69, 34.37, 12.80, 74.86, 75.00, 13, 'approved', 0, '2026-03-07 15:28:01', NULL, NULL, NULL, NULL, '2026-03-07 15:28:01', '2026-03-07 15:28:01'),
	(419, 385, 5, 'Q3', NULL, NULL, NULL, 80.72, 74.60, 84.04, 24.22, 37.30, 16.81, 78.33, 78.00, 14, 'approved', 0, '2026-03-07 15:28:01', NULL, NULL, NULL, NULL, '2026-03-07 15:28:01', '2026-03-07 15:28:01'),
	(420, 385, 5, 'Q4', NULL, NULL, NULL, 89.46, 68.05, 68.77, 26.84, 34.03, 13.75, 74.62, 75.00, 14, 'approved', 0, '2026-03-07 15:28:01', NULL, NULL, NULL, NULL, '2026-03-07 15:28:01', '2026-03-07 15:28:01'),
	(421, 386, 5, 'Q1', NULL, NULL, NULL, 98.06, 92.00, 77.24, 29.42, 46.00, 15.45, 90.87, 91.00, 13, 'approved', 0, '2026-03-07 15:28:01', NULL, NULL, NULL, NULL, '2026-03-07 15:28:01', '2026-03-07 15:28:01'),
	(422, 386, 5, 'Q2', NULL, NULL, NULL, 82.54, 93.88, 84.50, 24.76, 46.94, 16.90, 88.60, 89.00, 13, 'approved', 0, '2026-03-07 15:28:01', NULL, NULL, NULL, NULL, '2026-03-07 15:28:01', '2026-03-07 15:28:01'),
	(423, 386, 5, 'Q3', NULL, NULL, NULL, 86.16, 69.00, 95.12, 25.85, 34.50, 19.02, 79.37, 79.00, 14, 'approved', 0, '2026-03-07 15:28:01', NULL, NULL, NULL, NULL, '2026-03-07 15:28:01', '2026-03-07 15:28:01'),
	(424, 386, 5, 'Q4', NULL, NULL, NULL, 74.12, 92.03, 81.57, 22.24, 46.02, 16.31, 84.57, 85.00, 14, 'approved', 0, '2026-03-07 15:28:01', NULL, NULL, NULL, NULL, '2026-03-07 15:28:01', '2026-03-07 15:28:01'),
	(425, 387, 5, 'Q1', NULL, NULL, NULL, 73.41, 93.84, 79.48, 22.02, 46.92, 15.90, 84.84, 85.00, 13, 'approved', 0, '2026-03-07 15:28:01', NULL, NULL, NULL, NULL, '2026-03-07 15:28:01', '2026-03-07 15:28:01'),
	(426, 387, 5, 'Q2', NULL, NULL, NULL, 62.50, 76.76, 73.35, 18.75, 38.38, 14.67, 71.80, 72.00, 13, 'approved', 0, '2026-03-07 15:28:01', NULL, NULL, NULL, NULL, '2026-03-07 15:28:01', '2026-03-07 15:28:01'),
	(427, 387, 5, 'Q3', NULL, NULL, NULL, 85.16, 91.79, 85.77, 25.55, 45.90, 17.15, 88.60, 89.00, 14, 'approved', 0, '2026-03-07 15:28:01', NULL, NULL, NULL, NULL, '2026-03-07 15:28:01', '2026-03-07 15:28:01'),
	(428, 387, 5, 'Q4', NULL, NULL, NULL, 93.21, 98.49, 84.40, 27.96, 49.25, 16.88, 94.09, 94.00, 14, 'approved', 0, '2026-03-07 15:28:01', NULL, NULL, NULL, NULL, '2026-03-07 15:28:01', '2026-03-07 15:28:01'),
	(429, 388, 5, 'Q1', NULL, NULL, NULL, 62.14, 69.65, 91.98, 18.64, 34.83, 18.40, 71.87, 72.00, 13, 'approved', 0, '2026-03-07 15:28:01', NULL, NULL, NULL, NULL, '2026-03-07 15:28:01', '2026-03-07 15:28:01'),
	(430, 388, 5, 'Q2', NULL, NULL, NULL, 96.61, 79.86, 79.23, 28.98, 39.93, 15.85, 84.76, 85.00, 13, 'approved', 0, '2026-03-07 15:28:01', NULL, NULL, NULL, NULL, '2026-03-07 15:28:01', '2026-03-07 15:28:01'),
	(431, 388, 5, 'Q3', NULL, NULL, NULL, 95.99, 75.65, 76.58, 28.80, 37.83, 15.32, 81.95, 82.00, 14, 'approved', 0, '2026-03-07 15:28:01', NULL, NULL, NULL, NULL, '2026-03-07 15:28:01', '2026-03-07 15:28:01'),
	(432, 388, 5, 'Q4', NULL, NULL, NULL, 62.53, 70.92, 80.48, 18.76, 35.46, 16.10, 70.32, 70.00, 14, 'approved', 0, '2026-03-07 15:28:01', NULL, NULL, NULL, NULL, '2026-03-07 15:28:01', '2026-03-07 15:28:01'),
	(433, 389, 5, 'Q1', NULL, NULL, NULL, 98.14, 97.36, 67.95, 19.63, 58.42, 13.59, 91.64, 92.00, 13, 'approved', 0, '2026-03-07 15:28:01', NULL, NULL, NULL, NULL, '2026-03-07 15:28:01', '2026-03-07 15:28:01'),
	(434, 389, 5, 'Q2', NULL, NULL, NULL, 69.58, 60.92, 73.44, 13.92, 36.55, 14.69, 65.16, 65.00, 13, 'approved', 0, '2026-03-07 15:28:01', NULL, NULL, NULL, NULL, '2026-03-07 15:28:01', '2026-03-07 15:28:01'),
	(435, 389, 5, 'Q3', NULL, NULL, NULL, 84.65, 82.57, 82.29, 16.93, 49.54, 16.46, 82.93, 83.00, 14, 'approved', 0, '2026-03-07 15:28:01', NULL, NULL, NULL, NULL, '2026-03-07 15:28:01', '2026-03-07 15:28:01'),
	(436, 389, 5, 'Q4', NULL, NULL, NULL, 94.98, 88.74, 83.14, 19.00, 53.24, 16.63, 88.87, 89.00, 14, 'approved', 0, '2026-03-07 15:28:01', NULL, NULL, NULL, NULL, '2026-03-07 15:28:01', '2026-03-07 15:28:01'),
	(437, 390, 5, 'Q1', NULL, NULL, NULL, 80.00, 88.53, 62.03, 16.00, 53.12, 12.41, 81.53, 82.00, 13, 'approved', 0, '2026-03-07 15:28:01', NULL, NULL, NULL, NULL, '2026-03-07 15:28:01', '2026-03-07 15:28:01'),
	(438, 390, 5, 'Q2', NULL, NULL, NULL, 69.68, 92.32, 66.84, 13.94, 55.39, 13.37, 82.70, 83.00, 13, 'approved', 0, '2026-03-07 15:28:01', NULL, NULL, NULL, NULL, '2026-03-07 15:28:01', '2026-03-07 15:28:01'),
	(439, 390, 5, 'Q3', NULL, NULL, NULL, 97.94, 60.11, 81.69, 19.59, 36.07, 16.34, 72.00, 72.00, 14, 'approved', 0, '2026-03-07 15:28:01', NULL, NULL, NULL, NULL, '2026-03-07 15:28:01', '2026-03-07 15:28:01'),
	(440, 390, 5, 'Q4', NULL, NULL, NULL, 79.51, 68.41, 63.08, 15.90, 41.05, 12.62, 69.57, 70.00, 14, 'approved', 0, '2026-03-07 15:28:01', NULL, NULL, NULL, NULL, '2026-03-07 15:28:01', '2026-03-07 15:28:01'),
	(441, 391, 5, 'Q1', NULL, NULL, NULL, 73.03, 76.71, 95.51, 14.61, 46.03, 19.10, 79.74, 80.00, 13, 'approved', 0, '2026-03-07 15:28:01', NULL, NULL, NULL, NULL, '2026-03-07 15:28:01', '2026-03-07 15:28:01'),
	(442, 391, 5, 'Q2', NULL, NULL, NULL, 72.82, 82.04, 86.02, 14.56, 49.22, 17.20, 80.98, 81.00, 13, 'approved', 0, '2026-03-07 15:28:01', NULL, NULL, NULL, NULL, '2026-03-07 15:28:01', '2026-03-07 15:28:01'),
	(443, 391, 5, 'Q3', NULL, NULL, NULL, 62.67, 89.72, 77.30, 12.53, 53.83, 15.46, 81.82, 82.00, 14, 'approved', 0, '2026-03-07 15:28:01', NULL, NULL, NULL, NULL, '2026-03-07 15:28:01', '2026-03-07 15:28:01'),
	(444, 391, 5, 'Q4', NULL, NULL, NULL, 61.97, 91.99, 93.48, 12.39, 55.19, 18.70, 86.28, 86.00, 14, 'approved', 0, '2026-03-07 15:28:01', NULL, NULL, NULL, NULL, '2026-03-07 15:28:01', '2026-03-07 15:28:01'),
	(445, 392, 5, 'Q1', NULL, NULL, NULL, 77.81, 84.24, 70.56, 15.56, 50.54, 14.11, 80.21, 80.00, 13, 'approved', 0, '2026-03-07 15:28:01', NULL, NULL, NULL, NULL, '2026-03-07 15:28:01', '2026-03-07 15:28:01'),
	(446, 392, 5, 'Q2', NULL, NULL, NULL, 65.30, 92.70, 82.95, 13.06, 55.62, 16.59, 85.27, 85.00, 13, 'approved', 0, '2026-03-07 15:28:01', NULL, NULL, NULL, NULL, '2026-03-07 15:28:01', '2026-03-07 15:28:01'),
	(447, 392, 5, 'Q3', NULL, NULL, NULL, 77.29, 97.04, 74.56, 15.46, 58.22, 14.91, 88.59, 89.00, 14, 'approved', 0, '2026-03-07 15:28:01', NULL, NULL, NULL, NULL, '2026-03-07 15:28:01', '2026-03-07 15:28:01'),
	(448, 392, 5, 'Q4', NULL, NULL, NULL, 87.11, 86.25, 93.94, 17.42, 51.75, 18.79, 87.96, 88.00, 14, 'approved', 0, '2026-03-07 15:28:01', NULL, NULL, NULL, NULL, '2026-03-07 15:28:01', '2026-03-07 15:28:01'),
	(449, 393, 5, 'Q1', NULL, NULL, NULL, 91.99, 75.48, 76.08, 18.40, 45.29, 15.22, 78.91, 79.00, 13, 'approved', 0, '2026-03-07 15:28:01', NULL, NULL, NULL, NULL, '2026-03-07 15:28:01', '2026-03-07 15:28:01'),
	(450, 393, 5, 'Q2', NULL, NULL, NULL, 61.93, 84.95, 86.07, 12.39, 50.97, 17.21, 80.57, 81.00, 13, 'approved', 0, '2026-03-07 15:28:01', NULL, NULL, NULL, NULL, '2026-03-07 15:28:01', '2026-03-07 15:28:01'),
	(451, 393, 5, 'Q3', NULL, NULL, NULL, 88.87, 90.31, 66.26, 17.77, 54.19, 13.25, 85.21, 85.00, 14, 'approved', 0, '2026-03-07 15:28:01', NULL, NULL, NULL, NULL, '2026-03-07 15:28:01', '2026-03-07 15:28:01'),
	(452, 393, 5, 'Q4', NULL, NULL, NULL, 74.28, 83.83, 75.93, 14.86, 50.30, 15.19, 80.35, 80.00, 14, 'approved', 0, '2026-03-07 15:28:01', NULL, NULL, NULL, NULL, '2026-03-07 15:28:01', '2026-03-07 15:28:01'),
	(453, 394, 5, 'Q1', NULL, NULL, NULL, 95.44, 87.19, 61.99, 19.09, 52.31, 12.40, 83.80, 84.00, 13, 'approved', 0, '2026-03-07 15:28:01', NULL, NULL, NULL, NULL, '2026-03-07 15:28:01', '2026-03-07 15:28:01'),
	(454, 394, 5, 'Q2', NULL, NULL, NULL, 70.24, 94.08, 97.80, 14.05, 56.45, 19.56, 90.06, 90.00, 13, 'approved', 0, '2026-03-07 15:28:01', NULL, NULL, NULL, NULL, '2026-03-07 15:28:01', '2026-03-07 15:28:01'),
	(455, 394, 5, 'Q3', NULL, NULL, NULL, 61.29, 86.86, 61.92, 12.26, 52.12, 12.38, 76.76, 77.00, 14, 'approved', 0, '2026-03-07 15:28:01', NULL, NULL, NULL, NULL, '2026-03-07 15:28:01', '2026-03-07 15:28:01'),
	(456, 394, 5, 'Q4', NULL, NULL, NULL, 90.69, 95.50, 85.70, 18.14, 57.30, 17.14, 92.58, 93.00, 14, 'approved', 0, '2026-03-07 15:28:01', NULL, NULL, NULL, NULL, '2026-03-07 15:28:01', '2026-03-07 15:28:01'),
	(457, 395, 5, 'Q1', NULL, NULL, NULL, 74.05, 71.06, 85.94, 14.81, 42.64, 17.19, 74.64, 75.00, 13, 'approved', 0, '2026-03-07 15:28:01', NULL, NULL, NULL, NULL, '2026-03-07 15:28:01', '2026-03-07 15:28:01'),
	(458, 395, 5, 'Q2', NULL, NULL, NULL, 68.00, 74.54, 89.29, 13.60, 44.72, 17.86, 76.18, 76.00, 13, 'approved', 0, '2026-03-07 15:28:01', NULL, NULL, NULL, NULL, '2026-03-07 15:28:01', '2026-03-07 15:28:01'),
	(459, 395, 5, 'Q3', NULL, NULL, NULL, 77.20, 94.68, 86.87, 15.44, 56.81, 17.37, 89.62, 90.00, 14, 'approved', 0, '2026-03-07 15:28:01', NULL, NULL, NULL, NULL, '2026-03-07 15:28:01', '2026-03-07 15:28:01'),
	(460, 395, 5, 'Q4', NULL, NULL, NULL, 62.89, 71.23, 62.19, 12.58, 42.74, 12.44, 67.76, 68.00, 14, 'approved', 0, '2026-03-07 15:28:01', NULL, NULL, NULL, NULL, '2026-03-07 15:28:01', '2026-03-07 15:28:01'),
	(461, 396, 5, 'Q1', NULL, NULL, NULL, 77.01, 69.93, 66.98, 15.40, 41.96, 13.40, 70.76, 71.00, 13, 'approved', 0, '2026-03-07 15:28:01', NULL, NULL, NULL, NULL, '2026-03-07 15:28:01', '2026-03-07 15:28:01'),
	(462, 396, 5, 'Q2', NULL, NULL, NULL, 73.97, 63.71, 69.57, 14.79, 38.23, 13.91, 66.93, 67.00, 13, 'approved', 0, '2026-03-07 15:28:01', NULL, NULL, NULL, NULL, '2026-03-07 15:28:01', '2026-03-07 15:28:01'),
	(463, 396, 5, 'Q3', NULL, NULL, NULL, 66.57, 73.91, 60.14, 13.31, 44.35, 12.03, 69.69, 70.00, 14, 'approved', 0, '2026-03-07 15:28:01', NULL, NULL, NULL, NULL, '2026-03-07 15:28:01', '2026-03-07 15:28:01'),
	(464, 396, 5, 'Q4', NULL, NULL, NULL, 73.83, 89.40, 72.49, 14.77, 53.64, 14.50, 82.91, 83.00, 14, 'approved', 0, '2026-03-07 15:28:01', NULL, NULL, NULL, NULL, '2026-03-07 15:28:01', '2026-03-07 15:28:01'),
	(465, 397, 5, 'Q1', NULL, NULL, NULL, 93.42, 79.70, 98.82, 18.68, 47.82, 19.76, 86.26, 86.00, 13, 'approved', 0, '2026-03-07 15:28:01', NULL, NULL, NULL, NULL, '2026-03-07 15:28:01', '2026-03-07 15:28:01'),
	(466, 397, 5, 'Q2', NULL, NULL, NULL, 77.89, 87.66, 76.73, 15.58, 52.60, 15.35, 83.53, 84.00, 13, 'approved', 0, '2026-03-07 15:28:01', NULL, NULL, NULL, NULL, '2026-03-07 15:28:01', '2026-03-07 15:28:01'),
	(467, 397, 5, 'Q3', NULL, NULL, NULL, 66.80, 70.11, 68.10, 13.36, 42.07, 13.62, 69.05, 69.00, 14, 'approved', 0, '2026-03-07 15:28:01', NULL, NULL, NULL, NULL, '2026-03-07 15:28:01', '2026-03-07 15:28:01'),
	(468, 397, 5, 'Q4', NULL, NULL, NULL, 95.88, 74.31, 79.55, 19.18, 44.59, 15.91, 79.68, 80.00, 14, 'approved', 0, '2026-03-07 15:28:01', NULL, NULL, NULL, NULL, '2026-03-07 15:28:01', '2026-03-07 15:28:01'),
	(469, 398, 5, 'Q1', NULL, NULL, NULL, 82.78, 68.13, 69.87, 24.83, 34.07, 13.97, 72.87, 73.00, 13, 'approved', 0, '2026-03-07 15:28:01', NULL, NULL, NULL, NULL, '2026-03-07 15:28:01', '2026-03-07 15:28:01'),
	(470, 398, 5, 'Q2', NULL, NULL, NULL, 64.54, 95.17, 64.80, 19.36, 47.59, 12.96, 79.91, 80.00, 13, 'approved', 0, '2026-03-07 15:28:01', NULL, NULL, NULL, NULL, '2026-03-07 15:28:01', '2026-03-07 15:28:01'),
	(471, 398, 5, 'Q3', NULL, NULL, NULL, 98.12, 67.31, 76.30, 29.44, 33.66, 15.26, 78.36, 78.00, 14, 'approved', 0, '2026-03-07 15:28:01', NULL, NULL, NULL, NULL, '2026-03-07 15:28:01', '2026-03-07 15:28:01'),
	(472, 398, 5, 'Q4', NULL, NULL, NULL, 67.45, 68.66, 60.48, 20.24, 34.33, 12.10, 66.67, 67.00, 14, 'approved', 0, '2026-03-07 15:28:01', NULL, NULL, NULL, NULL, '2026-03-07 15:28:01', '2026-03-07 15:28:01'),
	(473, 399, 5, 'Q1', NULL, NULL, NULL, 91.08, 89.97, 81.94, 27.32, 44.99, 16.39, 88.70, 89.00, 13, 'approved', 0, '2026-03-07 15:28:01', NULL, NULL, NULL, NULL, '2026-03-07 15:28:01', '2026-03-07 15:28:01'),
	(474, 399, 5, 'Q2', NULL, NULL, NULL, 69.34, 78.12, 80.68, 20.80, 39.06, 16.14, 76.00, 76.00, 13, 'approved', 0, '2026-03-07 15:28:01', NULL, NULL, NULL, NULL, '2026-03-07 15:28:01', '2026-03-07 15:28:01'),
	(475, 399, 5, 'Q3', NULL, NULL, NULL, 85.42, 67.38, 72.88, 25.63, 33.69, 14.58, 73.90, 74.00, 14, 'approved', 0, '2026-03-07 15:28:01', NULL, NULL, NULL, NULL, '2026-03-07 15:28:01', '2026-03-07 15:28:01'),
	(476, 399, 5, 'Q4', NULL, NULL, NULL, 88.18, 74.09, 91.55, 26.45, 37.05, 18.31, 81.81, 82.00, 14, 'approved', 0, '2026-03-07 15:28:01', NULL, NULL, NULL, NULL, '2026-03-07 15:28:01', '2026-03-07 15:28:01'),
	(477, 400, 5, 'Q1', NULL, NULL, NULL, 97.02, 78.13, 60.05, 29.11, 39.07, 12.01, 80.19, 80.00, 13, 'approved', 0, '2026-03-07 15:28:01', NULL, NULL, NULL, NULL, '2026-03-07 15:28:01', '2026-03-07 15:28:01'),
	(478, 400, 5, 'Q2', NULL, NULL, NULL, 73.62, 63.54, 79.30, 22.09, 31.77, 15.86, 69.72, 70.00, 13, 'approved', 0, '2026-03-07 15:28:01', NULL, NULL, NULL, NULL, '2026-03-07 15:28:01', '2026-03-07 15:28:01'),
	(479, 400, 5, 'Q3', NULL, NULL, NULL, 76.98, 95.94, 69.96, 23.09, 47.97, 13.99, 85.05, 85.00, 14, 'approved', 0, '2026-03-07 15:28:01', NULL, NULL, NULL, NULL, '2026-03-07 15:28:01', '2026-03-07 15:28:01'),
	(480, 400, 5, 'Q4', NULL, NULL, NULL, 78.07, 85.36, 63.57, 23.42, 42.68, 12.71, 78.81, 79.00, 14, 'approved', 0, '2026-03-07 15:28:01', NULL, NULL, NULL, NULL, '2026-03-07 15:28:01', '2026-03-07 15:28:01'),
	(481, 408, 3, 'Q1', NULL, NULL, NULL, NULL, NULL, NULL, NULL, NULL, NULL, 80.00, 80.00, 13, 'approved', 1, '2026-03-07 15:32:48', 22, '2026-03-07 16:23:02', '2026-03-07 16:23:02', NULL, '2026-03-07 15:28:01', '2026-03-07 16:23:02'),
	(482, 408, 3, 'Q2', NULL, NULL, NULL, 83.79, 69.38, 80.48, 20.95, 34.69, 20.12, 75.76, 76.00, 13, 'approved', 0, '2026-03-07 15:28:01', NULL, NULL, NULL, NULL, '2026-03-07 15:28:01', '2026-03-07 15:28:01'),
	(483, 409, 3, 'Q1', NULL, NULL, NULL, NULL, NULL, NULL, NULL, NULL, NULL, 94.00, 94.00, 13, 'approved', 1, '2026-03-07 15:32:48', 22, '2026-03-07 16:23:02', '2026-03-07 16:23:02', NULL, '2026-03-07 15:28:01', '2026-03-07 16:23:02'),
	(484, 409, 3, 'Q2', NULL, NULL, NULL, 81.86, 74.09, 74.62, 20.47, 37.05, 18.66, 76.18, 76.00, 13, 'approved', 0, '2026-03-07 15:28:01', NULL, NULL, NULL, NULL, '2026-03-07 15:28:01', '2026-03-07 15:28:01'),
	(485, 410, 3, 'Q1', NULL, NULL, NULL, NULL, NULL, NULL, NULL, NULL, NULL, 85.00, 85.00, 13, 'approved', 1, '2026-03-07 15:32:48', 22, '2026-03-07 16:23:02', '2026-03-07 16:23:02', NULL, '2026-03-07 15:28:01', '2026-03-07 16:23:02'),
	(486, 410, 3, 'Q2', NULL, NULL, NULL, 69.14, 70.73, 93.23, 17.29, 35.37, 23.31, 75.97, 76.00, 13, 'approved', 0, '2026-03-07 15:28:01', NULL, NULL, NULL, NULL, '2026-03-07 15:28:01', '2026-03-07 15:28:01'),
	(487, 411, 3, 'Q1', NULL, NULL, NULL, NULL, NULL, NULL, NULL, NULL, NULL, 88.00, 88.00, 13, 'approved', 1, '2026-03-07 15:32:48', 22, '2026-03-07 16:23:02', '2026-03-07 16:23:02', NULL, '2026-03-07 15:28:01', '2026-03-07 16:23:02'),
	(488, 411, 3, 'Q2', NULL, NULL, NULL, 66.31, 81.85, 68.70, 16.58, 40.93, 17.18, 74.69, 75.00, 13, 'approved', 0, '2026-03-07 15:28:01', NULL, NULL, NULL, NULL, '2026-03-07 15:28:01', '2026-03-07 15:28:01'),
	(489, 412, 3, 'Q1', NULL, NULL, NULL, NULL, NULL, NULL, NULL, NULL, NULL, 91.00, 91.00, 13, 'approved', 1, '2026-03-07 15:32:48', 22, '2026-03-07 16:23:02', '2026-03-07 16:23:02', NULL, '2026-03-07 15:28:01', '2026-03-07 16:23:02'),
	(490, 412, 3, 'Q2', NULL, NULL, NULL, 84.32, 88.32, 76.73, 21.08, 44.16, 19.18, 84.42, 84.00, 13, 'approved', 0, '2026-03-07 15:28:01', NULL, NULL, NULL, NULL, '2026-03-07 15:28:01', '2026-03-07 15:28:01'),
	(491, 413, 3, 'PRELIM', NULL, NULL, NULL, NULL, NULL, NULL, NULL, NULL, NULL, 89.00, 1.50, 13, 'approved', 1, '2026-03-07 15:32:48', 22, '2026-03-07 16:23:02', '2026-03-07 16:23:02', NULL, '2026-03-07 15:28:01', '2026-03-07 16:23:02'),
	(492, 413, 3, 'MIDTERM', NULL, NULL, NULL, NULL, NULL, NULL, NULL, NULL, NULL, 85.07, 2.00, 13, 'approved', 1, '2026-03-07 15:28:01', NULL, NULL, NULL, NULL, '2026-03-07 15:28:01', '2026-03-07 15:46:42'),
	(493, 413, 3, 'SEMIFINAL', NULL, NULL, NULL, NULL, NULL, NULL, NULL, NULL, NULL, 77.80, 2.75, 13, 'approved', 1, '2026-03-07 15:28:01', NULL, NULL, NULL, NULL, '2026-03-07 15:28:01', '2026-03-07 15:46:42'),
	(494, 413, 3, 'FINAL', NULL, NULL, NULL, NULL, NULL, NULL, NULL, NULL, NULL, 78.83, 1.50, 13, 'approved', 1, '2026-03-07 15:28:01', NULL, NULL, NULL, NULL, '2026-03-07 15:28:01', '2026-03-07 15:46:42'),
	(495, 414, 3, 'PRELIM', NULL, NULL, NULL, NULL, NULL, NULL, NULL, NULL, NULL, 75.00, 3.00, 13, 'approved', 1, '2026-03-07 15:32:48', 22, '2026-03-07 16:23:02', '2026-03-07 16:23:02', NULL, '2026-03-07 15:28:01', '2026-03-07 16:23:02'),
	(496, 414, 3, 'MIDTERM', NULL, NULL, NULL, NULL, NULL, NULL, NULL, NULL, NULL, 89.82, 1.75, 13, 'approved', 1, '2026-03-07 15:28:01', NULL, NULL, NULL, NULL, '2026-03-07 15:28:01', '2026-03-07 15:46:42'),
	(497, 414, 3, 'SEMIFINAL', NULL, NULL, NULL, NULL, NULL, NULL, NULL, NULL, NULL, 86.91, 2.00, 13, 'approved', 1, '2026-03-07 15:28:01', NULL, NULL, NULL, NULL, '2026-03-07 15:28:01', '2026-03-07 15:46:42'),
	(498, 414, 3, 'FINAL', NULL, NULL, NULL, NULL, NULL, NULL, NULL, NULL, NULL, 90.54, 1.75, 13, 'approved', 1, '2026-03-07 15:28:01', NULL, NULL, NULL, NULL, '2026-03-07 15:28:01', '2026-03-07 15:46:42'),
	(499, 415, 3, 'PRELIM', 19.00, 19.00, 19.00, 95.00, 95.00, 95.00, 23.75, 47.50, 23.75, 95.00, 1.25, 13, 'approved', 0, NULL, 22, '2026-03-07 16:23:01', '2026-03-07 16:23:01', '', '2026-03-07 15:28:01', '2026-03-07 16:23:01'),
	(500, 415, 3, 'MIDTERM', NULL, NULL, NULL, NULL, NULL, NULL, NULL, NULL, NULL, 84.77, 2.25, 13, 'approved', 1, '2026-03-07 15:28:01', NULL, NULL, NULL, NULL, '2026-03-07 15:28:01', '2026-03-07 15:46:42'),
	(501, 415, 3, 'SEMIFINAL', NULL, NULL, NULL, NULL, NULL, NULL, NULL, NULL, NULL, 88.13, 1.75, 13, 'approved', 1, '2026-03-07 15:28:01', NULL, NULL, NULL, NULL, '2026-03-07 15:28:01', '2026-03-07 15:46:42'),
	(502, 415, 3, 'FINAL', NULL, NULL, NULL, NULL, NULL, NULL, NULL, NULL, NULL, 92.29, 1.00, 13, 'approved', 1, '2026-03-07 15:28:01', NULL, NULL, NULL, NULL, '2026-03-07 15:28:01', '2026-03-07 15:46:42'),
	(503, 416, 3, 'PRELIM', NULL, NULL, NULL, NULL, NULL, NULL, 0.00, 0.00, 0.00, 94.00, 1.50, 13, 'approved', 1, '2026-03-07 16:22:06', 22, '2026-03-07 16:23:01', '2026-03-07 16:23:01', '', '2026-03-07 15:28:01', '2026-03-07 16:23:01'),
	(504, 416, 3, 'MIDTERM', NULL, NULL, NULL, NULL, NULL, NULL, NULL, NULL, NULL, 86.57, 2.00, 13, 'approved', 1, '2026-03-07 15:28:01', NULL, NULL, NULL, NULL, '2026-03-07 15:28:01', '2026-03-07 15:46:42'),
	(505, 416, 3, 'SEMIFINAL', NULL, NULL, NULL, NULL, NULL, NULL, NULL, NULL, NULL, 78.03, 2.75, 13, 'approved', 1, '2026-03-07 15:28:01', NULL, NULL, NULL, NULL, '2026-03-07 15:28:01', '2026-03-07 15:46:42'),
	(506, 416, 3, 'FINAL', NULL, NULL, NULL, NULL, NULL, NULL, NULL, NULL, NULL, 88.81, 2.50, 13, 'approved', 1, '2026-03-07 15:28:01', NULL, NULL, NULL, NULL, '2026-03-07 15:28:01', '2026-03-07 15:46:42'),
	(507, 417, 3, 'PRELIM', NULL, NULL, NULL, NULL, NULL, NULL, 0.00, 0.00, 0.00, 94.00, 1.50, 13, 'submitted', 1, '2026-03-07 16:22:06', NULL, NULL, NULL, 'recompute', '2026-03-07 15:28:01', '2026-03-07 16:22:06'),
	(508, 417, 3, 'MIDTERM', NULL, NULL, NULL, NULL, NULL, NULL, NULL, NULL, NULL, 83.65, 2.25, 13, 'approved', 1, '2026-03-07 15:28:01', NULL, NULL, NULL, NULL, '2026-03-07 15:28:01', '2026-03-07 15:46:42'),
	(509, 417, 3, 'SEMIFINAL', NULL, NULL, NULL, NULL, NULL, NULL, NULL, NULL, NULL, 87.25, 2.00, 13, 'approved', 1, '2026-03-07 15:28:01', NULL, NULL, NULL, NULL, '2026-03-07 15:28:01', '2026-03-07 15:46:42'),
	(510, 417, 3, 'FINAL', NULL, NULL, NULL, NULL, NULL, NULL, NULL, NULL, NULL, 84.52, 2.25, 13, 'approved', 1, '2026-03-07 15:28:01', NULL, NULL, NULL, NULL, '2026-03-07 15:28:01', '2026-03-07 15:46:42'),
	(511, 418, 3, 'PRELIM', NULL, NULL, NULL, NULL, NULL, NULL, 0.00, 0.00, 0.00, 94.00, 1.50, 13, 'approved', 1, '2026-03-07 16:22:06', 22, '2026-03-07 16:23:01', '2026-03-07 16:23:01', '', '2026-03-07 15:28:01', '2026-03-07 16:23:01'),
	(512, 418, 3, 'MIDTERM', NULL, NULL, NULL, NULL, NULL, NULL, NULL, NULL, NULL, 75.39, 2.25, 13, 'approved', 1, '2026-03-07 15:28:01', NULL, NULL, NULL, NULL, '2026-03-07 15:28:01', '2026-03-07 15:46:42'),
	(513, 418, 3, 'SEMIFINAL', NULL, NULL, NULL, NULL, NULL, NULL, NULL, NULL, NULL, 83.29, 2.25, 13, 'approved', 1, '2026-03-07 15:28:01', NULL, NULL, NULL, NULL, '2026-03-07 15:28:01', '2026-03-07 15:46:42'),
	(514, 418, 3, 'FINAL', NULL, NULL, NULL, NULL, NULL, NULL, NULL, NULL, NULL, 75.37, 3.00, 13, 'approved', 1, '2026-03-07 15:28:01', NULL, NULL, NULL, NULL, '2026-03-07 15:28:01', '2026-03-07 15:46:42'),
	(515, 419, 6, 'Q1', NULL, NULL, NULL, NULL, NULL, NULL, NULL, NULL, NULL, 80.00, 80.00, 13, 'approved', 1, '2026-03-07 15:32:48', 22, '2026-03-07 16:23:02', '2026-03-07 16:23:02', NULL, '2026-03-07 15:28:01', '2026-03-07 16:23:02'),
	(516, 419, 6, 'Q2', NULL, NULL, NULL, 71.16, 76.12, 76.97, 17.79, 38.06, 19.24, 75.09, 75.00, 13, 'approved', 0, '2026-03-07 15:28:01', NULL, NULL, NULL, NULL, '2026-03-07 15:28:01', '2026-03-07 15:28:01'),
	(517, 420, 6, 'Q1', NULL, NULL, NULL, NULL, NULL, NULL, NULL, NULL, NULL, 88.00, 88.00, 13, 'approved', 1, '2026-03-07 15:32:48', 22, '2026-03-07 16:23:02', '2026-03-07 16:23:02', NULL, '2026-03-07 15:28:01', '2026-03-07 16:23:02'),
	(518, 420, 6, 'Q2', NULL, NULL, NULL, 66.79, 79.57, 63.19, 16.70, 39.79, 15.80, 72.29, 72.00, 13, 'approved', 0, '2026-03-07 15:28:01', NULL, NULL, NULL, NULL, '2026-03-07 15:28:01', '2026-03-07 15:28:01'),
	(519, 421, 6, 'Q1', NULL, NULL, NULL, NULL, NULL, NULL, NULL, NULL, NULL, 86.00, 86.00, 13, 'approved', 1, '2026-03-07 15:32:48', 22, '2026-03-07 16:23:02', '2026-03-07 16:23:02', NULL, '2026-03-07 15:28:01', '2026-03-07 16:23:02'),
	(520, 421, 6, 'Q2', NULL, NULL, NULL, 68.27, 85.02, 78.19, 17.07, 42.51, 19.55, 79.13, 79.00, 13, 'approved', 0, '2026-03-07 15:28:01', NULL, NULL, NULL, NULL, '2026-03-07 15:28:01', '2026-03-07 15:28:01'),
	(521, 422, 6, 'Q1', NULL, NULL, NULL, NULL, NULL, NULL, NULL, NULL, NULL, 78.00, 78.00, 13, 'approved', 1, '2026-03-07 15:32:48', 22, '2026-03-07 16:23:02', '2026-03-07 16:23:02', NULL, '2026-03-07 15:28:01', '2026-03-07 16:23:02'),
	(522, 422, 6, 'Q2', NULL, NULL, NULL, 69.39, 82.56, 63.58, 17.35, 41.28, 15.90, 74.53, 75.00, 13, 'approved', 0, '2026-03-07 15:28:01', NULL, NULL, NULL, NULL, '2026-03-07 15:28:01', '2026-03-07 15:28:01'),
	(523, 423, 6, 'Q1', NULL, NULL, NULL, NULL, NULL, NULL, NULL, NULL, NULL, 96.00, 96.00, 13, 'approved', 1, '2026-03-07 15:32:48', 22, '2026-03-07 16:23:02', '2026-03-07 16:23:02', NULL, '2026-03-07 15:28:01', '2026-03-07 16:23:02'),
	(524, 423, 6, 'Q2', NULL, NULL, NULL, 63.73, 66.58, 90.26, 15.93, 33.29, 22.57, 71.79, 72.00, 13, 'approved', 0, '2026-03-07 15:28:01', NULL, NULL, NULL, NULL, '2026-03-07 15:28:01', '2026-03-07 15:28:01'),
	(525, 424, 6, 'Q1', NULL, NULL, NULL, NULL, NULL, NULL, NULL, NULL, NULL, 83.00, 83.00, 13, 'approved', 1, '2026-03-07 15:32:48', 22, '2026-03-07 16:23:02', '2026-03-07 16:23:02', NULL, '2026-03-07 15:28:01', '2026-03-07 16:23:02'),
	(526, 424, 6, 'Q2', NULL, NULL, NULL, 77.56, 90.34, 71.31, 19.39, 45.17, 17.83, 82.39, 82.00, 13, 'approved', 0, '2026-03-07 15:28:01', NULL, NULL, NULL, NULL, '2026-03-07 15:28:01', '2026-03-07 15:28:01'),
	(527, 425, 6, 'Q1', NULL, NULL, NULL, NULL, NULL, NULL, NULL, NULL, NULL, 95.00, 95.00, 13, 'approved', 1, '2026-03-07 15:32:48', 22, '2026-03-07 16:23:02', '2026-03-07 16:23:02', NULL, '2026-03-07 15:28:01', '2026-03-07 16:23:02'),
	(528, 425, 6, 'Q2', NULL, NULL, NULL, 92.90, 91.92, 74.63, 23.23, 45.96, 18.66, 87.85, 88.00, 13, 'approved', 0, '2026-03-07 15:28:01', NULL, NULL, NULL, NULL, '2026-03-07 15:28:01', '2026-03-07 15:28:01'),
	(529, 426, 6, 'Q1', NULL, NULL, NULL, NULL, NULL, NULL, NULL, NULL, NULL, 91.00, 91.00, 13, 'approved', 1, '2026-03-07 15:32:48', 22, '2026-03-07 16:23:02', '2026-03-07 16:23:02', NULL, '2026-03-07 15:28:01', '2026-03-07 16:23:02'),
	(530, 426, 6, 'Q2', NULL, NULL, NULL, 76.52, 65.06, 91.55, 19.13, 32.53, 22.89, 74.55, 75.00, 13, 'approved', 0, '2026-03-07 15:28:01', NULL, NULL, NULL, NULL, '2026-03-07 15:28:01', '2026-03-07 15:28:01'),
	(531, 427, 6, 'Q1', NULL, NULL, NULL, NULL, NULL, NULL, NULL, NULL, NULL, 90.00, 90.00, 13, 'approved', 1, '2026-03-07 15:32:48', 22, '2026-03-07 16:23:02', '2026-03-07 16:23:02', NULL, '2026-03-07 15:28:01', '2026-03-07 16:23:02'),
	(532, 427, 6, 'Q2', NULL, NULL, NULL, 75.39, 60.02, 62.01, 18.85, 30.01, 15.50, 64.36, 64.00, 13, 'approved', 0, '2026-03-07 15:28:01', NULL, NULL, NULL, NULL, '2026-03-07 15:28:01', '2026-03-07 15:28:01'),
	(533, 428, 6, 'Q1', NULL, NULL, NULL, NULL, NULL, NULL, NULL, NULL, NULL, 82.00, 82.00, 13, 'approved', 1, '2026-03-07 15:32:48', 22, '2026-03-07 16:23:02', '2026-03-07 16:23:02', NULL, '2026-03-07 15:28:01', '2026-03-07 16:23:02'),
	(534, 428, 6, 'Q2', NULL, NULL, NULL, 69.96, 88.44, 91.07, 17.49, 44.22, 22.77, 84.48, 84.00, 13, 'approved', 0, '2026-03-07 15:28:01', NULL, NULL, NULL, NULL, '2026-03-07 15:28:01', '2026-03-07 15:28:01'),
	(535, 429, 6, 'Q1', NULL, NULL, NULL, NULL, NULL, NULL, NULL, NULL, NULL, 84.00, 84.00, 13, 'approved', 1, '2026-03-07 15:32:48', 22, '2026-03-07 16:23:02', '2026-03-07 16:23:02', NULL, '2026-03-07 15:28:01', '2026-03-07 16:23:02'),
	(536, 429, 6, 'Q2', NULL, NULL, NULL, 94.58, 61.30, 66.02, 23.65, 30.65, 16.51, 70.81, 71.00, 13, 'approved', 0, '2026-03-07 15:28:01', NULL, NULL, NULL, NULL, '2026-03-07 15:28:01', '2026-03-07 15:28:01'),
	(537, 430, 6, 'Q1', NULL, NULL, NULL, NULL, NULL, NULL, NULL, NULL, NULL, 80.00, 80.00, 13, 'approved', 1, '2026-03-07 15:32:48', 22, '2026-03-07 16:23:02', '2026-03-07 16:23:02', NULL, '2026-03-07 15:28:01', '2026-03-07 16:23:02'),
	(538, 430, 6, 'Q2', NULL, NULL, NULL, 62.21, 93.30, 79.71, 15.55, 46.65, 19.93, 82.13, 82.00, 13, 'approved', 0, '2026-03-07 15:28:01', NULL, NULL, NULL, NULL, '2026-03-07 15:28:01', '2026-03-07 15:28:01'),
	(539, 431, 6, 'Q1', NULL, NULL, NULL, NULL, NULL, NULL, NULL, NULL, NULL, 91.00, 91.00, 13, 'approved', 1, '2026-03-07 15:32:48', 22, '2026-03-07 16:23:02', '2026-03-07 16:23:02', NULL, '2026-03-07 15:28:01', '2026-03-07 16:23:02'),
	(540, 431, 6, 'Q2', NULL, NULL, NULL, 69.70, 83.12, 92.11, 17.43, 41.56, 23.03, 82.02, 82.00, 13, 'approved', 0, '2026-03-07 15:28:01', NULL, NULL, NULL, NULL, '2026-03-07 15:28:01', '2026-03-07 15:28:01'),
	(541, 432, 6, 'Q1', NULL, NULL, NULL, NULL, NULL, NULL, NULL, NULL, NULL, 81.00, 81.00, 13, 'approved', 1, '2026-03-07 15:32:48', 22, '2026-03-07 16:23:02', '2026-03-07 16:23:02', NULL, '2026-03-07 15:28:01', '2026-03-07 16:23:02'),
	(542, 432, 6, 'Q2', NULL, NULL, NULL, 75.47, 67.99, 68.10, 18.87, 34.00, 17.03, 69.90, 70.00, 13, 'approved', 0, '2026-03-07 15:28:01', NULL, NULL, NULL, NULL, '2026-03-07 15:28:01', '2026-03-07 15:28:01'),
	(543, 433, 6, 'Q1', NULL, NULL, NULL, NULL, NULL, NULL, NULL, NULL, NULL, 84.00, 84.00, 13, 'approved', 1, '2026-03-07 15:32:48', 22, '2026-03-07 16:23:02', '2026-03-07 16:23:02', NULL, '2026-03-07 15:28:01', '2026-03-07 16:23:02'),
	(544, 433, 6, 'Q2', NULL, NULL, NULL, 95.17, 75.74, 93.71, 23.79, 37.87, 23.43, 85.09, 85.00, 13, 'approved', 0, '2026-03-07 15:28:01', NULL, NULL, NULL, NULL, '2026-03-07 15:28:01', '2026-03-07 15:28:01'),
	(545, 434, 6, 'Q1', NULL, NULL, NULL, NULL, NULL, NULL, NULL, NULL, NULL, 82.00, 82.00, 13, 'approved', 1, '2026-03-07 15:32:48', 22, '2026-03-07 16:23:02', '2026-03-07 16:23:02', NULL, '2026-03-07 15:28:01', '2026-03-07 16:23:02'),
	(546, 434, 6, 'Q2', NULL, NULL, NULL, 62.12, 74.78, 95.25, 15.53, 37.39, 23.81, 76.73, 77.00, 13, 'approved', 0, '2026-03-07 15:28:01', NULL, NULL, NULL, NULL, '2026-03-07 15:28:01', '2026-03-07 15:28:01'),
	(547, 435, 6, 'Q1', NULL, NULL, NULL, NULL, NULL, NULL, NULL, NULL, NULL, 79.00, 79.00, 13, 'approved', 1, '2026-03-07 15:32:48', 22, '2026-03-07 16:23:02', '2026-03-07 16:23:02', NULL, '2026-03-07 15:28:01', '2026-03-07 16:23:02'),
	(548, 435, 6, 'Q2', NULL, NULL, NULL, 67.31, 79.43, 67.61, 16.83, 39.72, 16.90, 73.45, 73.00, 13, 'approved', 0, '2026-03-07 15:28:01', NULL, NULL, NULL, NULL, '2026-03-07 15:28:01', '2026-03-07 15:28:01'),
	(549, 436, 6, 'Q1', NULL, NULL, NULL, NULL, NULL, NULL, NULL, NULL, NULL, 95.00, 95.00, 13, 'approved', 1, '2026-03-07 15:32:48', 22, '2026-03-07 16:23:02', '2026-03-07 16:23:02', NULL, '2026-03-07 15:28:01', '2026-03-07 16:23:02'),
	(550, 436, 6, 'Q2', NULL, NULL, NULL, 77.00, 66.44, 94.82, 19.25, 33.22, 23.71, 76.18, 76.00, 13, 'approved', 0, '2026-03-07 15:28:01', NULL, NULL, NULL, NULL, '2026-03-07 15:28:01', '2026-03-07 15:28:01'),
	(551, 437, 6, 'Q1', NULL, NULL, NULL, NULL, NULL, NULL, NULL, NULL, NULL, 85.00, 85.00, 13, 'approved', 1, '2026-03-07 15:32:48', 22, '2026-03-07 16:23:02', '2026-03-07 16:23:02', NULL, '2026-03-07 15:28:01', '2026-03-07 16:23:02'),
	(552, 437, 6, 'Q2', NULL, NULL, NULL, 66.85, 68.91, 95.34, 16.71, 34.46, 23.84, 75.01, 75.00, 13, 'approved', 0, '2026-03-07 15:28:01', NULL, NULL, NULL, NULL, '2026-03-07 15:28:01', '2026-03-07 15:28:01'),
	(553, 438, 6, 'Q1', NULL, NULL, NULL, NULL, NULL, NULL, NULL, NULL, NULL, 96.00, 96.00, 13, 'approved', 1, '2026-03-07 15:32:48', 22, '2026-03-07 16:23:02', '2026-03-07 16:23:02', NULL, '2026-03-07 15:28:01', '2026-03-07 16:23:02'),
	(554, 438, 6, 'Q2', NULL, NULL, NULL, 63.70, 68.11, 61.34, 15.93, 34.06, 15.34, 65.33, 65.00, 13, 'approved', 0, '2026-03-07 15:28:01', NULL, NULL, NULL, NULL, '2026-03-07 15:28:01', '2026-03-07 15:28:01'),
	(555, 439, 6, 'Q1', NULL, NULL, NULL, NULL, NULL, NULL, NULL, NULL, NULL, 88.00, 88.00, 13, 'approved', 1, '2026-03-07 15:32:48', 22, '2026-03-07 16:23:02', '2026-03-07 16:23:02', NULL, '2026-03-07 15:28:01', '2026-03-07 16:23:02'),
	(556, 439, 6, 'Q2', NULL, NULL, NULL, 89.99, 77.27, 79.93, 22.50, 34.77, 23.98, 81.25, 81.00, 13, 'approved', 0, '2026-03-07 15:28:01', NULL, NULL, NULL, NULL, '2026-03-07 15:28:01', '2026-03-07 15:28:01'),
	(557, 440, 6, 'Q1', NULL, NULL, NULL, NULL, NULL, NULL, NULL, NULL, NULL, 83.00, 83.00, 13, 'approved', 1, '2026-03-07 15:32:48', 22, '2026-03-07 16:23:02', '2026-03-07 16:23:02', NULL, '2026-03-07 15:28:01', '2026-03-07 16:23:02'),
	(558, 440, 6, 'Q2', NULL, NULL, NULL, 60.78, 81.21, 71.49, 15.20, 36.54, 21.45, 73.19, 73.00, 13, 'approved', 0, '2026-03-07 15:28:01', NULL, NULL, NULL, NULL, '2026-03-07 15:28:01', '2026-03-07 15:28:01'),
	(559, 441, 6, 'Q1', NULL, NULL, NULL, NULL, NULL, NULL, NULL, NULL, NULL, 78.00, 78.00, 13, 'approved', 1, '2026-03-07 15:32:48', 22, '2026-03-07 16:23:02', '2026-03-07 16:23:02', NULL, '2026-03-07 15:28:01', '2026-03-07 16:23:02'),
	(560, 441, 6, 'Q2', NULL, NULL, NULL, 98.34, 73.24, 75.45, 24.59, 32.96, 22.64, 80.19, 80.00, 13, 'approved', 0, '2026-03-07 15:28:01', NULL, NULL, NULL, NULL, '2026-03-07 15:28:01', '2026-03-07 15:28:01'),
	(561, 442, 6, 'Q1', NULL, NULL, NULL, NULL, NULL, NULL, NULL, NULL, NULL, 84.00, 84.00, 13, 'approved', 1, '2026-03-07 15:32:48', 22, '2026-03-07 16:23:02', '2026-03-07 16:23:02', NULL, '2026-03-07 15:28:01', '2026-03-07 16:23:02'),
	(562, 442, 6, 'Q2', NULL, NULL, NULL, 86.20, 72.08, 73.38, 21.55, 32.44, 22.01, 76.00, 76.00, 13, 'approved', 0, '2026-03-07 15:28:01', NULL, NULL, NULL, NULL, '2026-03-07 15:28:01', '2026-03-07 15:28:01'),
	(563, 443, 6, 'Q1', NULL, NULL, NULL, NULL, NULL, NULL, NULL, NULL, NULL, 87.00, 87.00, 13, 'approved', 1, '2026-03-07 15:32:48', 22, '2026-03-07 16:23:02', '2026-03-07 16:23:02', NULL, '2026-03-07 15:28:01', '2026-03-07 16:23:02'),
	(564, 443, 6, 'Q2', NULL, NULL, NULL, 74.91, 71.46, 77.53, 18.73, 32.16, 23.26, 74.15, 74.00, 13, 'approved', 0, '2026-03-07 15:28:01', NULL, NULL, NULL, NULL, '2026-03-07 15:28:01', '2026-03-07 15:28:01'),
	(565, 444, 6, 'Q1', NULL, NULL, NULL, NULL, NULL, NULL, NULL, NULL, NULL, 80.00, 80.00, 13, 'approved', 1, '2026-03-07 15:32:48', 22, '2026-03-07 16:23:02', '2026-03-07 16:23:02', NULL, '2026-03-07 15:28:01', '2026-03-07 16:23:02'),
	(566, 444, 6, 'Q2', NULL, NULL, NULL, 92.71, 91.33, 76.78, 23.18, 45.67, 19.20, 88.05, 88.00, 13, 'approved', 0, '2026-03-07 15:28:01', NULL, NULL, NULL, NULL, '2026-03-07 15:28:01', '2026-03-07 15:28:01'),
	(567, 445, 6, 'Q1', NULL, NULL, NULL, NULL, NULL, NULL, NULL, NULL, NULL, 86.00, 86.00, 13, 'approved', 1, '2026-03-07 15:32:48', 22, '2026-03-07 16:23:02', '2026-03-07 16:23:02', NULL, '2026-03-07 15:28:01', '2026-03-07 16:23:02'),
	(568, 445, 6, 'Q2', NULL, NULL, NULL, 77.18, 82.81, 75.68, 19.30, 41.41, 18.92, 79.63, 80.00, 13, 'approved', 0, '2026-03-07 15:28:01', NULL, NULL, NULL, NULL, '2026-03-07 15:28:01', '2026-03-07 15:28:01'),
	(569, 446, 6, 'Q1', NULL, NULL, NULL, NULL, NULL, NULL, NULL, NULL, NULL, 75.00, 75.00, 13, 'approved', 1, '2026-03-07 15:32:48', 22, '2026-03-07 16:23:02', '2026-03-07 16:23:02', NULL, '2026-03-07 15:28:01', '2026-03-07 16:23:02'),
	(570, 446, 6, 'Q2', NULL, NULL, NULL, 90.09, 65.75, 79.12, 22.52, 32.88, 19.78, 75.18, 75.00, 13, 'approved', 0, '2026-03-07 15:28:01', NULL, NULL, NULL, NULL, '2026-03-07 15:28:01', '2026-03-07 15:28:01'),
	(571, 447, 6, 'Q1', NULL, NULL, NULL, NULL, NULL, NULL, NULL, NULL, NULL, 84.00, 84.00, 13, 'approved', 1, '2026-03-07 15:32:48', 22, '2026-03-07 16:23:02', '2026-03-07 16:23:02', NULL, '2026-03-07 15:28:01', '2026-03-07 16:23:02'),
	(572, 447, 6, 'Q2', NULL, NULL, NULL, 71.32, 83.45, 92.42, 17.83, 41.73, 23.11, 82.67, 83.00, 13, 'approved', 0, '2026-03-07 15:28:01', NULL, NULL, NULL, NULL, '2026-03-07 15:28:01', '2026-03-07 15:28:01'),
	(573, 448, 6, 'Q1', NULL, NULL, NULL, NULL, NULL, NULL, NULL, NULL, NULL, 97.00, 97.00, 13, 'approved', 1, '2026-03-07 15:32:48', 22, '2026-03-07 16:23:02', '2026-03-07 16:23:02', NULL, '2026-03-07 15:28:01', '2026-03-07 16:23:02'),
	(574, 448, 6, 'Q2', NULL, NULL, NULL, 80.34, 98.68, 73.83, 20.09, 49.34, 18.46, 87.89, 88.00, 13, 'approved', 0, '2026-03-07 15:28:01', NULL, NULL, NULL, NULL, '2026-03-07 15:28:01', '2026-03-07 15:28:01'),
	(575, 449, 6, 'Q1', NULL, NULL, NULL, NULL, NULL, NULL, NULL, NULL, NULL, 77.00, 77.00, 13, 'approved', 1, '2026-03-07 15:32:48', 22, '2026-03-07 16:23:02', '2026-03-07 16:23:02', NULL, '2026-03-07 15:28:01', '2026-03-07 16:23:02'),
	(576, 449, 6, 'Q2', NULL, NULL, NULL, 86.71, 83.25, 90.97, 21.68, 37.46, 27.29, 86.43, 86.00, 13, 'approved', 0, '2026-03-07 15:28:01', NULL, NULL, NULL, NULL, '2026-03-07 15:28:01', '2026-03-07 15:28:01'),
	(577, 450, 6, 'Q1', NULL, NULL, NULL, NULL, NULL, NULL, NULL, NULL, NULL, 93.00, 93.00, 13, 'approved', 1, '2026-03-07 15:32:48', 22, '2026-03-07 16:23:02', '2026-03-07 16:23:02', NULL, '2026-03-07 15:28:01', '2026-03-07 16:23:02'),
	(578, 450, 6, 'Q2', NULL, NULL, NULL, 71.08, 86.52, 96.51, 17.77, 38.93, 28.95, 85.65, 86.00, 13, 'approved', 0, '2026-03-07 15:28:01', NULL, NULL, NULL, NULL, '2026-03-07 15:28:01', '2026-03-07 15:28:01'),
	(579, 451, 6, 'Q1', NULL, NULL, NULL, NULL, NULL, NULL, NULL, NULL, NULL, 75.00, 75.00, 13, 'approved', 1, '2026-03-07 15:32:48', 22, '2026-03-07 16:23:02', '2026-03-07 16:23:02', NULL, '2026-03-07 15:28:01', '2026-03-07 16:23:02'),
	(580, 451, 6, 'Q2', NULL, NULL, NULL, 95.13, 63.26, 92.78, 23.78, 28.47, 27.83, 80.08, 80.00, 13, 'approved', 0, '2026-03-07 15:28:01', NULL, NULL, NULL, NULL, '2026-03-07 15:28:01', '2026-03-07 15:28:01'),
	(581, 452, 6, 'Q1', NULL, NULL, NULL, NULL, NULL, NULL, NULL, NULL, NULL, 93.00, 93.00, 13, 'approved', 1, '2026-03-07 15:32:48', 22, '2026-03-07 16:23:02', '2026-03-07 16:23:02', NULL, '2026-03-07 15:28:01', '2026-03-07 16:23:02'),
	(582, 452, 6, 'Q2', NULL, NULL, NULL, 97.66, 80.01, 98.44, 24.42, 36.00, 29.53, 89.95, 90.00, 13, 'approved', 0, '2026-03-07 15:28:01', NULL, NULL, NULL, NULL, '2026-03-07 15:28:01', '2026-03-07 15:28:01'),
	(583, 453, 6, 'Q1', NULL, NULL, NULL, NULL, NULL, NULL, NULL, NULL, NULL, 86.00, 86.00, 13, 'approved', 1, '2026-03-07 15:32:48', 22, '2026-03-07 16:23:02', '2026-03-07 16:23:02', NULL, '2026-03-07 15:28:01', '2026-03-07 16:23:02'),
	(584, 453, 6, 'Q2', NULL, NULL, NULL, 75.70, 63.69, 71.14, 18.93, 28.66, 21.34, 68.93, 69.00, 13, 'approved', 0, '2026-03-07 15:28:01', NULL, NULL, NULL, NULL, '2026-03-07 15:28:01', '2026-03-07 15:28:01'),
	(585, 454, 6, 'Q1', NULL, NULL, NULL, 88.86, 82.49, 87.70, 22.22, 41.25, 21.93, 85.40, 85.00, 13, 'approved', 0, '2026-03-07 15:28:01', NULL, NULL, NULL, NULL, '2026-03-07 15:28:01', '2026-03-07 15:28:01'),
	(586, 454, 6, 'Q2', NULL, NULL, NULL, 63.14, 95.75, 97.04, 15.79, 47.88, 24.26, 87.93, 88.00, 13, 'approved', 0, '2026-03-07 15:28:01', NULL, NULL, NULL, NULL, '2026-03-07 15:28:01', '2026-03-07 15:28:01'),
	(587, 455, 6, 'Q1', NULL, NULL, NULL, 76.82, 79.11, 62.93, 19.21, 39.56, 15.73, 74.50, 75.00, 13, 'approved', 0, '2026-03-07 15:28:01', NULL, NULL, NULL, NULL, '2026-03-07 15:28:01', '2026-03-07 15:28:01'),
	(588, 455, 6, 'Q2', NULL, NULL, NULL, 81.53, 62.32, 80.40, 20.38, 31.16, 20.10, 71.64, 72.00, 13, 'approved', 0, '2026-03-07 15:28:01', NULL, NULL, NULL, NULL, '2026-03-07 15:28:01', '2026-03-07 15:28:01'),
	(589, 456, 6, 'Q1', NULL, NULL, NULL, 86.49, 79.34, 89.80, 21.62, 39.67, 22.45, 83.74, 84.00, 13, 'approved', 0, '2026-03-07 15:28:01', NULL, NULL, NULL, NULL, '2026-03-07 15:28:01', '2026-03-07 15:28:01'),
	(590, 456, 6, 'Q2', NULL, NULL, NULL, 88.94, 81.33, 85.03, 22.24, 40.67, 21.26, 84.17, 84.00, 13, 'approved', 0, '2026-03-07 15:28:01', NULL, NULL, NULL, NULL, '2026-03-07 15:28:01', '2026-03-07 15:28:01'),
	(591, 457, 6, 'Q1', NULL, NULL, NULL, 88.82, 98.63, 89.36, 22.21, 49.32, 22.34, 93.87, 94.00, 13, 'approved', 0, '2026-03-07 15:28:01', NULL, NULL, NULL, NULL, '2026-03-07 15:28:01', '2026-03-07 15:28:01'),
	(592, 457, 6, 'Q2', NULL, NULL, NULL, 69.75, 84.36, 79.54, 17.44, 42.18, 19.89, 79.51, 80.00, 13, 'approved', 0, '2026-03-07 15:28:01', NULL, NULL, NULL, NULL, '2026-03-07 15:28:01', '2026-03-07 15:28:01'),
	(593, 458, 6, 'Q1', NULL, NULL, NULL, 74.80, 88.92, 62.79, 18.70, 44.46, 15.70, 78.86, 79.00, 13, 'approved', 0, '2026-03-07 15:28:01', NULL, NULL, NULL, NULL, '2026-03-07 15:28:01', '2026-03-07 15:28:01'),
	(594, 458, 6, 'Q2', NULL, NULL, NULL, 69.25, 88.44, 63.25, 17.31, 44.22, 15.81, 77.34, 77.00, 13, 'approved', 0, '2026-03-07 15:28:01', NULL, NULL, NULL, NULL, '2026-03-07 15:28:01', '2026-03-07 15:28:01'),
	(595, 459, 6, 'Q1', NULL, NULL, NULL, 87.82, 87.81, 95.14, 21.96, 43.91, 23.79, 89.66, 90.00, 13, 'approved', 0, '2026-03-07 15:28:01', NULL, NULL, NULL, NULL, '2026-03-07 15:28:01', '2026-03-07 15:28:01'),
	(596, 459, 6, 'Q2', NULL, NULL, NULL, 85.17, 86.75, 89.27, 21.29, 43.38, 22.32, 86.99, 87.00, 13, 'approved', 0, '2026-03-07 15:28:01', NULL, NULL, NULL, NULL, '2026-03-07 15:28:01', '2026-03-07 15:28:01'),
	(597, 460, 6, 'Q1', NULL, NULL, NULL, 94.24, 79.07, 64.58, 23.56, 39.54, 16.15, 79.25, 79.00, 13, 'approved', 0, '2026-03-07 15:28:01', NULL, NULL, NULL, NULL, '2026-03-07 15:28:01', '2026-03-07 15:28:01'),
	(598, 460, 6, 'Q2', NULL, NULL, NULL, 73.29, 79.65, 70.55, 18.32, 39.83, 17.64, 75.79, 76.00, 13, 'approved', 0, '2026-03-07 15:28:01', NULL, NULL, NULL, NULL, '2026-03-07 15:28:01', '2026-03-07 15:28:01'),
	(599, 461, 6, 'Q1', NULL, NULL, NULL, 68.16, 93.76, 70.75, 17.04, 46.88, 17.69, 81.61, 82.00, 13, 'approved', 0, '2026-03-07 15:28:01', NULL, NULL, NULL, NULL, '2026-03-07 15:28:01', '2026-03-07 15:28:01'),
	(600, 461, 6, 'Q2', NULL, NULL, NULL, 88.86, 85.50, 76.42, 22.22, 42.75, 19.11, 84.08, 84.00, 13, 'approved', 0, '2026-03-07 15:28:01', NULL, NULL, NULL, NULL, '2026-03-07 15:28:01', '2026-03-07 15:28:01'),
	(601, 462, 6, 'Q1', NULL, NULL, NULL, 76.40, 85.12, 77.40, 19.10, 42.56, 19.35, 81.01, 81.00, 13, 'approved', 0, '2026-03-07 15:28:01', NULL, NULL, NULL, NULL, '2026-03-07 15:28:01', '2026-03-07 15:28:01'),
	(602, 462, 6, 'Q2', NULL, NULL, NULL, 82.46, 75.81, 98.81, 20.62, 37.91, 24.70, 83.23, 83.00, 13, 'approved', 0, '2026-03-07 15:28:01', NULL, NULL, NULL, NULL, '2026-03-07 15:28:01', '2026-03-07 15:28:01'),
	(603, 463, 6, 'Q1', NULL, NULL, NULL, 77.01, 79.90, 65.32, 19.25, 39.95, 16.33, 75.53, 76.00, 13, 'approved', 0, '2026-03-07 15:28:01', NULL, NULL, NULL, NULL, '2026-03-07 15:28:01', '2026-03-07 15:28:01'),
	(604, 463, 6, 'Q2', NULL, NULL, NULL, 97.66, 71.98, 91.30, 24.42, 35.99, 22.83, 83.24, 83.00, 13, 'approved', 0, '2026-03-07 15:28:01', NULL, NULL, NULL, NULL, '2026-03-07 15:28:01', '2026-03-07 15:28:01'),
	(605, 464, 6, 'Q1', NULL, NULL, NULL, 95.08, 83.94, 74.67, 23.77, 41.97, 18.67, 84.41, 84.00, 13, 'approved', 0, '2026-03-07 15:28:01', NULL, NULL, NULL, NULL, '2026-03-07 15:28:01', '2026-03-07 15:28:01'),
	(606, 464, 6, 'Q2', NULL, NULL, NULL, 61.68, 81.92, 61.26, 15.42, 40.96, 15.32, 71.70, 72.00, 13, 'approved', 0, '2026-03-07 15:28:01', NULL, NULL, NULL, NULL, '2026-03-07 15:28:01', '2026-03-07 15:28:01'),
	(607, 465, 6, 'Q1', NULL, NULL, NULL, 69.14, 84.35, 81.38, 17.29, 42.18, 20.35, 79.82, 80.00, 13, 'approved', 0, '2026-03-07 15:28:01', NULL, NULL, NULL, NULL, '2026-03-07 15:28:01', '2026-03-07 15:28:01'),
	(608, 465, 6, 'Q2', NULL, NULL, NULL, 70.08, 89.36, 94.14, 17.52, 44.68, 23.54, 85.74, 86.00, 13, 'approved', 0, '2026-03-07 15:28:01', NULL, NULL, NULL, NULL, '2026-03-07 15:28:01', '2026-03-07 15:28:01'),
	(609, 466, 6, 'Q1', NULL, NULL, NULL, 65.10, 79.76, 66.46, 16.28, 39.88, 16.62, 72.78, 73.00, 13, 'approved', 0, '2026-03-07 15:28:01', NULL, NULL, NULL, NULL, '2026-03-07 15:28:01', '2026-03-07 15:28:01'),
	(610, 466, 6, 'Q2', NULL, NULL, NULL, 81.17, 97.15, 75.85, 20.29, 48.58, 18.96, 87.83, 88.00, 13, 'approved', 0, '2026-03-07 15:28:01', NULL, NULL, NULL, NULL, '2026-03-07 15:28:01', '2026-03-07 15:28:01'),
	(611, 467, 6, 'Q1', NULL, NULL, NULL, 83.77, 72.03, 69.07, 20.94, 36.02, 17.27, 74.23, 74.00, 13, 'approved', 0, '2026-03-07 15:28:01', NULL, NULL, NULL, NULL, '2026-03-07 15:28:01', '2026-03-07 15:28:01'),
	(612, 467, 6, 'Q2', NULL, NULL, NULL, 78.05, 85.78, 73.85, 19.51, 42.89, 18.46, 80.86, 81.00, 13, 'approved', 0, '2026-03-07 15:28:01', NULL, NULL, NULL, NULL, '2026-03-07 15:28:01', '2026-03-07 15:28:01'),
	(613, 468, 6, 'Q1', NULL, NULL, NULL, 60.97, 88.78, 96.67, 15.24, 44.39, 24.17, 83.80, 84.00, 13, 'approved', 0, '2026-03-07 15:28:01', NULL, NULL, NULL, NULL, '2026-03-07 15:28:01', '2026-03-07 15:28:01'),
	(614, 468, 6, 'Q2', NULL, NULL, NULL, 65.81, 83.53, 83.74, 16.45, 41.77, 20.94, 79.16, 79.00, 13, 'approved', 0, '2026-03-07 15:28:01', NULL, NULL, NULL, NULL, '2026-03-07 15:28:01', '2026-03-07 15:28:01'),
	(615, 469, 6, 'Q1', NULL, NULL, NULL, 64.44, 84.15, 93.87, 16.11, 37.87, 28.16, 82.14, 82.00, 13, 'approved', 0, '2026-03-07 15:28:01', NULL, NULL, NULL, NULL, '2026-03-07 15:28:01', '2026-03-07 15:28:01'),
	(616, 469, 6, 'Q2', NULL, NULL, NULL, 74.15, 64.52, 74.37, 18.54, 29.03, 22.31, 69.88, 70.00, 13, 'approved', 0, '2026-03-07 15:28:01', NULL, NULL, NULL, NULL, '2026-03-07 15:28:01', '2026-03-07 15:28:01'),
	(617, 470, 6, 'Q1', NULL, NULL, NULL, 98.82, 78.47, 60.00, 24.71, 35.31, 18.00, 78.02, 78.00, 13, 'approved', 0, '2026-03-07 15:28:01', NULL, NULL, NULL, NULL, '2026-03-07 15:28:01', '2026-03-07 15:28:01'),
	(618, 470, 6, 'Q2', NULL, NULL, NULL, 98.18, 71.52, 95.79, 24.55, 32.18, 28.74, 85.47, 85.00, 13, 'approved', 0, '2026-03-07 15:28:01', NULL, NULL, NULL, NULL, '2026-03-07 15:28:01', '2026-03-07 15:28:01'),
	(619, 471, 6, 'Q1', NULL, NULL, NULL, 92.86, 63.12, 66.93, 23.22, 28.40, 20.08, 71.70, 72.00, 13, 'approved', 0, '2026-03-07 15:28:01', NULL, NULL, NULL, NULL, '2026-03-07 15:28:01', '2026-03-07 15:28:01'),
	(620, 471, 6, 'Q2', NULL, NULL, NULL, 72.21, 70.34, 82.97, 18.05, 31.65, 24.89, 74.59, 75.00, 13, 'approved', 0, '2026-03-07 15:28:01', NULL, NULL, NULL, NULL, '2026-03-07 15:28:01', '2026-03-07 15:28:01'),
	(633, 478, 6, 'Q1', NULL, NULL, NULL, 68.97, 76.45, 84.12, 17.24, 38.23, 21.03, 76.50, 77.00, 13, 'approved', 0, '2026-03-07 15:28:01', NULL, NULL, NULL, NULL, '2026-03-07 15:28:01', '2026-03-07 15:28:01'),
	(634, 478, 6, 'Q2', NULL, NULL, NULL, 90.58, 95.59, 61.87, 22.65, 47.80, 15.47, 85.92, 86.00, 13, 'approved', 0, '2026-03-07 15:28:01', NULL, NULL, NULL, NULL, '2026-03-07 15:28:01', '2026-03-07 15:28:01'),
	(635, 479, 6, 'Q1', NULL, NULL, NULL, 71.15, 69.81, 87.84, 17.79, 34.91, 21.96, 74.66, 75.00, 13, 'approved', 0, '2026-03-07 15:28:01', NULL, NULL, NULL, NULL, '2026-03-07 15:28:01', '2026-03-07 15:28:01'),
	(636, 479, 6, 'Q2', NULL, NULL, NULL, 95.76, 95.63, 89.04, 23.94, 47.82, 22.26, 94.02, 94.00, 13, 'approved', 0, '2026-03-07 15:28:01', NULL, NULL, NULL, NULL, '2026-03-07 15:28:01', '2026-03-07 15:28:01'),
	(637, 480, 6, 'Q1', NULL, NULL, NULL, 96.65, 65.94, 61.03, 24.16, 32.97, 15.26, 72.39, 72.00, 13, 'approved', 0, '2026-03-07 15:28:01', NULL, NULL, NULL, NULL, '2026-03-07 15:28:01', '2026-03-07 15:28:01'),
	(638, 480, 6, 'Q2', NULL, NULL, NULL, 90.81, 94.82, 65.08, 22.70, 47.41, 16.27, 86.38, 86.00, 13, 'approved', 0, '2026-03-07 15:28:01', NULL, NULL, NULL, NULL, '2026-03-07 15:28:01', '2026-03-07 15:28:01'),
	(639, 481, 6, 'Q1', NULL, NULL, NULL, 98.58, 61.07, 84.06, 24.65, 30.54, 21.02, 76.21, 76.00, 13, 'approved', 0, '2026-03-07 15:28:01', NULL, NULL, NULL, NULL, '2026-03-07 15:28:01', '2026-03-07 15:28:01'),
	(640, 481, 6, 'Q2', NULL, NULL, NULL, 83.84, 76.45, 70.01, 20.96, 38.23, 17.50, 76.69, 77.00, 13, 'approved', 0, '2026-03-07 15:28:01', NULL, NULL, NULL, NULL, '2026-03-07 15:28:01', '2026-03-07 15:28:01'),
	(641, 482, 6, 'Q1', NULL, NULL, NULL, 95.69, 96.51, 66.67, 23.92, 48.26, 16.67, 88.85, 89.00, 13, 'approved', 0, '2026-03-07 15:28:01', NULL, NULL, NULL, NULL, '2026-03-07 15:28:01', '2026-03-07 15:28:01'),
	(642, 482, 6, 'Q2', NULL, NULL, NULL, 98.34, 83.35, 64.87, 24.59, 41.68, 16.22, 82.49, 82.00, 13, 'approved', 0, '2026-03-07 15:28:01', NULL, NULL, NULL, NULL, '2026-03-07 15:28:01', '2026-03-07 15:28:01'),
	(643, 483, 6, 'Q1', NULL, NULL, NULL, 66.93, 76.84, 84.13, 16.73, 38.42, 21.03, 76.18, 76.00, 13, 'approved', 0, '2026-03-07 15:28:01', NULL, NULL, NULL, NULL, '2026-03-07 15:28:01', '2026-03-07 15:28:01'),
	(644, 483, 6, 'Q2', NULL, NULL, NULL, 77.44, 84.26, 65.49, 19.36, 42.13, 16.37, 77.86, 78.00, 13, 'approved', 0, '2026-03-07 15:28:01', NULL, NULL, NULL, NULL, '2026-03-07 15:28:01', '2026-03-07 15:28:01'),
	(645, 484, 6, 'Q1', NULL, NULL, NULL, 70.49, 90.59, 68.43, 17.62, 45.30, 17.11, 80.03, 80.00, 13, 'approved', 0, '2026-03-07 15:28:01', NULL, NULL, NULL, NULL, '2026-03-07 15:28:01', '2026-03-07 15:28:01'),
	(646, 484, 6, 'Q2', NULL, NULL, NULL, 73.38, 85.76, 73.68, 18.35, 42.88, 18.42, 79.65, 80.00, 13, 'approved', 0, '2026-03-07 15:28:01', NULL, NULL, NULL, NULL, '2026-03-07 15:28:01', '2026-03-07 15:28:01'),
	(647, 485, 6, 'Q1', NULL, NULL, NULL, 91.86, 78.08, 68.40, 22.97, 39.04, 17.10, 79.11, 79.00, 13, 'approved', 0, '2026-03-07 15:28:01', NULL, NULL, NULL, NULL, '2026-03-07 15:28:01', '2026-03-07 15:28:01'),
	(648, 485, 6, 'Q2', NULL, NULL, NULL, 66.40, 71.20, 91.99, 16.60, 35.60, 23.00, 75.20, 75.00, 13, 'approved', 0, '2026-03-07 15:28:01', NULL, NULL, NULL, NULL, '2026-03-07 15:28:01', '2026-03-07 15:28:01'),
	(649, 486, 6, 'Q1', NULL, NULL, NULL, 67.00, 75.31, 82.35, 16.75, 37.66, 20.59, 75.00, 75.00, 13, 'approved', 0, '2026-03-07 15:28:01', NULL, NULL, NULL, NULL, '2026-03-07 15:28:01', '2026-03-07 15:28:01'),
	(650, 486, 6, 'Q2', NULL, NULL, NULL, 72.05, 73.81, 92.91, 18.01, 36.91, 23.23, 78.15, 78.00, 13, 'approved', 0, '2026-03-07 15:28:01', NULL, NULL, NULL, NULL, '2026-03-07 15:28:01', '2026-03-07 15:28:01'),
	(651, 487, 6, 'Q1', NULL, NULL, NULL, 87.24, 87.48, 90.24, 21.81, 43.74, 22.56, 88.11, 88.00, 13, 'approved', 0, '2026-03-07 15:28:01', NULL, NULL, NULL, NULL, '2026-03-07 15:28:01', '2026-03-07 15:28:01'),
	(652, 487, 6, 'Q2', NULL, NULL, NULL, 82.12, 62.85, 67.59, 20.53, 31.43, 16.90, 68.86, 69.00, 13, 'approved', 0, '2026-03-07 15:28:01', NULL, NULL, NULL, NULL, '2026-03-07 15:28:01', '2026-03-07 15:28:01'),
	(653, 488, 6, 'Q1', NULL, NULL, NULL, 82.60, 74.25, 68.23, 20.65, 37.13, 17.06, 74.84, 75.00, 13, 'approved', 0, '2026-03-07 15:28:01', NULL, NULL, NULL, NULL, '2026-03-07 15:28:01', '2026-03-07 15:28:01'),
	(654, 488, 6, 'Q2', NULL, NULL, NULL, 68.67, 69.66, 70.38, 17.17, 34.83, 17.60, 69.60, 70.00, 13, 'approved', 0, '2026-03-07 15:28:01', NULL, NULL, NULL, NULL, '2026-03-07 15:28:01', '2026-03-07 15:28:01'),
	(655, 489, 6, 'Q1', NULL, NULL, NULL, 74.45, 88.66, 73.63, 18.61, 44.33, 18.41, 81.35, 81.00, 13, 'approved', 0, '2026-03-07 15:28:01', NULL, NULL, NULL, NULL, '2026-03-07 15:28:01', '2026-03-07 15:28:01'),
	(656, 489, 6, 'Q2', NULL, NULL, NULL, 84.61, 69.61, 84.75, 21.15, 34.81, 21.19, 77.15, 77.00, 13, 'approved', 0, '2026-03-07 15:28:01', NULL, NULL, NULL, NULL, '2026-03-07 15:28:01', '2026-03-07 15:28:01'),
	(657, 490, 6, 'Q1', NULL, NULL, NULL, 64.03, 77.03, 88.42, 16.01, 38.52, 22.11, 76.64, 77.00, 13, 'approved', 0, '2026-03-07 15:28:01', NULL, NULL, NULL, NULL, '2026-03-07 15:28:01', '2026-03-07 15:28:01'),
	(658, 490, 6, 'Q2', NULL, NULL, NULL, 65.73, 66.36, 67.80, 16.43, 33.18, 16.95, 66.56, 67.00, 13, 'approved', 0, '2026-03-07 15:28:01', NULL, NULL, NULL, NULL, '2026-03-07 15:28:01', '2026-03-07 15:28:01'),
	(659, 491, 6, 'Q1', NULL, NULL, NULL, 92.49, 77.80, 67.93, 23.12, 38.90, 16.98, 79.00, 79.00, 13, 'approved', 0, '2026-03-07 15:28:01', NULL, NULL, NULL, NULL, '2026-03-07 15:28:01', '2026-03-07 15:28:01'),
	(660, 491, 6, 'Q2', NULL, NULL, NULL, 91.08, 96.32, 89.34, 22.77, 48.16, 22.34, 93.27, 93.00, 13, 'approved', 0, '2026-03-07 15:28:01', NULL, NULL, NULL, NULL, '2026-03-07 15:28:01', '2026-03-07 15:28:01'),
	(661, 492, 6, 'Q1', NULL, NULL, NULL, 97.53, 92.52, 95.50, 24.38, 46.26, 23.88, 94.52, 95.00, 13, 'approved', 0, '2026-03-07 15:28:01', NULL, NULL, NULL, NULL, '2026-03-07 15:28:01', '2026-03-07 15:28:01'),
	(662, 492, 6, 'Q2', NULL, NULL, NULL, 98.57, 98.87, 82.57, 24.64, 49.44, 20.64, 94.72, 95.00, 13, 'approved', 0, '2026-03-07 15:28:01', NULL, NULL, NULL, NULL, '2026-03-07 15:28:01', '2026-03-07 15:28:01'),
	(663, 493, 6, 'Q1', NULL, NULL, NULL, 90.17, 85.91, 94.98, 22.54, 38.66, 28.49, 89.69, 90.00, 13, 'approved', 0, '2026-03-07 15:28:01', NULL, NULL, NULL, NULL, '2026-03-07 15:28:01', '2026-03-07 15:28:01'),
	(664, 493, 6, 'Q2', NULL, NULL, NULL, 96.25, 89.85, 75.97, 24.06, 40.43, 22.79, 87.28, 87.00, 13, 'approved', 0, '2026-03-07 15:28:01', NULL, NULL, NULL, NULL, '2026-03-07 15:28:01', '2026-03-07 15:28:01'),
	(665, 494, 6, 'Q1', NULL, NULL, NULL, 97.31, 70.58, 87.61, 24.33, 31.76, 26.28, 82.37, 82.00, 13, 'approved', 0, '2026-03-07 15:28:01', NULL, NULL, NULL, NULL, '2026-03-07 15:28:01', '2026-03-07 15:28:01'),
	(666, 494, 6, 'Q2', NULL, NULL, NULL, 76.68, 89.99, 93.39, 19.17, 40.50, 28.02, 87.69, 88.00, 13, 'approved', 0, '2026-03-07 15:28:01', NULL, NULL, NULL, NULL, '2026-03-07 15:28:01', '2026-03-07 15:28:01'),
	(667, 495, 6, 'Q1', NULL, NULL, NULL, 75.92, 82.03, 74.42, 18.98, 36.91, 22.33, 78.22, 78.00, 13, 'approved', 0, '2026-03-07 15:28:01', NULL, NULL, NULL, NULL, '2026-03-07 15:28:01', '2026-03-07 15:28:01'),
	(668, 495, 6, 'Q2', NULL, NULL, NULL, 65.58, 77.63, 80.13, 16.40, 34.93, 24.04, 75.37, 75.00, 13, 'approved', 0, '2026-03-07 15:28:01', NULL, NULL, NULL, NULL, '2026-03-07 15:28:01', '2026-03-07 15:28:01'),
	(675, 499, 6, 'Q1', NULL, NULL, NULL, 72.95, 77.53, 85.69, 18.24, 38.77, 21.42, 78.43, 78.00, 13, 'approved', 0, '2026-03-07 15:28:01', NULL, NULL, NULL, NULL, '2026-03-07 15:28:01', '2026-03-07 15:28:01'),
	(676, 499, 6, 'Q2', NULL, NULL, NULL, 75.60, 97.48, 69.31, 18.90, 48.74, 17.33, 84.97, 85.00, 13, 'approved', 0, '2026-03-07 15:28:01', NULL, NULL, NULL, NULL, '2026-03-07 15:28:01', '2026-03-07 15:28:01'),
	(677, 500, 6, 'Q1', NULL, NULL, NULL, 76.83, 76.14, 94.72, 19.21, 38.07, 23.68, 80.96, 81.00, 13, 'approved', 0, '2026-03-07 15:28:01', NULL, NULL, NULL, NULL, '2026-03-07 15:28:01', '2026-03-07 15:28:01'),
	(678, 500, 6, 'Q2', NULL, NULL, NULL, 78.62, 73.22, 84.75, 19.66, 36.61, 21.19, 77.46, 77.00, 13, 'approved', 0, '2026-03-07 15:28:01', NULL, NULL, NULL, NULL, '2026-03-07 15:28:01', '2026-03-07 15:28:01'),
	(679, 501, 6, 'Q1', NULL, NULL, NULL, 79.44, 67.29, 94.01, 19.86, 33.65, 23.50, 77.01, 77.00, 13, 'approved', 0, '2026-03-07 15:28:01', NULL, NULL, NULL, NULL, '2026-03-07 15:28:01', '2026-03-07 15:28:01'),
	(680, 501, 6, 'Q2', NULL, NULL, NULL, 91.21, 74.21, 79.90, 22.80, 37.11, 19.98, 79.89, 80.00, 13, 'approved', 0, '2026-03-07 15:28:01', NULL, NULL, NULL, NULL, '2026-03-07 15:28:01', '2026-03-07 15:28:01'),
	(681, 502, 7, 'PRELIM', NULL, NULL, NULL, NULL, NULL, NULL, NULL, NULL, NULL, 89.00, 1.00, 13, 'approved', 1, '2026-03-07 15:32:48', 22, '2026-03-07 16:23:02', '2026-03-07 16:23:02', NULL, '2026-03-07 15:28:01', '2026-03-07 16:23:02'),
	(682, 502, 7, 'MIDTERM', NULL, NULL, NULL, NULL, NULL, NULL, NULL, NULL, NULL, 88.50, 1.75, 13, 'approved', 1, '2026-03-07 15:28:01', NULL, NULL, NULL, NULL, '2026-03-07 15:28:01', '2026-03-07 15:46:42'),
	(683, 502, 7, 'SEMIFINAL', NULL, NULL, NULL, NULL, NULL, NULL, NULL, NULL, NULL, 83.42, 1.00, 13, 'approved', 1, '2026-03-07 15:28:01', NULL, NULL, NULL, NULL, '2026-03-07 15:28:01', '2026-03-07 15:46:42'),
	(684, 502, 7, 'FINAL', NULL, NULL, NULL, NULL, NULL, NULL, NULL, NULL, NULL, 83.90, 2.25, 13, 'approved', 1, '2026-03-07 15:28:01', NULL, NULL, NULL, NULL, '2026-03-07 15:28:01', '2026-03-07 15:46:42'),
	(685, 503, 7, 'PRELIM', NULL, NULL, NULL, NULL, NULL, NULL, NULL, NULL, NULL, 77.00, 2.50, 13, 'approved', 1, '2026-03-07 15:32:48', 22, '2026-03-07 16:23:02', '2026-03-07 16:23:02', NULL, '2026-03-07 15:28:01', '2026-03-07 16:23:02'),
	(686, 503, 7, 'MIDTERM', NULL, NULL, NULL, NULL, NULL, NULL, NULL, NULL, NULL, 76.23, 2.00, 13, 'approved', 1, '2026-03-07 15:28:01', NULL, NULL, NULL, NULL, '2026-03-07 15:28:01', '2026-03-07 15:46:42'),
	(687, 503, 7, 'SEMIFINAL', NULL, NULL, NULL, NULL, NULL, NULL, NULL, NULL, NULL, 85.39, 2.00, 13, 'approved', 1, '2026-03-07 15:28:01', NULL, NULL, NULL, NULL, '2026-03-07 15:28:01', '2026-03-07 15:46:42'),
	(688, 503, 7, 'FINAL', NULL, NULL, NULL, NULL, NULL, NULL, NULL, NULL, NULL, 85.85, 2.00, 13, 'approved', 1, '2026-03-07 15:28:01', NULL, NULL, NULL, NULL, '2026-03-07 15:28:01', '2026-03-07 15:46:42'),
	(689, 504, 7, 'PRELIM', NULL, NULL, NULL, NULL, NULL, NULL, NULL, NULL, NULL, 78.09, 2.75, 13, 'approved', 1, NULL, 22, '2026-03-07 16:23:01', '2026-03-07 16:23:01', '', '2026-03-07 15:28:01', '2026-03-07 16:23:01'),
	(690, 504, 7, 'MIDTERM', NULL, NULL, NULL, NULL, NULL, NULL, NULL, NULL, NULL, 93.89, 1.75, 13, 'approved', 1, '2026-03-07 15:28:01', NULL, NULL, NULL, NULL, '2026-03-07 15:28:01', '2026-03-07 15:46:42'),
	(691, 504, 7, 'SEMIFINAL', NULL, NULL, NULL, NULL, NULL, NULL, NULL, NULL, NULL, 92.22, 1.50, 13, 'approved', 1, '2026-03-07 15:28:01', NULL, NULL, NULL, NULL, '2026-03-07 15:28:01', '2026-03-07 15:46:42'),
	(692, 504, 7, 'FINAL', NULL, NULL, NULL, NULL, NULL, NULL, NULL, NULL, NULL, 84.51, 2.25, 13, 'approved', 1, '2026-03-07 15:28:01', NULL, NULL, NULL, NULL, '2026-03-07 15:28:01', '2026-03-07 15:46:42'),
	(693, 505, 7, 'PRELIM', NULL, NULL, NULL, NULL, NULL, NULL, NULL, NULL, NULL, 89.00, 1.25, 13, 'approved', 1, '2026-03-07 15:32:48', 22, '2026-03-07 16:23:02', '2026-03-07 16:23:02', NULL, '2026-03-07 15:28:01', '2026-03-07 16:23:02'),
	(694, 505, 7, 'MIDTERM', NULL, NULL, NULL, NULL, NULL, NULL, NULL, NULL, NULL, 75.04, 3.00, 13, 'approved', 1, '2026-03-07 15:28:01', NULL, NULL, NULL, NULL, '2026-03-07 15:28:01', '2026-03-07 15:46:42'),
	(695, 505, 7, 'SEMIFINAL', NULL, NULL, NULL, NULL, NULL, NULL, NULL, NULL, NULL, 79.16, 2.50, 13, 'approved', 1, '2026-03-07 15:28:01', NULL, NULL, NULL, NULL, '2026-03-07 15:28:01', '2026-03-07 15:46:42'),
	(696, 505, 7, 'FINAL', NULL, NULL, NULL, NULL, NULL, NULL, NULL, NULL, NULL, 86.58, 2.00, 13, 'approved', 1, '2026-03-07 15:28:01', NULL, NULL, NULL, NULL, '2026-03-07 15:28:01', '2026-03-07 15:46:42'),
	(697, 506, 7, 'PRELIM', NULL, NULL, NULL, NULL, NULL, NULL, NULL, NULL, NULL, 75.70, 3.00, 13, 'approved', 1, NULL, 22, '2026-03-07 16:23:01', '2026-03-07 16:23:01', '', '2026-03-07 15:28:01', '2026-03-07 16:23:01'),
	(698, 506, 7, 'MIDTERM', NULL, NULL, NULL, NULL, NULL, NULL, NULL, NULL, NULL, 81.20, 2.50, 13, 'approved', 1, '2026-03-07 15:28:01', NULL, NULL, NULL, NULL, '2026-03-07 15:28:01', '2026-03-07 15:46:42'),
	(699, 506, 7, 'SEMIFINAL', NULL, NULL, NULL, NULL, NULL, NULL, NULL, NULL, NULL, 88.09, 1.75, 13, 'approved', 1, '2026-03-07 15:28:01', NULL, NULL, NULL, NULL, '2026-03-07 15:28:01', '2026-03-07 15:46:42'),
	(700, 506, 7, 'FINAL', NULL, NULL, NULL, NULL, NULL, NULL, NULL, NULL, NULL, 87.06, 2.00, 13, 'approved', 1, '2026-03-07 15:28:01', NULL, NULL, NULL, NULL, '2026-03-07 15:28:01', '2026-03-07 15:46:42'),
	(701, 507, 7, 'PRELIM', NULL, NULL, NULL, NULL, NULL, NULL, NULL, NULL, NULL, 87.97, 1.00, 13, 'approved', 1, NULL, 22, '2026-03-07 16:23:01', '2026-03-07 16:23:01', '', '2026-03-07 15:28:01', '2026-03-07 16:23:01'),
	(702, 507, 7, 'MIDTERM', NULL, NULL, NULL, NULL, NULL, NULL, NULL, NULL, NULL, 76.21, 2.75, 13, 'approved', 1, '2026-03-07 15:28:01', NULL, NULL, NULL, NULL, '2026-03-07 15:28:01', '2026-03-07 15:46:42'),
	(703, 507, 7, 'SEMIFINAL', NULL, NULL, NULL, NULL, NULL, NULL, NULL, NULL, NULL, 94.03, 3.00, 13, 'approved', 1, '2026-03-07 15:28:01', NULL, NULL, NULL, NULL, '2026-03-07 15:28:01', '2026-03-07 15:46:42'),
	(704, 507, 7, 'FINAL', NULL, NULL, NULL, NULL, NULL, NULL, NULL, NULL, NULL, 87.85, 2.00, 13, 'approved', 1, '2026-03-07 15:28:01', NULL, NULL, NULL, NULL, '2026-03-07 15:28:01', '2026-03-07 15:46:42'),
	(705, 508, 7, 'PRELIM', NULL, NULL, NULL, NULL, NULL, NULL, NULL, NULL, NULL, 75.00, 3.00, 13, 'approved', 1, '2026-03-07 15:32:48', 22, '2026-03-07 16:23:02', '2026-03-07 16:23:02', NULL, '2026-03-07 15:28:01', '2026-03-07 16:23:02'),
	(706, 508, 7, 'MIDTERM', NULL, NULL, NULL, NULL, NULL, NULL, NULL, NULL, NULL, 92.80, 1.50, 13, 'approved', 1, '2026-03-07 15:28:01', NULL, NULL, NULL, NULL, '2026-03-07 15:28:01', '2026-03-07 15:46:42'),
	(707, 508, 7, 'SEMIFINAL', NULL, NULL, NULL, NULL, NULL, NULL, NULL, NULL, NULL, 80.39, 2.50, 13, 'approved', 1, '2026-03-07 15:28:01', NULL, NULL, NULL, NULL, '2026-03-07 15:28:01', '2026-03-07 15:46:42'),
	(708, 508, 7, 'FINAL', NULL, NULL, NULL, NULL, NULL, NULL, NULL, NULL, NULL, 82.66, 2.25, 13, 'approved', 1, '2026-03-07 15:28:01', NULL, NULL, NULL, NULL, '2026-03-07 15:28:01', '2026-03-07 15:46:42'),
	(709, 509, 7, 'PRELIM', NULL, NULL, NULL, NULL, NULL, NULL, NULL, NULL, NULL, 77.00, 2.50, 13, 'approved', 1, '2026-03-07 15:32:48', 22, '2026-03-07 16:23:02', '2026-03-07 16:23:02', NULL, '2026-03-07 15:28:01', '2026-03-07 16:23:02'),
	(710, 509, 7, 'MIDTERM', NULL, NULL, NULL, NULL, NULL, NULL, NULL, NULL, NULL, 90.73, 1.50, 13, 'approved', 1, '2026-03-07 15:28:01', NULL, NULL, NULL, NULL, '2026-03-07 15:28:01', '2026-03-07 15:46:42'),
	(711, 509, 7, 'SEMIFINAL', NULL, NULL, NULL, NULL, NULL, NULL, NULL, NULL, NULL, 81.36, 2.50, 13, 'approved', 1, '2026-03-07 15:28:01', NULL, NULL, NULL, NULL, '2026-03-07 15:28:01', '2026-03-07 15:46:42'),
	(712, 509, 7, 'FINAL', NULL, NULL, NULL, NULL, NULL, NULL, NULL, NULL, NULL, 86.15, 2.00, 13, 'approved', 1, '2026-03-07 15:28:01', NULL, NULL, NULL, NULL, '2026-03-07 15:28:01', '2026-03-07 15:46:42'),
	(713, 510, 7, 'PRELIM', NULL, NULL, NULL, NULL, NULL, NULL, NULL, NULL, NULL, 80.21, 2.50, 13, 'approved', 1, NULL, 22, '2026-03-07 16:23:01', '2026-03-07 16:23:01', '', '2026-03-07 15:28:01', '2026-03-07 16:23:01'),
	(714, 510, 7, 'MIDTERM', NULL, NULL, NULL, NULL, NULL, NULL, NULL, NULL, NULL, 79.25, 2.50, 13, 'approved', 1, '2026-03-07 15:28:01', NULL, NULL, NULL, NULL, '2026-03-07 15:28:01', '2026-03-07 15:46:42'),
	(715, 510, 7, 'SEMIFINAL', NULL, NULL, NULL, NULL, NULL, NULL, NULL, NULL, NULL, 76.69, 2.75, 13, 'approved', 1, '2026-03-07 15:28:01', NULL, NULL, NULL, NULL, '2026-03-07 15:28:01', '2026-03-07 15:46:42'),
	(716, 510, 7, 'FINAL', NULL, NULL, NULL, NULL, NULL, NULL, NULL, NULL, NULL, 77.95, 2.75, 13, 'approved', 1, '2026-03-07 15:28:01', NULL, NULL, NULL, NULL, '2026-03-07 15:28:01', '2026-03-07 15:46:42'),
	(717, 511, 7, 'PRELIM', NULL, NULL, NULL, NULL, NULL, NULL, NULL, NULL, NULL, 89.00, 1.25, 13, 'approved', 1, '2026-03-07 15:32:48', 22, '2026-03-07 16:23:02', '2026-03-07 16:23:02', NULL, '2026-03-07 15:28:01', '2026-03-07 16:23:02'),
	(718, 511, 7, 'MIDTERM', NULL, NULL, NULL, NULL, NULL, NULL, NULL, NULL, NULL, 81.85, 2.50, 13, 'approved', 1, '2026-03-07 15:28:01', NULL, NULL, NULL, NULL, '2026-03-07 15:28:01', '2026-03-07 15:46:42'),
	(719, 511, 7, 'SEMIFINAL', NULL, NULL, NULL, NULL, NULL, NULL, NULL, NULL, NULL, 83.75, 2.25, 13, 'approved', 1, '2026-03-07 15:28:01', NULL, NULL, NULL, NULL, '2026-03-07 15:28:01', '2026-03-07 15:46:42'),
	(720, 511, 7, 'FINAL', NULL, NULL, NULL, NULL, NULL, NULL, NULL, NULL, NULL, 79.99, 2.50, 13, 'approved', 1, '2026-03-07 15:28:01', NULL, NULL, NULL, NULL, '2026-03-07 15:28:01', '2026-03-07 15:46:42'),
	(721, 512, 7, 'PRELIM', NULL, NULL, NULL, NULL, NULL, NULL, NULL, NULL, NULL, 81.70, 2.50, 13, 'approved', 1, NULL, 22, '2026-03-07 16:23:01', '2026-03-07 16:23:01', '', '2026-03-07 15:28:01', '2026-03-07 16:23:01'),
	(722, 512, 7, 'MIDTERM', NULL, NULL, NULL, NULL, NULL, NULL, NULL, NULL, NULL, 78.28, 2.75, 13, 'approved', 1, '2026-03-07 15:28:01', NULL, NULL, NULL, NULL, '2026-03-07 15:28:01', '2026-03-07 15:46:42'),
	(723, 512, 7, 'SEMIFINAL', NULL, NULL, NULL, NULL, NULL, NULL, NULL, NULL, NULL, 86.29, 2.00, 13, 'approved', 1, '2026-03-07 15:28:01', NULL, NULL, NULL, NULL, '2026-03-07 15:28:01', '2026-03-07 15:46:42'),
	(724, 512, 7, 'FINAL', NULL, NULL, NULL, NULL, NULL, NULL, NULL, NULL, NULL, 80.00, 2.50, 13, 'approved', 1, '2026-03-07 15:28:01', NULL, NULL, NULL, NULL, '2026-03-07 15:28:01', '2026-03-07 15:46:42'),
	(725, 513, 7, 'PRELIM', NULL, NULL, NULL, NULL, NULL, NULL, NULL, NULL, NULL, 93.71, 1.25, 13, 'approved', 1, NULL, 22, '2026-03-07 16:23:01', '2026-03-07 16:23:01', '', '2026-03-07 15:28:01', '2026-03-07 16:23:01'),
	(726, 513, 7, 'MIDTERM', NULL, NULL, NULL, NULL, NULL, NULL, NULL, NULL, NULL, 83.89, 1.75, 13, 'approved', 1, '2026-03-07 15:28:01', NULL, NULL, NULL, NULL, '2026-03-07 15:28:01', '2026-03-07 15:46:42'),
	(727, 513, 7, 'SEMIFINAL', NULL, NULL, NULL, NULL, NULL, NULL, NULL, NULL, NULL, 79.09, 2.50, 13, 'approved', 1, '2026-03-07 15:28:01', NULL, NULL, NULL, NULL, '2026-03-07 15:28:01', '2026-03-07 15:46:42'),
	(728, 513, 7, 'FINAL', NULL, NULL, NULL, NULL, NULL, NULL, NULL, NULL, NULL, 75.99, 3.00, 13, 'approved', 1, '2026-03-07 15:28:01', NULL, NULL, NULL, NULL, '2026-03-07 15:28:01', '2026-03-07 15:46:42'),
	(729, 514, 7, 'PRELIM', NULL, NULL, NULL, NULL, NULL, NULL, NULL, NULL, NULL, 89.00, 1.75, 13, 'approved', 1, '2026-03-07 15:32:48', 22, '2026-03-07 16:23:02', '2026-03-07 16:23:02', NULL, '2026-03-07 15:28:01', '2026-03-07 16:23:02'),
	(730, 514, 7, 'MIDTERM', NULL, NULL, NULL, NULL, NULL, NULL, NULL, NULL, NULL, 81.51, 2.50, 13, 'approved', 1, '2026-03-07 15:28:01', NULL, NULL, NULL, NULL, '2026-03-07 15:28:01', '2026-03-07 15:46:42'),
	(731, 514, 7, 'SEMIFINAL', NULL, NULL, NULL, NULL, NULL, NULL, NULL, NULL, NULL, 80.73, 2.50, 13, 'approved', 1, '2026-03-07 15:28:01', NULL, NULL, NULL, NULL, '2026-03-07 15:28:01', '2026-03-07 15:46:42'),
	(732, 514, 7, 'FINAL', NULL, NULL, NULL, NULL, NULL, NULL, NULL, NULL, NULL, 87.61, 2.75, 13, 'approved', 1, '2026-03-07 15:28:01', NULL, NULL, NULL, NULL, '2026-03-07 15:28:01', '2026-03-07 15:46:42'),
	(733, 515, 7, 'PRELIM', NULL, NULL, NULL, NULL, NULL, NULL, NULL, NULL, NULL, 89.00, 1.50, 13, 'approved', 1, '2026-03-07 15:32:48', 22, '2026-03-07 16:23:02', '2026-03-07 16:23:02', NULL, '2026-03-07 15:28:01', '2026-03-07 16:23:02'),
	(734, 515, 7, 'MIDTERM', NULL, NULL, NULL, NULL, NULL, NULL, NULL, NULL, NULL, 83.12, 2.25, 13, 'approved', 1, '2026-03-07 15:28:01', NULL, NULL, NULL, NULL, '2026-03-07 15:28:01', '2026-03-07 15:46:42'),
	(735, 515, 7, 'SEMIFINAL', NULL, NULL, NULL, NULL, NULL, NULL, NULL, NULL, NULL, 75.67, 1.00, 13, 'approved', 1, '2026-03-07 15:28:01', NULL, NULL, NULL, NULL, '2026-03-07 15:28:01', '2026-03-07 15:46:42'),
	(736, 515, 7, 'FINAL', NULL, NULL, NULL, NULL, NULL, NULL, NULL, NULL, NULL, 79.96, 2.50, 13, 'approved', 1, '2026-03-07 15:28:01', NULL, NULL, NULL, NULL, '2026-03-07 15:28:01', '2026-03-07 15:46:42'),
	(737, 516, 7, 'PRELIM', NULL, NULL, NULL, NULL, NULL, NULL, NULL, NULL, NULL, 80.75, 2.50, 13, 'approved', 1, NULL, 22, '2026-03-07 16:23:01', '2026-03-07 16:23:01', '', '2026-03-07 15:28:01', '2026-03-07 16:23:01'),
	(738, 516, 7, 'MIDTERM', NULL, NULL, NULL, NULL, NULL, NULL, NULL, NULL, NULL, 92.18, 2.50, 13, 'approved', 1, '2026-03-07 15:28:01', NULL, NULL, NULL, NULL, '2026-03-07 15:28:01', '2026-03-07 15:46:42'),
	(739, 516, 7, 'SEMIFINAL', NULL, NULL, NULL, NULL, NULL, NULL, NULL, NULL, NULL, 87.70, 2.00, 13, 'approved', 1, '2026-03-07 15:28:01', NULL, NULL, NULL, NULL, '2026-03-07 15:28:01', '2026-03-07 15:46:42'),
	(740, 516, 7, 'FINAL', NULL, NULL, NULL, NULL, NULL, NULL, NULL, NULL, NULL, 85.50, 2.00, 13, 'approved', 1, '2026-03-07 15:28:01', NULL, NULL, NULL, NULL, '2026-03-07 15:28:01', '2026-03-07 15:46:42'),
	(741, 517, 7, 'PRELIM', NULL, NULL, NULL, NULL, NULL, NULL, NULL, NULL, NULL, 89.00, 1.25, 13, 'approved', 1, NULL, 22, '2026-03-07 16:23:01', '2026-03-07 16:23:01', '', '2026-03-07 15:28:01', '2026-03-07 16:23:01'),
	(742, 517, 7, 'MIDTERM', NULL, NULL, NULL, NULL, NULL, NULL, NULL, NULL, NULL, 87.46, 2.00, 13, 'approved', 1, '2026-03-07 15:28:01', NULL, NULL, NULL, NULL, '2026-03-07 15:28:01', '2026-03-07 15:46:42'),
	(743, 517, 7, 'SEMIFINAL', NULL, NULL, NULL, NULL, NULL, NULL, NULL, NULL, NULL, 75.93, 1.00, 13, 'approved', 1, '2026-03-07 15:28:01', NULL, NULL, NULL, NULL, '2026-03-07 15:28:01', '2026-03-07 15:46:42'),
	(744, 517, 7, 'FINAL', NULL, NULL, NULL, NULL, NULL, NULL, NULL, NULL, NULL, 83.12, 2.25, 13, 'approved', 1, '2026-03-07 15:28:01', NULL, NULL, NULL, NULL, '2026-03-07 15:28:01', '2026-03-07 15:46:42'),
	(745, 518, 7, 'PRELIM', NULL, NULL, NULL, NULL, NULL, NULL, NULL, NULL, NULL, 86.77, 2.00, 13, 'approved', 1, NULL, 22, '2026-03-07 16:23:01', '2026-03-07 16:23:01', '', '2026-03-07 15:28:01', '2026-03-07 16:23:01'),
	(746, 518, 7, 'MIDTERM', NULL, NULL, NULL, NULL, NULL, NULL, NULL, NULL, NULL, 76.32, 2.75, 13, 'approved', 1, '2026-03-07 15:28:01', NULL, NULL, NULL, NULL, '2026-03-07 15:28:01', '2026-03-07 15:46:42'),
	(747, 518, 7, 'SEMIFINAL', NULL, NULL, NULL, NULL, NULL, NULL, NULL, NULL, NULL, 80.77, 3.00, 13, 'approved', 1, '2026-03-07 15:28:01', NULL, NULL, NULL, NULL, '2026-03-07 15:28:01', '2026-03-07 15:46:42'),
	(748, 518, 7, 'FINAL', NULL, NULL, NULL, NULL, NULL, NULL, NULL, NULL, NULL, 82.28, 2.25, 13, 'approved', 1, '2026-03-07 15:28:01', NULL, NULL, NULL, NULL, '2026-03-07 15:28:01', '2026-03-07 15:46:42'),
	(749, 519, 7, 'PRELIM', NULL, NULL, NULL, NULL, NULL, NULL, NULL, NULL, NULL, 89.49, 1.75, 13, 'approved', 1, NULL, 22, '2026-03-07 16:23:01', '2026-03-07 16:23:01', '', '2026-03-07 15:28:01', '2026-03-07 16:23:01'),
	(750, 519, 7, 'MIDTERM', NULL, NULL, NULL, NULL, NULL, NULL, NULL, NULL, NULL, 79.46, 2.50, 13, 'approved', 1, '2026-03-07 15:28:01', NULL, NULL, NULL, NULL, '2026-03-07 15:28:01', '2026-03-07 15:46:42'),
	(751, 519, 7, 'SEMIFINAL', NULL, NULL, NULL, NULL, NULL, NULL, NULL, NULL, NULL, 83.62, 2.25, 13, 'approved', 1, '2026-03-07 15:28:01', NULL, NULL, NULL, NULL, '2026-03-07 15:28:01', '2026-03-07 15:46:42'),
	(752, 519, 7, 'FINAL', NULL, NULL, NULL, NULL, NULL, NULL, NULL, NULL, NULL, 76.24, 2.75, 13, 'approved', 1, '2026-03-07 15:28:01', NULL, NULL, NULL, NULL, '2026-03-07 15:28:01', '2026-03-07 15:46:42'),
	(753, 520, 7, 'PRELIM', NULL, NULL, NULL, NULL, NULL, NULL, NULL, NULL, NULL, 89.00, 1.25, 13, 'approved', 1, '2026-03-07 15:32:48', 22, '2026-03-07 16:23:02', '2026-03-07 16:23:02', NULL, '2026-03-07 15:28:01', '2026-03-07 16:23:02'),
	(754, 520, 7, 'MIDTERM', NULL, NULL, NULL, NULL, NULL, NULL, NULL, NULL, NULL, 79.70, 2.50, 13, 'approved', 1, '2026-03-07 15:28:01', NULL, NULL, NULL, NULL, '2026-03-07 15:28:01', '2026-03-07 15:46:42'),
	(755, 520, 7, 'SEMIFINAL', NULL, NULL, NULL, NULL, NULL, NULL, NULL, NULL, NULL, 79.87, 2.50, 13, 'approved', 1, '2026-03-07 15:28:01', NULL, NULL, NULL, NULL, '2026-03-07 15:28:01', '2026-03-07 15:46:42'),
	(756, 520, 7, 'FINAL', NULL, NULL, NULL, NULL, NULL, NULL, NULL, NULL, NULL, 79.48, 2.50, 13, 'approved', 1, '2026-03-07 15:28:01', NULL, NULL, NULL, NULL, '2026-03-07 15:28:01', '2026-03-07 15:46:42'),
	(757, 521, 7, 'PRELIM', NULL, NULL, NULL, NULL, NULL, NULL, NULL, NULL, NULL, 77.00, 2.75, 13, 'approved', 1, '2026-03-07 15:32:48', 22, '2026-03-07 16:23:02', '2026-03-07 16:23:02', NULL, '2026-03-07 15:28:01', '2026-03-07 16:23:02'),
	(758, 521, 7, 'MIDTERM', NULL, NULL, NULL, NULL, NULL, NULL, NULL, NULL, NULL, 76.58, 1.50, 13, 'approved', 1, '2026-03-07 15:28:01', NULL, NULL, NULL, NULL, '2026-03-07 15:28:01', '2026-03-07 15:46:42'),
	(759, 521, 7, 'SEMIFINAL', NULL, NULL, NULL, NULL, NULL, NULL, NULL, NULL, NULL, 82.00, 2.25, 13, 'approved', 1, '2026-03-07 15:28:01', NULL, NULL, NULL, NULL, '2026-03-07 15:28:01', '2026-03-07 15:46:42'),
	(760, 521, 7, 'FINAL', NULL, NULL, NULL, NULL, NULL, NULL, NULL, NULL, NULL, 75.75, 3.00, 13, 'approved', 1, '2026-03-07 15:28:01', NULL, NULL, NULL, NULL, '2026-03-07 15:28:01', '2026-03-07 15:46:42'),
	(761, 522, 7, 'PRELIM', NULL, NULL, NULL, NULL, NULL, NULL, NULL, NULL, NULL, 76.58, 2.75, 13, 'approved', 1, NULL, 22, '2026-03-07 16:23:01', '2026-03-07 16:23:01', '', '2026-03-07 15:28:01', '2026-03-07 16:23:01'),
	(762, 522, 7, 'MIDTERM', NULL, NULL, NULL, NULL, NULL, NULL, NULL, NULL, NULL, 84.55, 2.75, 13, 'approved', 1, '2026-03-07 15:28:01', NULL, NULL, NULL, NULL, '2026-03-07 15:28:01', '2026-03-07 15:46:42'),
	(763, 522, 7, 'SEMIFINAL', NULL, NULL, NULL, NULL, NULL, NULL, NULL, NULL, NULL, 82.64, 2.00, 13, 'approved', 1, '2026-03-07 15:28:01', NULL, NULL, NULL, NULL, '2026-03-07 15:28:01', '2026-03-07 15:46:42'),
	(764, 522, 7, 'FINAL', NULL, NULL, NULL, NULL, NULL, NULL, NULL, NULL, NULL, 81.27, 1.75, 13, 'approved', 1, '2026-03-07 15:28:01', NULL, NULL, NULL, NULL, '2026-03-07 15:28:01', '2026-03-07 15:46:42'),
	(765, 523, 7, 'PRELIM', NULL, NULL, NULL, NULL, NULL, NULL, NULL, NULL, NULL, 77.00, 2.00, 13, 'approved', 1, '2026-03-07 15:32:48', 22, '2026-03-07 16:23:02', '2026-03-07 16:23:02', NULL, '2026-03-07 15:28:01', '2026-03-07 16:23:02'),
	(766, 523, 7, 'MIDTERM', NULL, NULL, NULL, NULL, NULL, NULL, NULL, NULL, NULL, 78.47, 2.75, 13, 'approved', 1, '2026-03-07 15:28:01', NULL, NULL, NULL, NULL, '2026-03-07 15:28:01', '2026-03-07 15:46:42'),
	(767, 523, 7, 'SEMIFINAL', NULL, NULL, NULL, NULL, NULL, NULL, NULL, NULL, NULL, 75.41, 3.00, 13, 'approved', 1, '2026-03-07 15:28:01', NULL, NULL, NULL, NULL, '2026-03-07 15:28:01', '2026-03-07 15:46:42'),
	(768, 523, 7, 'FINAL', NULL, NULL, NULL, NULL, NULL, NULL, NULL, NULL, NULL, 77.28, 2.75, 13, 'approved', 1, '2026-03-07 15:28:01', NULL, NULL, NULL, NULL, '2026-03-07 15:28:01', '2026-03-07 15:46:42'),
	(769, 524, 7, 'PRELIM', NULL, NULL, NULL, NULL, NULL, NULL, NULL, NULL, NULL, 91.43, 2.75, 13, 'approved', 1, NULL, 22, '2026-03-07 16:23:01', '2026-03-07 16:23:01', '', '2026-03-07 15:28:01', '2026-03-07 16:23:01'),
	(770, 524, 7, 'MIDTERM', NULL, NULL, NULL, NULL, NULL, NULL, NULL, NULL, NULL, 94.09, 1.25, 13, 'approved', 1, '2026-03-07 15:28:01', NULL, NULL, NULL, NULL, '2026-03-07 15:28:01', '2026-03-07 15:46:42'),
	(771, 524, 7, 'SEMIFINAL', NULL, NULL, NULL, NULL, NULL, NULL, NULL, NULL, NULL, 80.71, 2.50, 13, 'approved', 1, '2026-03-07 15:28:01', NULL, NULL, NULL, NULL, '2026-03-07 15:28:01', '2026-03-07 15:46:42'),
	(772, 524, 7, 'FINAL', NULL, NULL, NULL, NULL, NULL, NULL, NULL, NULL, NULL, 89.99, 1.75, 13, 'approved', 1, '2026-03-07 15:28:01', NULL, NULL, NULL, NULL, '2026-03-07 15:28:01', '2026-03-07 15:46:42'),
	(773, 525, 7, 'PRELIM', NULL, NULL, NULL, NULL, NULL, NULL, NULL, NULL, NULL, 81.34, 2.50, 13, 'approved', 1, NULL, 22, '2026-03-07 16:23:01', '2026-03-07 16:23:01', '', '2026-03-07 15:28:01', '2026-03-07 16:23:01'),
	(774, 525, 7, 'MIDTERM', NULL, NULL, NULL, NULL, NULL, NULL, NULL, NULL, NULL, 81.57, 2.50, 13, 'approved', 1, '2026-03-07 15:28:01', NULL, NULL, NULL, NULL, '2026-03-07 15:28:01', '2026-03-07 15:46:42'),
	(775, 525, 7, 'SEMIFINAL', NULL, NULL, NULL, NULL, NULL, NULL, NULL, NULL, NULL, 78.06, 2.75, 13, 'approved', 1, '2026-03-07 15:28:01', NULL, NULL, NULL, NULL, '2026-03-07 15:28:01', '2026-03-07 15:46:42'),
	(776, 525, 7, 'FINAL', NULL, NULL, NULL, NULL, NULL, NULL, NULL, NULL, NULL, 82.84, 2.25, 13, 'approved', 1, '2026-03-07 15:28:01', NULL, NULL, NULL, NULL, '2026-03-07 15:28:01', '2026-03-07 15:46:42'),
	(777, 526, 7, 'PRELIM', NULL, NULL, NULL, NULL, NULL, NULL, NULL, NULL, NULL, 89.00, 1.50, 13, 'approved', 1, '2026-03-07 15:32:48', 22, '2026-03-07 16:23:02', '2026-03-07 16:23:02', NULL, '2026-03-07 15:28:01', '2026-03-07 16:23:02'),
	(778, 526, 7, 'MIDTERM', NULL, NULL, NULL, NULL, NULL, NULL, NULL, NULL, NULL, 93.99, 3.00, 13, 'approved', 1, '2026-03-07 15:28:01', NULL, NULL, NULL, NULL, '2026-03-07 15:28:01', '2026-03-07 15:46:42'),
	(779, 526, 7, 'SEMIFINAL', NULL, NULL, NULL, NULL, NULL, NULL, NULL, NULL, NULL, 75.93, 3.00, 13, 'approved', 1, '2026-03-07 15:28:01', NULL, NULL, NULL, NULL, '2026-03-07 15:28:01', '2026-03-07 15:46:42'),
	(780, 526, 7, 'FINAL', NULL, NULL, NULL, NULL, NULL, NULL, NULL, NULL, NULL, 80.62, 2.50, 13, 'approved', 1, '2026-03-07 15:28:01', NULL, NULL, NULL, NULL, '2026-03-07 15:28:01', '2026-03-07 15:46:42'),
	(781, 527, 7, 'PRELIM', NULL, NULL, NULL, NULL, NULL, NULL, NULL, NULL, NULL, 75.00, 3.00, 13, 'approved', 1, '2026-03-07 15:32:48', 22, '2026-03-07 16:23:02', '2026-03-07 16:23:02', NULL, '2026-03-07 15:28:01', '2026-03-07 16:23:02'),
	(782, 527, 7, 'MIDTERM', NULL, NULL, NULL, NULL, NULL, NULL, NULL, NULL, NULL, 93.40, 2.75, 13, 'approved', 1, '2026-03-07 15:28:01', NULL, NULL, NULL, NULL, '2026-03-07 15:28:01', '2026-03-07 15:46:42'),
	(783, 527, 7, 'SEMIFINAL', NULL, NULL, NULL, NULL, NULL, NULL, NULL, NULL, NULL, 90.80, 2.75, 13, 'approved', 1, '2026-03-07 15:28:01', NULL, NULL, NULL, NULL, '2026-03-07 15:28:01', '2026-03-07 15:46:42'),
	(784, 527, 7, 'FINAL', NULL, NULL, NULL, NULL, NULL, NULL, NULL, NULL, NULL, 76.67, 2.00, 13, 'approved', 1, '2026-03-07 15:28:01', NULL, NULL, NULL, NULL, '2026-03-07 15:28:01', '2026-03-07 15:46:42'),
	(785, 528, 7, 'PRELIM', NULL, NULL, NULL, NULL, NULL, NULL, NULL, NULL, NULL, 87.64, 2.00, 13, 'approved', 1, NULL, 22, '2026-03-07 16:23:01', '2026-03-07 16:23:01', '', '2026-03-07 15:28:01', '2026-03-07 16:23:01'),
	(786, 528, 7, 'MIDTERM', NULL, NULL, NULL, NULL, NULL, NULL, NULL, NULL, NULL, 85.03, 2.00, 13, 'approved', 1, '2026-03-07 15:28:01', NULL, NULL, NULL, NULL, '2026-03-07 15:28:01', '2026-03-07 15:46:42'),
	(787, 528, 7, 'SEMIFINAL', NULL, NULL, NULL, NULL, NULL, NULL, NULL, NULL, NULL, 78.19, 2.75, 13, 'approved', 1, '2026-03-07 15:28:01', NULL, NULL, NULL, NULL, '2026-03-07 15:28:01', '2026-03-07 15:46:42'),
	(788, 528, 7, 'FINAL', NULL, NULL, NULL, NULL, NULL, NULL, NULL, NULL, NULL, 93.42, 2.75, 13, 'approved', 1, '2026-03-07 15:28:01', NULL, NULL, NULL, NULL, '2026-03-07 15:28:01', '2026-03-07 15:46:42'),
	(789, 529, 7, 'PRELIM', NULL, NULL, NULL, NULL, NULL, NULL, NULL, NULL, NULL, 75.00, 3.00, 13, 'approved', 1, '2026-03-07 15:32:48', 22, '2026-03-07 16:23:02', '2026-03-07 16:23:02', NULL, '2026-03-07 15:28:02', '2026-03-07 16:23:02'),
	(790, 529, 7, 'MIDTERM', NULL, NULL, NULL, NULL, NULL, NULL, NULL, NULL, NULL, 84.90, 2.25, 13, 'approved', 1, '2026-03-07 15:28:02', NULL, NULL, NULL, NULL, '2026-03-07 15:28:02', '2026-03-07 15:46:42'),
	(791, 529, 7, 'SEMIFINAL', NULL, NULL, NULL, NULL, NULL, NULL, NULL, NULL, NULL, 87.65, 3.00, 13, 'approved', 1, '2026-03-07 15:28:02', NULL, NULL, NULL, NULL, '2026-03-07 15:28:02', '2026-03-07 15:46:42'),
	(792, 529, 7, 'FINAL', NULL, NULL, NULL, NULL, NULL, NULL, NULL, NULL, NULL, 88.80, 1.75, 13, 'approved', 1, '2026-03-07 15:28:02', NULL, NULL, NULL, NULL, '2026-03-07 15:28:02', '2026-03-07 15:46:42'),
	(793, 530, 7, 'PRELIM', NULL, NULL, NULL, NULL, NULL, NULL, NULL, NULL, NULL, 81.29, 2.50, 13, 'approved', 1, NULL, 22, '2026-03-07 16:23:01', '2026-03-07 16:23:01', '', '2026-03-07 15:28:02', '2026-03-07 16:23:01'),
	(794, 530, 7, 'MIDTERM', NULL, NULL, NULL, NULL, NULL, NULL, NULL, NULL, NULL, 92.74, 1.50, 13, 'approved', 1, '2026-03-07 15:28:02', NULL, NULL, NULL, NULL, '2026-03-07 15:28:02', '2026-03-07 15:46:42'),
	(795, 530, 7, 'SEMIFINAL', NULL, NULL, NULL, NULL, NULL, NULL, NULL, NULL, NULL, 78.16, 2.75, 13, 'approved', 1, '2026-03-07 15:28:02', NULL, NULL, NULL, NULL, '2026-03-07 15:28:02', '2026-03-07 15:46:42'),
	(796, 530, 7, 'FINAL', NULL, NULL, NULL, NULL, NULL, NULL, NULL, NULL, NULL, 80.49, 2.50, 13, 'approved', 1, '2026-03-07 15:28:02', NULL, NULL, NULL, NULL, '2026-03-07 15:28:02', '2026-03-07 15:46:42'),
	(797, 531, 7, 'PRELIM', NULL, NULL, NULL, NULL, NULL, NULL, NULL, NULL, NULL, 79.54, 2.50, 13, 'approved', 1, NULL, 22, '2026-03-07 16:23:01', '2026-03-07 16:23:01', '', '2026-03-07 15:28:02', '2026-03-07 16:23:01'),
	(798, 531, 7, 'MIDTERM', NULL, NULL, NULL, NULL, NULL, NULL, NULL, NULL, NULL, 83.26, 2.25, 13, 'approved', 1, '2026-03-07 15:28:02', NULL, NULL, NULL, NULL, '2026-03-07 15:28:02', '2026-03-07 15:46:42'),
	(799, 531, 7, 'SEMIFINAL', NULL, NULL, NULL, NULL, NULL, NULL, NULL, NULL, NULL, 79.48, 2.50, 13, 'approved', 1, '2026-03-07 15:28:02', NULL, NULL, NULL, NULL, '2026-03-07 15:28:02', '2026-03-07 15:46:42'),
	(800, 531, 7, 'FINAL', NULL, NULL, NULL, NULL, NULL, NULL, NULL, NULL, NULL, 86.60, 2.00, 13, 'approved', 1, '2026-03-07 15:28:02', NULL, NULL, NULL, NULL, '2026-03-07 15:28:02', '2026-03-07 15:46:42'),
	(801, 532, 7, 'PRELIM', NULL, NULL, NULL, NULL, NULL, NULL, NULL, NULL, NULL, 83.06, 2.25, 13, 'approved', 1, '2026-03-07 15:28:02', NULL, NULL, NULL, NULL, '2026-03-07 15:28:02', '2026-03-07 15:46:42'),
	(802, 532, 7, 'MIDTERM', NULL, NULL, NULL, NULL, NULL, NULL, NULL, NULL, NULL, 81.26, 2.50, 13, 'approved', 1, '2026-03-07 15:28:02', NULL, NULL, NULL, NULL, '2026-03-07 15:28:02', '2026-03-07 15:46:42'),
	(803, 532, 7, 'SEMIFINAL', NULL, NULL, NULL, NULL, NULL, NULL, NULL, NULL, NULL, 81.78, 2.50, 13, 'approved', 1, '2026-03-07 15:28:02', NULL, NULL, NULL, NULL, '2026-03-07 15:28:02', '2026-03-07 15:46:42'),
	(804, 532, 7, 'FINAL', NULL, NULL, NULL, NULL, NULL, NULL, NULL, NULL, NULL, 90.01, 3.00, 13, 'approved', 1, '2026-03-07 15:28:02', NULL, NULL, NULL, NULL, '2026-03-07 15:28:02', '2026-03-07 15:46:42'),
	(805, 533, 7, 'PRELIM', NULL, NULL, NULL, NULL, NULL, NULL, NULL, NULL, NULL, 79.33, 2.75, 13, 'approved', 1, '2026-03-07 15:28:02', NULL, NULL, NULL, NULL, '2026-03-07 15:28:02', '2026-03-07 15:46:42'),
	(806, 533, 7, 'MIDTERM', NULL, NULL, NULL, NULL, NULL, NULL, NULL, NULL, NULL, 81.86, 2.50, 13, 'approved', 1, '2026-03-07 15:28:02', NULL, NULL, NULL, NULL, '2026-03-07 15:28:02', '2026-03-07 15:46:42'),
	(807, 533, 7, 'SEMIFINAL', NULL, NULL, NULL, NULL, NULL, NULL, NULL, NULL, NULL, 81.22, 2.50, 13, 'approved', 1, '2026-03-07 15:28:02', NULL, NULL, NULL, NULL, '2026-03-07 15:28:02', '2026-03-07 15:46:42'),
	(808, 533, 7, 'FINAL', NULL, NULL, NULL, NULL, NULL, NULL, NULL, NULL, NULL, 87.45, 2.00, 13, 'approved', 1, '2026-03-07 15:28:02', NULL, NULL, NULL, NULL, '2026-03-07 15:28:02', '2026-03-07 15:46:42'),
	(809, 534, 7, 'PRELIM', NULL, NULL, NULL, NULL, NULL, NULL, NULL, NULL, NULL, 86.56, 2.00, 13, 'approved', 1, '2026-03-07 15:28:02', NULL, NULL, NULL, NULL, '2026-03-07 15:28:02', '2026-03-07 15:46:42'),
	(810, 534, 7, 'MIDTERM', NULL, NULL, NULL, NULL, NULL, NULL, NULL, NULL, NULL, 79.62, 2.50, 13, 'approved', 1, '2026-03-07 15:28:02', NULL, NULL, NULL, NULL, '2026-03-07 15:28:02', '2026-03-07 15:46:42'),
	(811, 534, 7, 'SEMIFINAL', NULL, NULL, NULL, NULL, NULL, NULL, NULL, NULL, NULL, 83.03, 2.25, 13, 'approved', 1, '2026-03-07 15:28:02', NULL, NULL, NULL, NULL, '2026-03-07 15:28:02', '2026-03-07 15:46:42'),
	(812, 534, 7, 'FINAL', NULL, NULL, NULL, NULL, NULL, NULL, NULL, NULL, NULL, 80.39, 2.50, 13, 'approved', 1, '2026-03-07 15:28:02', NULL, NULL, NULL, NULL, '2026-03-07 15:28:02', '2026-03-07 15:46:42'),
	(813, 535, 7, 'PRELIM', NULL, NULL, NULL, NULL, NULL, NULL, NULL, NULL, NULL, 89.46, 1.75, 13, 'approved', 1, '2026-03-07 15:28:02', NULL, NULL, NULL, NULL, '2026-03-07 15:28:02', '2026-03-07 15:46:42'),
	(814, 535, 7, 'MIDTERM', NULL, NULL, NULL, NULL, NULL, NULL, NULL, NULL, NULL, 86.43, 1.25, 13, 'approved', 1, '2026-03-07 15:28:02', NULL, NULL, NULL, NULL, '2026-03-07 15:28:02', '2026-03-07 15:46:42'),
	(815, 535, 7, 'SEMIFINAL', NULL, NULL, NULL, NULL, NULL, NULL, NULL, NULL, NULL, 83.59, 2.50, 13, 'approved', 1, '2026-03-07 15:28:02', NULL, NULL, NULL, NULL, '2026-03-07 15:28:02', '2026-03-07 15:46:42'),
	(816, 535, 7, 'FINAL', NULL, NULL, NULL, NULL, NULL, NULL, NULL, NULL, NULL, 87.03, 2.00, 13, 'approved', 1, '2026-03-07 15:28:02', NULL, NULL, NULL, NULL, '2026-03-07 15:28:02', '2026-03-07 15:46:42'),
	(817, 536, 7, 'PRELIM', NULL, NULL, NULL, NULL, NULL, NULL, NULL, NULL, NULL, 82.34, 2.25, 13, 'approved', 1, '2026-03-07 15:28:02', NULL, NULL, NULL, NULL, '2026-03-07 15:28:02', '2026-03-07 15:46:42'),
	(818, 536, 7, 'MIDTERM', NULL, NULL, NULL, NULL, NULL, NULL, NULL, NULL, NULL, 87.11, 1.75, 13, 'approved', 1, '2026-03-07 15:28:02', NULL, NULL, NULL, NULL, '2026-03-07 15:28:02', '2026-03-07 15:46:42'),
	(819, 536, 7, 'SEMIFINAL', NULL, NULL, NULL, NULL, NULL, NULL, NULL, NULL, NULL, 83.31, 2.25, 13, 'approved', 1, '2026-03-07 15:28:02', NULL, NULL, NULL, NULL, '2026-03-07 15:28:02', '2026-03-07 15:46:42'),
	(820, 536, 7, 'FINAL', NULL, NULL, NULL, NULL, NULL, NULL, NULL, NULL, NULL, 86.55, 2.00, 13, 'approved', 1, '2026-03-07 15:28:02', NULL, NULL, NULL, NULL, '2026-03-07 15:28:02', '2026-03-07 15:46:42'),
	(821, 537, 7, 'PRELIM', NULL, NULL, NULL, NULL, NULL, NULL, NULL, NULL, NULL, 78.10, 1.00, 13, 'approved', 1, '2026-03-07 15:28:02', NULL, NULL, NULL, NULL, '2026-03-07 15:28:02', '2026-03-07 15:46:42'),
	(822, 537, 7, 'MIDTERM', NULL, NULL, NULL, NULL, NULL, NULL, NULL, NULL, NULL, 78.06, 2.75, 13, 'approved', 1, '2026-03-07 15:28:02', NULL, NULL, NULL, NULL, '2026-03-07 15:28:02', '2026-03-07 15:46:42'),
	(823, 537, 7, 'SEMIFINAL', NULL, NULL, NULL, NULL, NULL, NULL, NULL, NULL, NULL, 81.43, 2.50, 13, 'approved', 1, '2026-03-07 15:28:02', NULL, NULL, NULL, NULL, '2026-03-07 15:28:02', '2026-03-07 15:46:42'),
	(824, 537, 7, 'FINAL', NULL, NULL, NULL, NULL, NULL, NULL, NULL, NULL, NULL, 94.39, 2.00, 13, 'approved', 1, '2026-03-07 15:28:02', NULL, NULL, NULL, NULL, '2026-03-07 15:28:02', '2026-03-07 15:46:42'),
	(825, 538, 7, 'PRELIM', NULL, NULL, NULL, NULL, NULL, NULL, NULL, NULL, NULL, 81.32, 2.50, 13, 'approved', 1, '2026-03-07 15:28:02', NULL, NULL, NULL, NULL, '2026-03-07 15:28:02', '2026-03-07 15:46:42'),
	(826, 538, 7, 'MIDTERM', NULL, NULL, NULL, NULL, NULL, NULL, NULL, NULL, NULL, 80.23, 2.50, 13, 'approved', 1, '2026-03-07 15:28:02', NULL, NULL, NULL, NULL, '2026-03-07 15:28:02', '2026-03-07 15:46:42'),
	(827, 538, 7, 'SEMIFINAL', NULL, NULL, NULL, NULL, NULL, NULL, NULL, NULL, NULL, 89.26, 1.25, 13, 'approved', 1, '2026-03-07 15:28:02', NULL, NULL, NULL, NULL, '2026-03-07 15:28:02', '2026-03-07 15:46:42'),
	(828, 538, 7, 'FINAL', NULL, NULL, NULL, NULL, NULL, NULL, NULL, NULL, NULL, 78.88, 2.75, 13, 'approved', 1, '2026-03-07 15:28:02', NULL, NULL, NULL, NULL, '2026-03-07 15:28:02', '2026-03-07 15:46:42'),
	(829, 539, 7, 'PRELIM', NULL, NULL, NULL, NULL, NULL, NULL, NULL, NULL, NULL, 83.34, 2.25, 13, 'approved', 1, '2026-03-07 15:28:02', NULL, NULL, NULL, NULL, '2026-03-07 15:28:02', '2026-03-07 15:46:42'),
	(830, 539, 7, 'MIDTERM', NULL, NULL, NULL, NULL, NULL, NULL, NULL, NULL, NULL, 89.25, 1.75, 13, 'approved', 1, '2026-03-07 15:28:02', NULL, NULL, NULL, NULL, '2026-03-07 15:28:02', '2026-03-07 15:46:42'),
	(831, 539, 7, 'SEMIFINAL', NULL, NULL, NULL, NULL, NULL, NULL, NULL, NULL, NULL, 78.16, 2.75, 13, 'approved', 1, '2026-03-07 15:28:02', NULL, NULL, NULL, NULL, '2026-03-07 15:28:02', '2026-03-07 15:46:42'),
	(832, 539, 7, 'FINAL', NULL, NULL, NULL, NULL, NULL, NULL, NULL, NULL, NULL, 81.32, 2.50, 13, 'approved', 1, '2026-03-07 15:28:02', NULL, NULL, NULL, NULL, '2026-03-07 15:28:02', '2026-03-07 15:46:42'),
	(833, 540, 7, 'PRELIM', NULL, NULL, NULL, NULL, NULL, NULL, NULL, NULL, NULL, 91.07, 1.50, 13, 'approved', 1, '2026-03-07 15:28:02', NULL, NULL, NULL, NULL, '2026-03-07 15:28:02', '2026-03-07 15:46:42'),
	(834, 540, 7, 'MIDTERM', NULL, NULL, NULL, NULL, NULL, NULL, NULL, NULL, NULL, 87.93, 2.00, 13, 'approved', 1, '2026-03-07 15:28:02', NULL, NULL, NULL, NULL, '2026-03-07 15:28:02', '2026-03-07 15:46:42'),
	(835, 540, 7, 'SEMIFINAL', NULL, NULL, NULL, NULL, NULL, NULL, NULL, NULL, NULL, 89.08, 1.75, 13, 'approved', 1, '2026-03-07 15:28:02', NULL, NULL, NULL, NULL, '2026-03-07 15:28:02', '2026-03-07 15:46:42'),
	(836, 540, 7, 'FINAL', NULL, NULL, NULL, NULL, NULL, NULL, NULL, NULL, NULL, 79.62, 2.50, 13, 'approved', 1, '2026-03-07 15:28:02', NULL, NULL, NULL, NULL, '2026-03-07 15:28:02', '2026-03-07 15:46:42'),
	(837, 541, 7, 'PRELIM', NULL, NULL, NULL, NULL, NULL, NULL, NULL, NULL, NULL, 77.25, 2.75, 13, 'approved', 1, '2026-03-07 15:28:02', NULL, NULL, NULL, NULL, '2026-03-07 15:28:02', '2026-03-07 15:46:42'),
	(838, 541, 7, 'MIDTERM', NULL, NULL, NULL, NULL, NULL, NULL, NULL, NULL, NULL, 75.02, 3.00, 13, 'approved', 1, '2026-03-07 15:28:02', NULL, NULL, NULL, NULL, '2026-03-07 15:28:02', '2026-03-07 15:46:42'),
	(839, 541, 7, 'SEMIFINAL', NULL, NULL, NULL, NULL, NULL, NULL, NULL, NULL, NULL, 76.10, 2.75, 13, 'approved', 1, '2026-03-07 15:28:02', NULL, NULL, NULL, NULL, '2026-03-07 15:28:02', '2026-03-07 15:46:42'),
	(840, 541, 7, 'FINAL', NULL, NULL, NULL, NULL, NULL, NULL, NULL, NULL, NULL, 81.43, 2.50, 13, 'approved', 1, '2026-03-07 15:28:02', NULL, NULL, NULL, NULL, '2026-03-07 15:28:02', '2026-03-07 15:46:42'),
	(841, 542, 7, 'PRELIM', NULL, NULL, NULL, NULL, NULL, NULL, NULL, NULL, NULL, 80.74, 2.50, 13, 'approved', 1, '2026-03-07 15:28:02', NULL, NULL, NULL, NULL, '2026-03-07 15:28:02', '2026-03-07 15:46:42'),
	(842, 542, 7, 'MIDTERM', NULL, NULL, NULL, NULL, NULL, NULL, NULL, NULL, NULL, 89.71, 1.75, 13, 'approved', 1, '2026-03-07 15:28:02', NULL, NULL, NULL, NULL, '2026-03-07 15:28:02', '2026-03-07 15:46:42'),
	(843, 542, 7, 'SEMIFINAL', NULL, NULL, NULL, NULL, NULL, NULL, NULL, NULL, NULL, 84.19, 2.25, 13, 'approved', 1, '2026-03-07 15:28:02', NULL, NULL, NULL, NULL, '2026-03-07 15:28:02', '2026-03-07 15:46:42'),
	(844, 542, 7, 'FINAL', NULL, NULL, NULL, NULL, NULL, NULL, NULL, NULL, NULL, 81.89, 2.50, 13, 'approved', 1, '2026-03-07 15:28:02', NULL, NULL, NULL, NULL, '2026-03-07 15:28:02', '2026-03-07 15:46:42'),
	(845, 543, 7, 'PRELIM', NULL, NULL, NULL, NULL, NULL, NULL, NULL, NULL, NULL, 75.21, 3.00, 13, 'approved', 1, '2026-03-07 15:28:02', NULL, NULL, NULL, NULL, '2026-03-07 15:28:02', '2026-03-07 15:46:42'),
	(846, 543, 7, 'MIDTERM', NULL, NULL, NULL, NULL, NULL, NULL, NULL, NULL, NULL, 90.71, 1.75, 13, 'approved', 1, '2026-03-07 15:28:02', NULL, NULL, NULL, NULL, '2026-03-07 15:28:02', '2026-03-07 15:46:42'),
	(847, 543, 7, 'SEMIFINAL', NULL, NULL, NULL, NULL, NULL, NULL, NULL, NULL, NULL, 86.50, 2.00, 13, 'approved', 1, '2026-03-07 15:28:02', NULL, NULL, NULL, NULL, '2026-03-07 15:28:02', '2026-03-07 15:46:42'),
	(848, 543, 7, 'FINAL', NULL, NULL, NULL, NULL, NULL, NULL, NULL, NULL, NULL, 84.12, 2.25, 13, 'approved', 1, '2026-03-07 15:28:02', NULL, NULL, NULL, NULL, '2026-03-07 15:28:02', '2026-03-07 15:46:42'),
	(849, 544, 7, 'PRELIM', NULL, NULL, NULL, NULL, NULL, NULL, NULL, NULL, NULL, 82.38, 2.25, 13, 'approved', 1, '2026-03-07 15:28:02', NULL, NULL, NULL, NULL, '2026-03-07 15:28:02', '2026-03-07 15:46:42'),
	(850, 544, 7, 'MIDTERM', NULL, NULL, NULL, NULL, NULL, NULL, NULL, NULL, NULL, 86.12, 2.00, 13, 'approved', 1, '2026-03-07 15:28:02', NULL, NULL, NULL, NULL, '2026-03-07 15:28:02', '2026-03-07 15:46:42'),
	(851, 544, 7, 'SEMIFINAL', NULL, NULL, NULL, NULL, NULL, NULL, NULL, NULL, NULL, 80.87, 2.50, 13, 'approved', 1, '2026-03-07 15:28:02', NULL, NULL, NULL, NULL, '2026-03-07 15:28:02', '2026-03-07 15:46:42'),
	(852, 544, 7, 'FINAL', NULL, NULL, NULL, NULL, NULL, NULL, NULL, NULL, NULL, 77.80, 2.75, 13, 'approved', 1, '2026-03-07 15:28:02', NULL, NULL, NULL, NULL, '2026-03-07 15:28:02', '2026-03-07 15:46:42'),
	(853, 545, 7, 'PRELIM', NULL, NULL, NULL, NULL, NULL, NULL, NULL, NULL, NULL, 77.89, 2.75, 13, 'approved', 1, '2026-03-07 15:28:02', NULL, NULL, NULL, NULL, '2026-03-07 15:28:02', '2026-03-07 15:46:42'),
	(854, 545, 7, 'MIDTERM', NULL, NULL, NULL, NULL, NULL, NULL, NULL, NULL, NULL, 77.72, 2.75, 13, 'approved', 1, '2026-03-07 15:28:02', NULL, NULL, NULL, NULL, '2026-03-07 15:28:02', '2026-03-07 15:46:42'),
	(855, 545, 7, 'SEMIFINAL', NULL, NULL, NULL, NULL, NULL, NULL, NULL, NULL, NULL, 88.81, 1.75, 13, 'approved', 1, '2026-03-07 15:28:02', NULL, NULL, NULL, NULL, '2026-03-07 15:28:02', '2026-03-07 15:46:42'),
	(856, 545, 7, 'FINAL', NULL, NULL, NULL, NULL, NULL, NULL, NULL, NULL, NULL, 81.96, 2.50, 13, 'approved', 1, '2026-03-07 15:28:02', NULL, NULL, NULL, NULL, '2026-03-07 15:28:02', '2026-03-07 15:46:42'),
	(857, 546, 7, 'PRELIM', NULL, NULL, NULL, NULL, NULL, NULL, NULL, NULL, NULL, 85.25, 2.00, 13, 'approved', 1, '2026-03-07 15:28:02', NULL, NULL, NULL, NULL, '2026-03-07 15:28:02', '2026-03-07 15:46:42'),
	(858, 546, 7, 'MIDTERM', NULL, NULL, NULL, NULL, NULL, NULL, NULL, NULL, NULL, 86.68, 2.50, 13, 'approved', 1, '2026-03-07 15:28:02', NULL, NULL, NULL, NULL, '2026-03-07 15:28:02', '2026-03-07 15:46:42'),
	(859, 546, 7, 'SEMIFINAL', NULL, NULL, NULL, NULL, NULL, NULL, NULL, NULL, NULL, 93.62, 1.50, 13, 'approved', 1, '2026-03-07 15:28:02', NULL, NULL, NULL, NULL, '2026-03-07 15:28:02', '2026-03-07 15:46:42'),
	(860, 546, 7, 'FINAL', NULL, NULL, NULL, NULL, NULL, NULL, NULL, NULL, NULL, 76.90, 1.00, 13, 'approved', 1, '2026-03-07 15:28:02', NULL, NULL, NULL, NULL, '2026-03-07 15:28:02', '2026-03-07 15:46:42'),
	(861, 547, 7, 'PRELIM', NULL, NULL, NULL, NULL, NULL, NULL, NULL, NULL, NULL, 75.83, 2.00, 13, 'approved', 1, '2026-03-07 15:28:02', NULL, NULL, NULL, NULL, '2026-03-07 15:28:02', '2026-03-07 15:46:42'),
	(862, 547, 7, 'MIDTERM', NULL, NULL, NULL, NULL, NULL, NULL, NULL, NULL, NULL, 75.86, 2.50, 13, 'approved', 1, '2026-03-07 15:28:02', NULL, NULL, NULL, NULL, '2026-03-07 15:28:02', '2026-03-07 15:46:42'),
	(863, 547, 7, 'SEMIFINAL', NULL, NULL, NULL, NULL, NULL, NULL, NULL, NULL, NULL, 81.83, 2.50, 13, 'approved', 1, '2026-03-07 15:28:02', NULL, NULL, NULL, NULL, '2026-03-07 15:28:02', '2026-03-07 15:46:42'),
	(864, 547, 7, 'FINAL', NULL, NULL, NULL, NULL, NULL, NULL, NULL, NULL, NULL, 79.60, 2.50, 13, 'approved', 1, '2026-03-07 15:28:02', NULL, NULL, NULL, NULL, '2026-03-07 15:28:02', '2026-03-07 15:46:42'),
	(865, 548, 7, 'PRELIM', NULL, NULL, NULL, NULL, NULL, NULL, NULL, NULL, NULL, 81.88, 2.50, 13, 'approved', 1, '2026-03-07 15:28:02', NULL, NULL, NULL, NULL, '2026-03-07 15:28:02', '2026-03-07 15:46:42'),
	(866, 548, 7, 'MIDTERM', NULL, NULL, NULL, NULL, NULL, NULL, NULL, NULL, NULL, 78.23, 1.25, 13, 'approved', 1, '2026-03-07 15:28:02', NULL, NULL, NULL, NULL, '2026-03-07 15:28:02', '2026-03-07 15:46:42'),
	(867, 548, 7, 'SEMIFINAL', NULL, NULL, NULL, NULL, NULL, NULL, NULL, NULL, NULL, 87.90, 2.00, 13, 'approved', 1, '2026-03-07 15:28:02', NULL, NULL, NULL, NULL, '2026-03-07 15:28:02', '2026-03-07 15:46:42'),
	(868, 548, 7, 'FINAL', NULL, NULL, NULL, NULL, NULL, NULL, NULL, NULL, NULL, 75.92, 3.00, 13, 'approved', 1, '2026-03-07 15:28:02', NULL, NULL, NULL, NULL, '2026-03-07 15:28:02', '2026-03-07 15:46:42'),
	(869, 549, 7, 'PRELIM', NULL, NULL, NULL, NULL, NULL, NULL, NULL, NULL, NULL, 84.87, 2.25, 13, 'approved', 1, '2026-03-07 15:28:02', NULL, NULL, NULL, NULL, '2026-03-07 15:28:02', '2026-03-07 15:46:42'),
	(870, 549, 7, 'MIDTERM', NULL, NULL, NULL, NULL, NULL, NULL, NULL, NULL, NULL, 77.51, 1.25, 13, 'approved', 1, '2026-03-07 15:28:02', NULL, NULL, NULL, NULL, '2026-03-07 15:28:02', '2026-03-07 15:46:42'),
	(871, 549, 7, 'SEMIFINAL', NULL, NULL, NULL, NULL, NULL, NULL, NULL, NULL, NULL, 79.71, 2.50, 13, 'approved', 1, '2026-03-07 15:28:02', NULL, NULL, NULL, NULL, '2026-03-07 15:28:02', '2026-03-07 15:46:42'),
	(872, 549, 7, 'FINAL', NULL, NULL, NULL, NULL, NULL, NULL, NULL, NULL, NULL, 82.71, 2.25, 13, 'approved', 1, '2026-03-07 15:28:02', NULL, NULL, NULL, NULL, '2026-03-07 15:28:02', '2026-03-07 15:46:42'),
	(873, 550, 7, 'PRELIM', NULL, NULL, NULL, NULL, NULL, NULL, NULL, NULL, NULL, 87.21, 2.00, 13, 'approved', 1, '2026-03-07 15:28:02', NULL, NULL, NULL, NULL, '2026-03-07 15:28:02', '2026-03-07 15:46:42'),
	(874, 550, 7, 'MIDTERM', NULL, NULL, NULL, NULL, NULL, NULL, NULL, NULL, NULL, 84.21, 2.25, 13, 'approved', 1, '2026-03-07 15:28:02', NULL, NULL, NULL, NULL, '2026-03-07 15:28:02', '2026-03-07 15:46:42'),
	(875, 550, 7, 'SEMIFINAL', NULL, NULL, NULL, NULL, NULL, NULL, NULL, NULL, NULL, 77.21, 2.75, 13, 'approved', 1, '2026-03-07 15:28:02', NULL, NULL, NULL, NULL, '2026-03-07 15:28:02', '2026-03-07 15:46:42'),
	(876, 550, 7, 'FINAL', NULL, NULL, NULL, NULL, NULL, NULL, NULL, NULL, NULL, 84.18, 2.25, 13, 'approved', 1, '2026-03-07 15:28:02', NULL, NULL, NULL, NULL, '2026-03-07 15:28:02', '2026-03-07 15:46:42'),
	(877, 551, 7, 'PRELIM', NULL, NULL, NULL, NULL, NULL, NULL, NULL, NULL, NULL, 81.96, 2.50, 13, 'approved', 1, '2026-03-07 15:28:02', NULL, NULL, NULL, NULL, '2026-03-07 15:28:02', '2026-03-07 15:46:42'),
	(878, 551, 7, 'MIDTERM', NULL, NULL, NULL, NULL, NULL, NULL, NULL, NULL, NULL, 82.16, 2.25, 13, 'approved', 1, '2026-03-07 15:28:02', NULL, NULL, NULL, NULL, '2026-03-07 15:28:02', '2026-03-07 15:46:42'),
	(879, 551, 7, 'SEMIFINAL', NULL, NULL, NULL, NULL, NULL, NULL, NULL, NULL, NULL, 86.37, 1.50, 13, 'approved', 1, '2026-03-07 15:28:02', NULL, NULL, NULL, NULL, '2026-03-07 15:28:02', '2026-03-07 15:46:42'),
	(880, 551, 7, 'FINAL', NULL, NULL, NULL, NULL, NULL, NULL, NULL, NULL, NULL, 75.08, 3.00, 13, 'approved', 1, '2026-03-07 15:28:02', NULL, NULL, NULL, NULL, '2026-03-07 15:28:02', '2026-03-07 15:46:42'),
	(881, 552, 7, 'PRELIM', NULL, NULL, NULL, NULL, NULL, NULL, NULL, NULL, NULL, 86.30, 2.00, 13, 'approved', 1, '2026-03-07 15:28:02', NULL, NULL, NULL, NULL, '2026-03-07 15:28:02', '2026-03-07 15:46:42'),
	(882, 552, 7, 'MIDTERM', NULL, NULL, NULL, NULL, NULL, NULL, NULL, NULL, NULL, 85.98, 2.00, 13, 'approved', 1, '2026-03-07 15:28:02', NULL, NULL, NULL, NULL, '2026-03-07 15:28:02', '2026-03-07 15:46:42'),
	(883, 552, 7, 'SEMIFINAL', NULL, NULL, NULL, NULL, NULL, NULL, NULL, NULL, NULL, 92.91, 1.50, 13, 'approved', 1, '2026-03-07 15:28:02', NULL, NULL, NULL, NULL, '2026-03-07 15:28:02', '2026-03-07 15:46:42'),
	(884, 552, 7, 'FINAL', NULL, NULL, NULL, NULL, NULL, NULL, NULL, NULL, NULL, 93.81, 2.25, 13, 'approved', 1, '2026-03-07 15:28:02', NULL, NULL, NULL, NULL, '2026-03-07 15:28:02', '2026-03-07 15:46:42'),
	(885, 553, 7, 'PRELIM', NULL, NULL, NULL, NULL, NULL, NULL, NULL, NULL, NULL, 82.81, 2.25, 13, 'approved', 1, '2026-03-07 15:28:02', NULL, NULL, NULL, NULL, '2026-03-07 15:28:02', '2026-03-07 15:46:42'),
	(886, 553, 7, 'MIDTERM', NULL, NULL, NULL, NULL, NULL, NULL, NULL, NULL, NULL, 79.62, 2.50, 13, 'approved', 1, '2026-03-07 15:28:02', NULL, NULL, NULL, NULL, '2026-03-07 15:28:02', '2026-03-07 15:46:42'),
	(887, 553, 7, 'SEMIFINAL', NULL, NULL, NULL, NULL, NULL, NULL, NULL, NULL, NULL, 88.57, 1.75, 13, 'approved', 1, '2026-03-07 15:28:02', NULL, NULL, NULL, NULL, '2026-03-07 15:28:02', '2026-03-07 15:46:42'),
	(888, 553, 7, 'FINAL', NULL, NULL, NULL, NULL, NULL, NULL, NULL, NULL, NULL, 76.80, 2.75, 13, 'approved', 1, '2026-03-07 15:28:02', NULL, NULL, NULL, NULL, '2026-03-07 15:28:02', '2026-03-07 15:46:42'),
	(889, 554, 7, 'PRELIM', NULL, NULL, NULL, NULL, NULL, NULL, NULL, NULL, NULL, 90.00, 1.75, 13, 'approved', 1, '2026-03-07 15:28:02', NULL, NULL, NULL, NULL, '2026-03-07 15:28:02', '2026-03-07 15:46:42'),
	(890, 554, 7, 'MIDTERM', NULL, NULL, NULL, NULL, NULL, NULL, NULL, NULL, NULL, 76.00, 2.75, 13, 'approved', 1, '2026-03-07 15:28:02', NULL, NULL, NULL, NULL, '2026-03-07 15:28:02', '2026-03-07 15:46:42'),
	(891, 554, 7, 'SEMIFINAL', NULL, NULL, NULL, NULL, NULL, NULL, NULL, NULL, NULL, 75.27, 3.00, 13, 'approved', 1, '2026-03-07 15:28:02', NULL, NULL, NULL, NULL, '2026-03-07 15:28:02', '2026-03-07 15:46:42'),
	(892, 554, 7, 'FINAL', NULL, NULL, NULL, NULL, NULL, NULL, NULL, NULL, NULL, 91.28, 1.50, 13, 'approved', 1, '2026-03-07 15:28:02', NULL, NULL, NULL, NULL, '2026-03-07 15:28:02', '2026-03-07 15:46:42'),
	(893, 555, 7, 'PRELIM', NULL, NULL, NULL, NULL, NULL, NULL, NULL, NULL, NULL, 80.29, 2.50, 13, 'approved', 1, '2026-03-07 15:28:02', NULL, NULL, NULL, NULL, '2026-03-07 15:28:02', '2026-03-07 15:46:42'),
	(894, 555, 7, 'MIDTERM', NULL, NULL, NULL, NULL, NULL, NULL, NULL, NULL, NULL, 91.91, 1.50, 13, 'approved', 1, '2026-03-07 15:28:02', NULL, NULL, NULL, NULL, '2026-03-07 15:28:02', '2026-03-07 15:46:42'),
	(895, 555, 7, 'SEMIFINAL', NULL, NULL, NULL, NULL, NULL, NULL, NULL, NULL, NULL, 80.21, 1.50, 13, 'approved', 1, '2026-03-07 15:28:02', NULL, NULL, NULL, NULL, '2026-03-07 15:28:02', '2026-03-07 15:46:42'),
	(896, 555, 7, 'FINAL', NULL, NULL, NULL, NULL, NULL, NULL, NULL, NULL, NULL, 84.09, 2.25, 13, 'approved', 1, '2026-03-07 15:28:02', NULL, NULL, NULL, NULL, '2026-03-07 15:28:02', '2026-03-07 15:46:42'),
	(897, 556, 7, 'PRELIM', NULL, NULL, NULL, NULL, NULL, NULL, NULL, NULL, NULL, 83.77, 2.25, 13, 'approved', 1, '2026-03-07 15:28:02', NULL, NULL, NULL, NULL, '2026-03-07 15:28:02', '2026-03-07 15:46:42'),
	(898, 556, 7, 'MIDTERM', NULL, NULL, NULL, NULL, NULL, NULL, NULL, NULL, NULL, 79.54, 2.50, 13, 'approved', 1, '2026-03-07 15:28:02', NULL, NULL, NULL, NULL, '2026-03-07 15:28:02', '2026-03-07 15:46:42'),
	(899, 556, 7, 'SEMIFINAL', NULL, NULL, NULL, NULL, NULL, NULL, NULL, NULL, NULL, 81.01, 2.50, 13, 'approved', 1, '2026-03-07 15:28:02', NULL, NULL, NULL, NULL, '2026-03-07 15:28:02', '2026-03-07 15:46:42'),
	(900, 556, 7, 'FINAL', NULL, NULL, NULL, NULL, NULL, NULL, NULL, NULL, NULL, 86.80, 1.50, 13, 'approved', 1, '2026-03-07 15:28:02', NULL, NULL, NULL, NULL, '2026-03-07 15:28:02', '2026-03-07 15:46:42'),
	(1041, 727, 6, 'Q1', NULL, NULL, NULL, 95.04, 77.33, 76.59, 23.76, 38.67, 19.15, 81.58, 82.00, 14, 'approved', 0, '2026-03-07 15:28:02', NULL, NULL, NULL, NULL, '2026-03-07 15:28:02', '2026-03-07 15:28:02'),
	(1042, 727, 6, 'Q2', NULL, NULL, NULL, 60.25, 66.86, 66.19, 15.06, 33.43, 16.55, 65.04, 65.00, 14, 'approved', 0, '2026-03-07 15:28:02', NULL, NULL, NULL, NULL, '2026-03-07 15:28:02', '2026-03-07 15:28:02'),
	(1043, 728, 6, 'Q1', NULL, NULL, NULL, 80.21, 64.15, 87.73, 20.05, 32.08, 21.93, 74.06, 74.00, 14, 'approved', 0, '2026-03-07 15:28:02', NULL, NULL, NULL, NULL, '2026-03-07 15:28:02', '2026-03-07 15:28:02'),
	(1044, 728, 6, 'Q2', NULL, NULL, NULL, 66.50, 74.93, 64.36, 16.63, 37.47, 16.09, 70.19, 70.00, 14, 'approved', 0, '2026-03-07 15:28:02', NULL, NULL, NULL, NULL, '2026-03-07 15:28:02', '2026-03-07 15:28:02'),
	(1045, 729, 6, 'Q1', NULL, NULL, NULL, 61.57, 74.51, 92.87, 15.39, 37.26, 23.22, 75.87, 76.00, 14, 'approved', 0, '2026-03-07 15:28:02', NULL, NULL, NULL, NULL, '2026-03-07 15:28:02', '2026-03-07 15:28:02'),
	(1046, 729, 6, 'Q2', NULL, NULL, NULL, 80.30, 96.16, 86.07, 20.08, 48.08, 21.52, 89.68, 90.00, 14, 'approved', 0, '2026-03-07 15:28:02', NULL, NULL, NULL, NULL, '2026-03-07 15:28:02', '2026-03-07 15:28:02'),
	(1047, 730, 6, 'Q1', NULL, NULL, NULL, 73.20, 63.21, 95.18, 18.30, 28.44, 28.55, 75.29, 75.00, 14, 'approved', 0, '2026-03-07 15:28:02', NULL, NULL, NULL, NULL, '2026-03-07 15:28:02', '2026-03-07 15:28:02'),
	(1048, 730, 6, 'Q2', NULL, NULL, NULL, 76.80, 89.04, 62.36, 19.20, 40.07, 18.71, 77.98, 78.00, 14, 'approved', 0, '2026-03-07 15:28:02', NULL, NULL, NULL, NULL, '2026-03-07 15:28:02', '2026-03-07 15:28:02'),
	(1049, 731, 6, 'Q1', NULL, NULL, NULL, 62.07, 97.49, 85.97, 15.52, 43.87, 25.79, 85.18, 85.00, 14, 'approved', 0, '2026-03-07 15:28:02', NULL, NULL, NULL, NULL, '2026-03-07 15:28:02', '2026-03-07 15:28:02'),
	(1050, 731, 6, 'Q2', NULL, NULL, NULL, 64.40, 95.99, 64.58, 16.10, 43.20, 19.37, 78.67, 79.00, 14, 'approved', 0, '2026-03-07 15:28:02', NULL, NULL, NULL, NULL, '2026-03-07 15:28:02', '2026-03-07 15:28:02'),
	(1051, 732, 6, 'Q1', NULL, NULL, NULL, 81.31, 95.23, 94.24, 20.33, 42.85, 28.27, 91.45, 91.00, 14, 'approved', 0, '2026-03-07 15:28:02', NULL, NULL, NULL, NULL, '2026-03-07 15:28:02', '2026-03-07 15:28:02'),
	(1052, 732, 6, 'Q2', NULL, NULL, NULL, 75.43, 73.53, 60.05, 18.86, 33.09, 18.02, 69.97, 70.00, 14, 'approved', 0, '2026-03-07 15:28:02', NULL, NULL, NULL, NULL, '2026-03-07 15:28:02', '2026-03-07 15:28:02'),
	(1089, 751, 6, 'Q1', NULL, NULL, NULL, 67.23, 75.51, 81.24, 16.81, 37.76, 20.31, 74.88, 75.00, 14, 'approved', 0, '2026-03-07 15:28:02', NULL, NULL, NULL, NULL, '2026-03-07 15:28:02', '2026-03-07 15:28:02'),
	(1090, 751, 6, 'Q2', NULL, NULL, NULL, 76.66, 80.68, 96.34, 19.17, 40.34, 24.09, 83.60, 84.00, 14, 'approved', 0, '2026-03-07 15:28:02', NULL, NULL, NULL, NULL, '2026-03-07 15:28:02', '2026-03-07 15:28:02'),
	(1091, 752, 6, 'Q1', NULL, NULL, NULL, 69.50, 73.35, 95.83, 17.38, 36.68, 23.96, 78.02, 78.00, 14, 'approved', 0, '2026-03-07 15:28:02', NULL, NULL, NULL, NULL, '2026-03-07 15:28:02', '2026-03-07 15:28:02'),
	(1092, 752, 6, 'Q2', NULL, NULL, NULL, 87.73, 76.96, 68.35, 21.93, 38.48, 17.09, 77.50, 78.00, 14, 'approved', 0, '2026-03-07 15:28:02', NULL, NULL, NULL, NULL, '2026-03-07 15:28:02', '2026-03-07 15:28:02'),
	(1093, 753, 6, 'Q1', NULL, NULL, NULL, 84.56, 96.99, 97.64, 21.14, 48.50, 24.41, 94.05, 94.00, 14, 'approved', 0, '2026-03-07 15:28:02', NULL, NULL, NULL, NULL, '2026-03-07 15:28:02', '2026-03-07 15:28:02'),
	(1094, 753, 6, 'Q2', NULL, NULL, NULL, 84.33, 88.85, 80.17, 21.08, 44.43, 20.04, 85.55, 86.00, 14, 'approved', 0, '2026-03-07 15:28:02', NULL, NULL, NULL, NULL, '2026-03-07 15:28:02', '2026-03-07 15:28:02'),
	(1101, 757, 7, 'PRELIM', NULL, NULL, NULL, NULL, NULL, NULL, NULL, NULL, NULL, 78.44, 2.75, 14, 'approved', 1, '2026-03-07 15:28:02', NULL, NULL, NULL, NULL, '2026-03-07 15:28:02', '2026-03-07 15:46:42'),
	(1102, 757, 7, 'MIDTERM', NULL, NULL, NULL, NULL, NULL, NULL, NULL, NULL, NULL, 91.88, 1.50, 14, 'approved', 1, '2026-03-07 15:28:02', NULL, NULL, NULL, NULL, '2026-03-07 15:28:02', '2026-03-07 15:46:42'),
	(1103, 757, 7, 'SEMIFINAL', NULL, NULL, NULL, NULL, NULL, NULL, NULL, NULL, NULL, 82.88, 2.25, 14, 'approved', 1, '2026-03-07 15:28:02', NULL, NULL, NULL, NULL, '2026-03-07 15:28:02', '2026-03-07 15:46:42'),
	(1104, 757, 7, 'FINAL', NULL, NULL, NULL, NULL, NULL, NULL, NULL, NULL, NULL, 77.12, 2.25, 14, 'approved', 1, '2026-03-07 15:28:02', NULL, NULL, NULL, NULL, '2026-03-07 15:28:02', '2026-03-07 15:46:42'),
	(1105, 758, 7, 'PRELIM', NULL, NULL, NULL, NULL, NULL, NULL, NULL, NULL, NULL, 87.74, 1.25, 14, 'approved', 1, '2026-03-07 15:28:02', NULL, NULL, NULL, NULL, '2026-03-07 15:28:02', '2026-03-07 15:46:42'),
	(1106, 758, 7, 'MIDTERM', NULL, NULL, NULL, NULL, NULL, NULL, NULL, NULL, NULL, 79.40, 2.50, 14, 'approved', 1, '2026-03-07 15:28:02', NULL, NULL, NULL, NULL, '2026-03-07 15:28:02', '2026-03-07 15:46:42'),
	(1107, 758, 7, 'SEMIFINAL', NULL, NULL, NULL, NULL, NULL, NULL, NULL, NULL, NULL, 78.32, 2.75, 14, 'approved', 1, '2026-03-07 15:28:02', NULL, NULL, NULL, NULL, '2026-03-07 15:28:02', '2026-03-07 15:46:42'),
	(1108, 758, 7, 'FINAL', NULL, NULL, NULL, NULL, NULL, NULL, NULL, NULL, NULL, 75.18, 3.00, 14, 'approved', 1, '2026-03-07 15:28:02', NULL, NULL, NULL, NULL, '2026-03-07 15:28:02', '2026-03-07 15:46:42'),
	(1109, 759, 7, 'PRELIM', NULL, NULL, NULL, NULL, NULL, NULL, NULL, NULL, NULL, 83.98, 2.25, 14, 'approved', 1, '2026-03-07 15:28:02', NULL, NULL, NULL, NULL, '2026-03-07 15:28:02', '2026-03-07 15:46:42'),
	(1110, 759, 7, 'MIDTERM', NULL, NULL, NULL, NULL, NULL, NULL, NULL, NULL, NULL, 89.46, 1.75, 14, 'approved', 1, '2026-03-07 15:28:02', NULL, NULL, NULL, NULL, '2026-03-07 15:28:02', '2026-03-07 15:46:42'),
	(1111, 759, 7, 'SEMIFINAL', NULL, NULL, NULL, NULL, NULL, NULL, NULL, NULL, NULL, 87.83, 2.00, 14, 'approved', 1, '2026-03-07 15:28:02', NULL, NULL, NULL, NULL, '2026-03-07 15:28:02', '2026-03-07 15:46:42'),
	(1112, 759, 7, 'FINAL', NULL, NULL, NULL, NULL, NULL, NULL, NULL, NULL, NULL, 75.82, 1.00, 14, 'approved', 1, '2026-03-07 15:28:02', NULL, NULL, NULL, NULL, '2026-03-07 15:28:02', '2026-03-07 15:46:42'),
	(1113, 760, 7, 'PRELIM', NULL, NULL, NULL, NULL, NULL, NULL, NULL, NULL, NULL, 86.62, 2.00, 14, 'approved', 1, '2026-03-07 15:28:02', NULL, NULL, NULL, NULL, '2026-03-07 15:28:02', '2026-03-07 15:46:42'),
	(1114, 760, 7, 'MIDTERM', NULL, NULL, NULL, NULL, NULL, NULL, NULL, NULL, NULL, 90.23, 1.75, 14, 'approved', 1, '2026-03-07 15:28:02', NULL, NULL, NULL, NULL, '2026-03-07 15:28:02', '2026-03-07 15:46:42'),
	(1115, 760, 7, 'SEMIFINAL', NULL, NULL, NULL, NULL, NULL, NULL, NULL, NULL, NULL, 85.14, 1.25, 14, 'approved', 1, '2026-03-07 15:28:02', NULL, NULL, NULL, NULL, '2026-03-07 15:28:02', '2026-03-07 15:46:42'),
	(1116, 760, 7, 'FINAL', NULL, NULL, NULL, NULL, NULL, NULL, NULL, NULL, NULL, 85.82, 3.00, 14, 'approved', 1, '2026-03-07 15:28:02', NULL, NULL, NULL, NULL, '2026-03-07 15:28:02', '2026-03-07 15:46:42'),
	(1117, 761, 7, 'PRELIM', NULL, NULL, NULL, NULL, NULL, NULL, NULL, NULL, NULL, 80.04, 2.50, 14, 'approved', 1, '2026-03-07 15:28:02', NULL, NULL, NULL, NULL, '2026-03-07 15:28:02', '2026-03-07 15:46:42'),
	(1118, 761, 7, 'MIDTERM', NULL, NULL, NULL, NULL, NULL, NULL, NULL, NULL, NULL, 86.87, 2.00, 14, 'approved', 1, '2026-03-07 15:28:02', NULL, NULL, NULL, NULL, '2026-03-07 15:28:02', '2026-03-07 15:46:42'),
	(1119, 761, 7, 'SEMIFINAL', NULL, NULL, NULL, NULL, NULL, NULL, NULL, NULL, NULL, 91.50, 2.75, 14, 'approved', 1, '2026-03-07 15:28:02', NULL, NULL, NULL, NULL, '2026-03-07 15:28:02', '2026-03-07 15:46:42'),
	(1120, 761, 7, 'FINAL', NULL, NULL, NULL, NULL, NULL, NULL, NULL, NULL, NULL, 78.95, 2.75, 14, 'approved', 1, '2026-03-07 15:28:02', NULL, NULL, NULL, NULL, '2026-03-07 15:28:02', '2026-03-07 15:46:42'),
	(1121, 762, 7, 'PRELIM', NULL, NULL, NULL, NULL, NULL, NULL, NULL, NULL, NULL, 86.05, 2.00, 14, 'approved', 1, '2026-03-07 15:28:02', NULL, NULL, NULL, NULL, '2026-03-07 15:28:02', '2026-03-07 15:46:42'),
	(1122, 762, 7, 'MIDTERM', NULL, NULL, NULL, NULL, NULL, NULL, NULL, NULL, NULL, 79.91, 2.50, 14, 'approved', 1, '2026-03-07 15:28:02', NULL, NULL, NULL, NULL, '2026-03-07 15:28:02', '2026-03-07 15:46:42'),
	(1123, 762, 7, 'SEMIFINAL', NULL, NULL, NULL, NULL, NULL, NULL, NULL, NULL, NULL, 85.82, 2.00, 14, 'approved', 1, '2026-03-07 15:28:02', NULL, NULL, NULL, NULL, '2026-03-07 15:28:02', '2026-03-07 15:46:42'),
	(1124, 762, 7, 'FINAL', NULL, NULL, NULL, NULL, NULL, NULL, NULL, NULL, NULL, 75.29, 3.00, 14, 'approved', 1, '2026-03-07 15:28:02', NULL, NULL, NULL, NULL, '2026-03-07 15:28:02', '2026-03-07 15:46:42'),
	(1125, 763, 7, 'PRELIM', NULL, NULL, NULL, NULL, NULL, NULL, NULL, NULL, NULL, 85.70, 2.75, 14, 'approved', 1, '2026-03-07 15:28:02', NULL, NULL, NULL, NULL, '2026-03-07 15:28:02', '2026-03-07 15:46:42'),
	(1126, 763, 7, 'MIDTERM', NULL, NULL, NULL, NULL, NULL, NULL, NULL, NULL, NULL, 78.81, 2.75, 14, 'approved', 1, '2026-03-07 15:28:02', NULL, NULL, NULL, NULL, '2026-03-07 15:28:02', '2026-03-07 15:46:42'),
	(1127, 763, 7, 'SEMIFINAL', NULL, NULL, NULL, NULL, NULL, NULL, NULL, NULL, NULL, 84.84, 2.25, 14, 'approved', 1, '2026-03-07 15:28:02', NULL, NULL, NULL, NULL, '2026-03-07 15:28:02', '2026-03-07 15:46:42'),
	(1128, 763, 7, 'FINAL', NULL, NULL, NULL, NULL, NULL, NULL, NULL, NULL, NULL, 76.14, 2.75, 14, 'approved', 1, '2026-03-07 15:28:02', NULL, NULL, NULL, NULL, '2026-03-07 15:28:02', '2026-03-07 15:46:42'),
	(1129, 764, 7, 'PRELIM', NULL, NULL, NULL, NULL, NULL, NULL, NULL, NULL, NULL, 75.48, 3.00, 14, 'approved', 1, '2026-03-07 15:28:02', NULL, NULL, NULL, NULL, '2026-03-07 15:28:02', '2026-03-07 15:46:42'),
	(1130, 764, 7, 'MIDTERM', NULL, NULL, NULL, NULL, NULL, NULL, NULL, NULL, NULL, 80.99, 2.50, 14, 'approved', 1, '2026-03-07 15:28:02', NULL, NULL, NULL, NULL, '2026-03-07 15:28:02', '2026-03-07 15:46:42'),
	(1131, 764, 7, 'SEMIFINAL', NULL, NULL, NULL, NULL, NULL, NULL, NULL, NULL, NULL, 82.72, 2.25, 14, 'approved', 1, '2026-03-07 15:28:02', NULL, NULL, NULL, NULL, '2026-03-07 15:28:02', '2026-03-07 15:46:42'),
	(1132, 764, 7, 'FINAL', NULL, NULL, NULL, NULL, NULL, NULL, NULL, NULL, NULL, 76.64, 2.75, 14, 'approved', 1, '2026-03-07 15:28:02', NULL, NULL, NULL, NULL, '2026-03-07 15:28:02', '2026-03-07 15:46:42'),
	(1133, 765, 7, 'PRELIM', NULL, NULL, NULL, NULL, NULL, NULL, NULL, NULL, NULL, 80.38, 2.50, 14, 'approved', 1, '2026-03-07 15:28:02', NULL, NULL, NULL, NULL, '2026-03-07 15:28:02', '2026-03-07 15:46:42'),
	(1134, 765, 7, 'MIDTERM', NULL, NULL, NULL, NULL, NULL, NULL, NULL, NULL, NULL, 90.60, 1.75, 14, 'approved', 1, '2026-03-07 15:28:02', NULL, NULL, NULL, NULL, '2026-03-07 15:28:02', '2026-03-07 15:46:42'),
	(1135, 765, 7, 'SEMIFINAL', NULL, NULL, NULL, NULL, NULL, NULL, NULL, NULL, NULL, 80.26, 2.50, 14, 'approved', 1, '2026-03-07 15:28:02', NULL, NULL, NULL, NULL, '2026-03-07 15:28:02', '2026-03-07 15:46:42'),
	(1136, 765, 7, 'FINAL', NULL, NULL, NULL, NULL, NULL, NULL, NULL, NULL, NULL, 75.19, 3.00, 14, 'approved', 1, '2026-03-07 15:28:02', NULL, NULL, NULL, NULL, '2026-03-07 15:28:02', '2026-03-07 15:46:42'),
	(1137, 766, 7, 'PRELIM', NULL, NULL, NULL, NULL, NULL, NULL, NULL, NULL, NULL, 78.10, 2.75, 14, 'approved', 1, '2026-03-07 15:28:02', NULL, NULL, NULL, NULL, '2026-03-07 15:28:02', '2026-03-07 15:46:42'),
	(1138, 766, 7, 'MIDTERM', NULL, NULL, NULL, NULL, NULL, NULL, NULL, NULL, NULL, 81.17, 2.50, 14, 'approved', 1, '2026-03-07 15:28:02', NULL, NULL, NULL, NULL, '2026-03-07 15:28:02', '2026-03-07 15:46:42'),
	(1139, 766, 7, 'SEMIFINAL', NULL, NULL, NULL, NULL, NULL, NULL, NULL, NULL, NULL, 89.12, 1.75, 14, 'approved', 1, '2026-03-07 15:28:02', NULL, NULL, NULL, NULL, '2026-03-07 15:28:02', '2026-03-07 15:46:42'),
	(1140, 766, 7, 'FINAL', NULL, NULL, NULL, NULL, NULL, NULL, NULL, NULL, NULL, 88.45, 1.75, 14, 'approved', 1, '2026-03-07 15:28:02', NULL, NULL, NULL, NULL, '2026-03-07 15:28:02', '2026-03-07 15:46:42'),
	(1141, 767, 7, 'PRELIM', NULL, NULL, NULL, NULL, NULL, NULL, NULL, NULL, NULL, 86.26, 2.00, 14, 'approved', 1, '2026-03-07 15:28:02', NULL, NULL, NULL, NULL, '2026-03-07 15:28:02', '2026-03-07 15:46:42'),
	(1142, 767, 7, 'MIDTERM', NULL, NULL, NULL, NULL, NULL, NULL, NULL, NULL, NULL, 78.72, 2.75, 14, 'approved', 1, '2026-03-07 15:28:02', NULL, NULL, NULL, NULL, '2026-03-07 15:28:02', '2026-03-07 15:46:42'),
	(1143, 767, 7, 'SEMIFINAL', NULL, NULL, NULL, NULL, NULL, NULL, NULL, NULL, NULL, 80.08, 2.50, 14, 'approved', 1, '2026-03-07 15:28:02', NULL, NULL, NULL, NULL, '2026-03-07 15:28:02', '2026-03-07 15:46:42'),
	(1144, 767, 7, 'FINAL', NULL, NULL, NULL, NULL, NULL, NULL, NULL, NULL, NULL, 77.32, 2.75, 14, 'approved', 1, '2026-03-07 15:28:02', NULL, NULL, NULL, NULL, '2026-03-07 15:28:02', '2026-03-07 15:46:42'),
	(1145, 768, 7, 'PRELIM', NULL, NULL, NULL, NULL, NULL, NULL, NULL, NULL, NULL, 92.01, 2.75, 14, 'approved', 1, '2026-03-07 15:28:02', NULL, NULL, NULL, NULL, '2026-03-07 15:28:02', '2026-03-07 15:46:42'),
	(1146, 768, 7, 'MIDTERM', NULL, NULL, NULL, NULL, NULL, NULL, NULL, NULL, NULL, 78.51, 2.75, 14, 'approved', 1, '2026-03-07 15:28:02', NULL, NULL, NULL, NULL, '2026-03-07 15:28:02', '2026-03-07 15:46:42'),
	(1147, 768, 7, 'SEMIFINAL', NULL, NULL, NULL, NULL, NULL, NULL, NULL, NULL, NULL, 80.10, 2.50, 14, 'approved', 1, '2026-03-07 15:28:02', NULL, NULL, NULL, NULL, '2026-03-07 15:28:02', '2026-03-07 15:46:42'),
	(1148, 768, 7, 'FINAL', NULL, NULL, NULL, NULL, NULL, NULL, NULL, NULL, NULL, 84.41, 2.25, 14, 'approved', 1, '2026-03-07 15:28:02', NULL, NULL, NULL, NULL, '2026-03-07 15:28:02', '2026-03-07 15:46:42'),
	(1149, 769, 7, 'PRELIM', NULL, NULL, NULL, NULL, NULL, NULL, NULL, NULL, NULL, 79.06, 2.50, 14, 'approved', 1, '2026-03-07 15:28:02', NULL, NULL, NULL, NULL, '2026-03-07 15:28:02', '2026-03-07 15:46:42'),
	(1150, 769, 7, 'MIDTERM', NULL, NULL, NULL, NULL, NULL, NULL, NULL, NULL, NULL, 76.52, 2.75, 14, 'approved', 1, '2026-03-07 15:28:02', NULL, NULL, NULL, NULL, '2026-03-07 15:28:02', '2026-03-07 15:46:42'),
	(1151, 769, 7, 'SEMIFINAL', NULL, NULL, NULL, NULL, NULL, NULL, NULL, NULL, NULL, 81.71, 2.50, 14, 'approved', 1, '2026-03-07 15:28:02', NULL, NULL, NULL, NULL, '2026-03-07 15:28:02', '2026-03-07 15:46:42'),
	(1152, 769, 7, 'FINAL', NULL, NULL, NULL, NULL, NULL, NULL, NULL, NULL, NULL, 78.24, 2.75, 14, 'approved', 1, '2026-03-07 15:28:02', NULL, NULL, NULL, NULL, '2026-03-07 15:28:02', '2026-03-07 15:46:42'),
	(1153, 770, 7, 'PRELIM', NULL, NULL, NULL, NULL, NULL, NULL, NULL, NULL, NULL, 87.28, 1.00, 14, 'approved', 1, '2026-03-07 15:28:02', NULL, NULL, NULL, NULL, '2026-03-07 15:28:02', '2026-03-07 15:46:42'),
	(1154, 770, 7, 'MIDTERM', NULL, NULL, NULL, NULL, NULL, NULL, NULL, NULL, NULL, 85.90, 2.00, 14, 'approved', 1, '2026-03-07 15:28:02', NULL, NULL, NULL, NULL, '2026-03-07 15:28:02', '2026-03-07 15:46:42'),
	(1155, 770, 7, 'SEMIFINAL', NULL, NULL, NULL, NULL, NULL, NULL, NULL, NULL, NULL, 80.43, 2.50, 14, 'approved', 1, '2026-03-07 15:28:02', NULL, NULL, NULL, NULL, '2026-03-07 15:28:02', '2026-03-07 15:46:42'),
	(1156, 770, 7, 'FINAL', NULL, NULL, NULL, NULL, NULL, NULL, NULL, NULL, NULL, 87.01, 1.75, 14, 'approved', 1, '2026-03-07 15:28:02', NULL, NULL, NULL, NULL, '2026-03-07 15:28:02', '2026-03-07 15:46:42'),
	(1157, 771, 7, 'PRELIM', NULL, NULL, NULL, NULL, NULL, NULL, NULL, NULL, NULL, 86.37, 2.00, 14, 'approved', 1, '2026-03-07 15:28:02', NULL, NULL, NULL, NULL, '2026-03-07 15:28:02', '2026-03-07 15:46:42'),
	(1158, 771, 7, 'MIDTERM', NULL, NULL, NULL, NULL, NULL, NULL, NULL, NULL, NULL, 90.69, 1.75, 14, 'approved', 1, '2026-03-07 15:28:02', NULL, NULL, NULL, NULL, '2026-03-07 15:28:02', '2026-03-07 15:46:42'),
	(1159, 771, 7, 'SEMIFINAL', NULL, NULL, NULL, NULL, NULL, NULL, NULL, NULL, NULL, 89.90, 1.75, 14, 'approved', 1, '2026-03-07 15:28:02', NULL, NULL, NULL, NULL, '2026-03-07 15:28:02', '2026-03-07 15:46:42'),
	(1160, 771, 7, 'FINAL', NULL, NULL, NULL, NULL, NULL, NULL, NULL, NULL, NULL, 76.72, 2.75, 14, 'approved', 1, '2026-03-07 15:28:02', NULL, NULL, NULL, NULL, '2026-03-07 15:28:02', '2026-03-07 15:46:42'),
	(1161, 772, 7, 'PRELIM', NULL, NULL, NULL, NULL, NULL, NULL, NULL, NULL, NULL, 82.71, 2.25, 14, 'approved', 1, '2026-03-07 15:28:02', NULL, NULL, NULL, NULL, '2026-03-07 15:28:02', '2026-03-07 15:46:42'),
	(1162, 772, 7, 'MIDTERM', NULL, NULL, NULL, NULL, NULL, NULL, NULL, NULL, NULL, 86.03, 2.00, 14, 'approved', 1, '2026-03-07 15:28:02', NULL, NULL, NULL, NULL, '2026-03-07 15:28:02', '2026-03-07 15:46:42'),
	(1163, 772, 7, 'SEMIFINAL', NULL, NULL, NULL, NULL, NULL, NULL, NULL, NULL, NULL, 79.58, 2.00, 14, 'approved', 1, '2026-03-07 15:28:02', NULL, NULL, NULL, NULL, '2026-03-07 15:28:02', '2026-03-07 15:46:42'),
	(1164, 772, 7, 'FINAL', NULL, NULL, NULL, NULL, NULL, NULL, NULL, NULL, NULL, 80.06, 2.50, 14, 'approved', 1, '2026-03-07 15:28:02', NULL, NULL, NULL, NULL, '2026-03-07 15:28:02', '2026-03-07 15:46:42'),
	(1165, 773, 7, 'PRELIM', NULL, NULL, NULL, NULL, NULL, NULL, NULL, NULL, NULL, 86.57, 2.00, 14, 'approved', 1, '2026-03-07 15:28:02', NULL, NULL, NULL, NULL, '2026-03-07 15:28:02', '2026-03-07 15:46:42'),
	(1166, 773, 7, 'MIDTERM', NULL, NULL, NULL, NULL, NULL, NULL, NULL, NULL, NULL, 80.91, 2.50, 14, 'approved', 1, '2026-03-07 15:28:02', NULL, NULL, NULL, NULL, '2026-03-07 15:28:02', '2026-03-07 15:46:42'),
	(1167, 773, 7, 'SEMIFINAL', NULL, NULL, NULL, NULL, NULL, NULL, NULL, NULL, NULL, 79.99, 2.50, 14, 'approved', 1, '2026-03-07 15:28:02', NULL, NULL, NULL, NULL, '2026-03-07 15:28:02', '2026-03-07 15:46:42'),
	(1168, 773, 7, 'FINAL', NULL, NULL, NULL, NULL, NULL, NULL, NULL, NULL, NULL, 84.57, 2.25, 14, 'approved', 1, '2026-03-07 15:28:02', NULL, NULL, NULL, NULL, '2026-03-07 15:28:02', '2026-03-07 15:46:42'),
	(1169, 774, 7, 'PRELIM', NULL, NULL, NULL, NULL, NULL, NULL, NULL, NULL, NULL, 82.45, 2.25, 14, 'approved', 1, '2026-03-07 15:28:02', NULL, NULL, NULL, NULL, '2026-03-07 15:28:02', '2026-03-07 15:46:42'),
	(1170, 774, 7, 'MIDTERM', NULL, NULL, NULL, NULL, NULL, NULL, NULL, NULL, NULL, 93.24, 2.25, 14, 'approved', 1, '2026-03-07 15:28:02', NULL, NULL, NULL, NULL, '2026-03-07 15:28:02', '2026-03-07 15:46:42'),
	(1171, 774, 7, 'SEMIFINAL', NULL, NULL, NULL, NULL, NULL, NULL, NULL, NULL, NULL, 79.16, 2.50, 14, 'approved', 1, '2026-03-07 15:28:02', NULL, NULL, NULL, NULL, '2026-03-07 15:28:02', '2026-03-07 15:46:42'),
	(1172, 774, 7, 'FINAL', NULL, NULL, NULL, NULL, NULL, NULL, NULL, NULL, NULL, 90.39, 2.00, 14, 'approved', 1, '2026-03-07 15:28:02', NULL, NULL, NULL, NULL, '2026-03-07 15:28:02', '2026-03-07 15:46:42'),
	(1173, 775, 7, 'PRELIM', NULL, NULL, NULL, NULL, NULL, NULL, NULL, NULL, NULL, 87.13, 2.00, 14, 'approved', 1, '2026-03-07 15:28:02', NULL, NULL, NULL, NULL, '2026-03-07 15:28:02', '2026-03-07 15:46:42'),
	(1174, 775, 7, 'MIDTERM', NULL, NULL, NULL, NULL, NULL, NULL, NULL, NULL, NULL, 77.20, 2.75, 14, 'approved', 1, '2026-03-07 15:28:02', NULL, NULL, NULL, NULL, '2026-03-07 15:28:02', '2026-03-07 15:46:42'),
	(1175, 775, 7, 'SEMIFINAL', NULL, NULL, NULL, NULL, NULL, NULL, NULL, NULL, NULL, 81.30, 2.50, 14, 'approved', 1, '2026-03-07 15:28:02', NULL, NULL, NULL, NULL, '2026-03-07 15:28:02', '2026-03-07 15:46:42'),
	(1176, 775, 7, 'FINAL', NULL, NULL, NULL, NULL, NULL, NULL, NULL, NULL, NULL, 92.26, 1.50, 14, 'approved', 1, '2026-03-07 15:28:02', NULL, NULL, NULL, NULL, '2026-03-07 15:28:02', '2026-03-07 15:46:42'),
	(1177, 776, 7, 'PRELIM', NULL, NULL, NULL, NULL, NULL, NULL, NULL, NULL, NULL, 83.89, 2.25, 14, 'approved', 1, '2026-03-07 15:28:02', NULL, NULL, NULL, NULL, '2026-03-07 15:28:02', '2026-03-07 15:46:42'),
	(1178, 776, 7, 'MIDTERM', NULL, NULL, NULL, NULL, NULL, NULL, NULL, NULL, NULL, 83.75, 2.25, 14, 'approved', 1, '2026-03-07 15:28:02', NULL, NULL, NULL, NULL, '2026-03-07 15:28:02', '2026-03-07 15:46:42'),
	(1179, 776, 7, 'SEMIFINAL', NULL, NULL, NULL, NULL, NULL, NULL, NULL, NULL, NULL, 78.84, 2.75, 14, 'approved', 1, '2026-03-07 15:28:02', NULL, NULL, NULL, NULL, '2026-03-07 15:28:02', '2026-03-07 15:46:42'),
	(1180, 776, 7, 'FINAL', NULL, NULL, NULL, NULL, NULL, NULL, NULL, NULL, NULL, 78.05, 2.75, 14, 'approved', 1, '2026-03-07 15:28:02', NULL, NULL, NULL, NULL, '2026-03-07 15:28:02', '2026-03-07 15:46:42'),
	(1181, 777, 7, 'PRELIM', NULL, NULL, NULL, NULL, NULL, NULL, NULL, NULL, NULL, 85.22, 1.50, 14, 'approved', 1, '2026-03-07 15:28:02', NULL, NULL, NULL, NULL, '2026-03-07 15:28:02', '2026-03-07 15:46:42'),
	(1182, 777, 7, 'MIDTERM', NULL, NULL, NULL, NULL, NULL, NULL, NULL, NULL, NULL, 87.15, 2.00, 14, 'approved', 1, '2026-03-07 15:28:02', NULL, NULL, NULL, NULL, '2026-03-07 15:28:02', '2026-03-07 15:46:42'),
	(1183, 777, 7, 'SEMIFINAL', NULL, NULL, NULL, NULL, NULL, NULL, NULL, NULL, NULL, 91.15, 1.50, 14, 'approved', 1, '2026-03-07 15:28:02', NULL, NULL, NULL, NULL, '2026-03-07 15:28:02', '2026-03-07 15:46:42'),
	(1184, 777, 7, 'FINAL', NULL, NULL, NULL, NULL, NULL, NULL, NULL, NULL, NULL, 86.48, 2.00, 14, 'approved', 1, '2026-03-07 15:28:02', NULL, NULL, NULL, NULL, '2026-03-07 15:28:02', '2026-03-07 15:46:42'),
	(1185, 778, 7, 'PRELIM', NULL, NULL, NULL, NULL, NULL, NULL, NULL, NULL, NULL, 82.67, 2.25, 14, 'approved', 1, '2026-03-07 15:28:02', NULL, NULL, NULL, NULL, '2026-03-07 15:28:02', '2026-03-07 15:46:42'),
	(1186, 778, 7, 'MIDTERM', NULL, NULL, NULL, NULL, NULL, NULL, NULL, NULL, NULL, 90.36, 1.75, 14, 'approved', 1, '2026-03-07 15:28:02', NULL, NULL, NULL, NULL, '2026-03-07 15:28:02', '2026-03-07 15:46:42'),
	(1187, 778, 7, 'SEMIFINAL', NULL, NULL, NULL, NULL, NULL, NULL, NULL, NULL, NULL, 79.49, 2.50, 14, 'approved', 1, '2026-03-07 15:28:02', NULL, NULL, NULL, NULL, '2026-03-07 15:28:02', '2026-03-07 15:46:42'),
	(1188, 778, 7, 'FINAL', NULL, NULL, NULL, NULL, NULL, NULL, NULL, NULL, NULL, 84.53, 2.25, 14, 'approved', 1, '2026-03-07 15:28:02', NULL, NULL, NULL, NULL, '2026-03-07 15:28:02', '2026-03-07 15:46:42'),
	(1189, 779, 7, 'PRELIM', NULL, NULL, NULL, NULL, NULL, NULL, NULL, NULL, NULL, 91.09, 1.50, 14, 'approved', 1, '2026-03-07 15:28:02', NULL, NULL, NULL, NULL, '2026-03-07 15:28:02', '2026-03-07 15:46:42'),
	(1190, 779, 7, 'MIDTERM', NULL, NULL, NULL, NULL, NULL, NULL, NULL, NULL, NULL, 88.04, 1.25, 14, 'approved', 1, '2026-03-07 15:28:02', NULL, NULL, NULL, NULL, '2026-03-07 15:28:02', '2026-03-07 15:46:42'),
	(1191, 779, 7, 'SEMIFINAL', NULL, NULL, NULL, NULL, NULL, NULL, NULL, NULL, NULL, 90.20, 1.75, 14, 'approved', 1, '2026-03-07 15:28:02', NULL, NULL, NULL, NULL, '2026-03-07 15:28:02', '2026-03-07 15:46:42'),
	(1192, 779, 7, 'FINAL', NULL, NULL, NULL, NULL, NULL, NULL, NULL, NULL, NULL, 87.15, 2.00, 14, 'approved', 1, '2026-03-07 15:28:02', NULL, NULL, NULL, NULL, '2026-03-07 15:28:02', '2026-03-07 15:46:42'),
	(1193, 780, 7, 'PRELIM', NULL, NULL, NULL, NULL, NULL, NULL, NULL, NULL, NULL, 76.68, 2.75, 14, 'approved', 1, '2026-03-07 15:28:02', NULL, NULL, NULL, NULL, '2026-03-07 15:28:02', '2026-03-07 15:46:42'),
	(1194, 780, 7, 'MIDTERM', NULL, NULL, NULL, NULL, NULL, NULL, NULL, NULL, NULL, 83.19, 2.25, 14, 'approved', 1, '2026-03-07 15:28:02', NULL, NULL, NULL, NULL, '2026-03-07 15:28:02', '2026-03-07 15:46:42'),
	(1195, 780, 7, 'SEMIFINAL', NULL, NULL, NULL, NULL, NULL, NULL, NULL, NULL, NULL, 80.56, 2.50, 14, 'approved', 1, '2026-03-07 15:28:02', NULL, NULL, NULL, NULL, '2026-03-07 15:28:02', '2026-03-07 15:46:42'),
	(1196, 780, 7, 'FINAL', NULL, NULL, NULL, NULL, NULL, NULL, NULL, NULL, NULL, 84.83, 2.25, 14, 'approved', 1, '2026-03-07 15:28:02', NULL, NULL, NULL, NULL, '2026-03-07 15:28:02', '2026-03-07 15:46:42'),
	(1197, 781, 7, 'PRELIM', NULL, NULL, NULL, NULL, NULL, NULL, NULL, NULL, NULL, 77.93, 2.75, 14, 'approved', 1, '2026-03-07 15:28:02', NULL, NULL, NULL, NULL, '2026-03-07 15:28:02', '2026-03-07 15:46:42'),
	(1198, 781, 7, 'MIDTERM', NULL, NULL, NULL, NULL, NULL, NULL, NULL, NULL, NULL, 77.85, 1.75, 14, 'approved', 1, '2026-03-07 15:28:02', NULL, NULL, NULL, NULL, '2026-03-07 15:28:02', '2026-03-07 15:46:42'),
	(1199, 781, 7, 'SEMIFINAL', NULL, NULL, NULL, NULL, NULL, NULL, NULL, NULL, NULL, 77.34, 2.75, 14, 'approved', 1, '2026-03-07 15:28:02', NULL, NULL, NULL, NULL, '2026-03-07 15:28:02', '2026-03-07 15:46:42'),
	(1200, 781, 7, 'FINAL', NULL, NULL, NULL, NULL, NULL, NULL, NULL, NULL, NULL, 88.81, 1.75, 14, 'approved', 1, '2026-03-07 15:28:02', NULL, NULL, NULL, NULL, '2026-03-07 15:28:02', '2026-03-07 15:46:42'),
	(1201, 782, 7, 'PRELIM', NULL, NULL, NULL, NULL, NULL, NULL, NULL, NULL, NULL, 94.14, 1.50, 14, 'approved', 1, '2026-03-07 15:28:02', NULL, NULL, NULL, NULL, '2026-03-07 15:28:02', '2026-03-07 15:46:42'),
	(1202, 782, 7, 'MIDTERM', NULL, NULL, NULL, NULL, NULL, NULL, NULL, NULL, NULL, 89.19, 1.75, 14, 'approved', 1, '2026-03-07 15:28:02', NULL, NULL, NULL, NULL, '2026-03-07 15:28:02', '2026-03-07 15:46:42'),
	(1203, 782, 7, 'SEMIFINAL', NULL, NULL, NULL, NULL, NULL, NULL, NULL, NULL, NULL, 84.11, 2.25, 14, 'approved', 1, '2026-03-07 15:28:02', NULL, NULL, NULL, NULL, '2026-03-07 15:28:02', '2026-03-07 15:46:42'),
	(1204, 782, 7, 'FINAL', NULL, NULL, NULL, NULL, NULL, NULL, NULL, NULL, NULL, 89.55, 1.75, 14, 'approved', 1, '2026-03-07 15:28:02', NULL, NULL, NULL, NULL, '2026-03-07 15:28:02', '2026-03-07 15:46:42'),
	(1205, 783, 7, 'PRELIM', NULL, NULL, NULL, NULL, NULL, NULL, NULL, NULL, NULL, 75.88, 3.00, 14, 'approved', 1, '2026-03-07 15:28:02', NULL, NULL, NULL, NULL, '2026-03-07 15:28:02', '2026-03-07 15:46:42'),
	(1206, 783, 7, 'MIDTERM', NULL, NULL, NULL, NULL, NULL, NULL, NULL, NULL, NULL, 82.12, 2.25, 14, 'approved', 1, '2026-03-07 15:28:02', NULL, NULL, NULL, NULL, '2026-03-07 15:28:02', '2026-03-07 15:46:42'),
	(1207, 783, 7, 'SEMIFINAL', NULL, NULL, NULL, NULL, NULL, NULL, NULL, NULL, NULL, 83.44, 1.25, 14, 'approved', 1, '2026-03-07 15:28:02', NULL, NULL, NULL, NULL, '2026-03-07 15:28:02', '2026-03-07 15:46:42'),
	(1208, 783, 7, 'FINAL', NULL, NULL, NULL, NULL, NULL, NULL, NULL, NULL, NULL, 82.68, 2.25, 14, 'approved', 1, '2026-03-07 15:28:02', NULL, NULL, NULL, NULL, '2026-03-07 15:28:02', '2026-03-07 15:46:42'),
	(1209, 784, 7, 'PRELIM', NULL, NULL, NULL, NULL, NULL, NULL, NULL, NULL, NULL, 86.36, 2.00, 14, 'approved', 1, '2026-03-07 15:28:02', NULL, NULL, NULL, NULL, '2026-03-07 15:28:02', '2026-03-07 15:46:42'),
	(1210, 784, 7, 'MIDTERM', NULL, NULL, NULL, NULL, NULL, NULL, NULL, NULL, NULL, 86.13, 2.00, 14, 'approved', 1, '2026-03-07 15:28:02', NULL, NULL, NULL, NULL, '2026-03-07 15:28:02', '2026-03-07 15:46:42'),
	(1211, 784, 7, 'SEMIFINAL', NULL, NULL, NULL, NULL, NULL, NULL, NULL, NULL, NULL, 88.38, 1.75, 14, 'approved', 1, '2026-03-07 15:28:02', NULL, NULL, NULL, NULL, '2026-03-07 15:28:02', '2026-03-07 15:46:42'),
	(1212, 784, 7, 'FINAL', NULL, NULL, NULL, NULL, NULL, NULL, NULL, NULL, NULL, 83.97, 2.25, 14, 'approved', 1, '2026-03-07 15:28:02', NULL, NULL, NULL, NULL, '2026-03-07 15:28:02', '2026-03-07 15:46:42'),
	(1213, 785, 7, 'PRELIM', NULL, NULL, NULL, NULL, NULL, NULL, NULL, NULL, NULL, 81.36, 2.50, 14, 'approved', 1, '2026-03-07 15:28:02', NULL, NULL, NULL, NULL, '2026-03-07 15:28:02', '2026-03-07 15:46:42'),
	(1214, 785, 7, 'MIDTERM', NULL, NULL, NULL, NULL, NULL, NULL, NULL, NULL, NULL, 78.94, 2.75, 14, 'approved', 1, '2026-03-07 15:28:02', NULL, NULL, NULL, NULL, '2026-03-07 15:28:02', '2026-03-07 15:46:42'),
	(1215, 785, 7, 'SEMIFINAL', NULL, NULL, NULL, NULL, NULL, NULL, NULL, NULL, NULL, 80.47, 2.50, 14, 'approved', 1, '2026-03-07 15:28:02', NULL, NULL, NULL, NULL, '2026-03-07 15:28:02', '2026-03-07 15:46:42'),
	(1216, 785, 7, 'FINAL', NULL, NULL, NULL, NULL, NULL, NULL, NULL, NULL, NULL, 78.31, 2.75, 14, 'approved', 1, '2026-03-07 15:28:02', NULL, NULL, NULL, NULL, '2026-03-07 15:28:02', '2026-03-07 15:46:42'),
	(1217, 786, 7, 'PRELIM', NULL, NULL, NULL, NULL, NULL, NULL, NULL, NULL, NULL, 76.24, 2.75, 14, 'approved', 1, '2026-03-07 15:28:02', NULL, NULL, NULL, NULL, '2026-03-07 15:28:02', '2026-03-07 15:46:42'),
	(1218, 786, 7, 'MIDTERM', NULL, NULL, NULL, NULL, NULL, NULL, NULL, NULL, NULL, 83.60, 2.25, 14, 'approved', 1, '2026-03-07 15:28:02', NULL, NULL, NULL, NULL, '2026-03-07 15:28:02', '2026-03-07 15:46:42'),
	(1219, 786, 7, 'SEMIFINAL', NULL, NULL, NULL, NULL, NULL, NULL, NULL, NULL, NULL, 77.50, 2.75, 14, 'approved', 1, '2026-03-07 15:28:02', NULL, NULL, NULL, NULL, '2026-03-07 15:28:02', '2026-03-07 15:46:42'),
	(1220, 786, 7, 'FINAL', NULL, NULL, NULL, NULL, NULL, NULL, NULL, NULL, NULL, 90.67, 1.75, 14, 'approved', 1, '2026-03-07 15:28:02', NULL, NULL, NULL, NULL, '2026-03-07 15:28:02', '2026-03-07 15:46:42'),
	(1221, 787, 7, 'PRELIM', NULL, NULL, NULL, NULL, NULL, NULL, NULL, NULL, NULL, 91.13, 1.50, 14, 'approved', 1, '2026-03-07 15:28:02', NULL, NULL, NULL, NULL, '2026-03-07 15:28:02', '2026-03-07 15:46:42'),
	(1222, 787, 7, 'MIDTERM', NULL, NULL, NULL, NULL, NULL, NULL, NULL, NULL, NULL, 83.88, 2.25, 14, 'approved', 1, '2026-03-07 15:28:02', NULL, NULL, NULL, NULL, '2026-03-07 15:28:02', '2026-03-07 15:46:42'),
	(1223, 787, 7, 'SEMIFINAL', NULL, NULL, NULL, NULL, NULL, NULL, NULL, NULL, NULL, 91.45, 1.25, 14, 'approved', 1, '2026-03-07 15:28:02', NULL, NULL, NULL, NULL, '2026-03-07 15:28:02', '2026-03-07 15:46:42'),
	(1224, 787, 7, 'FINAL', NULL, NULL, NULL, NULL, NULL, NULL, NULL, NULL, NULL, 77.84, 2.75, 14, 'approved', 1, '2026-03-07 15:28:02', NULL, NULL, NULL, NULL, '2026-03-07 15:28:02', '2026-03-07 15:46:42'),
	(1225, 788, 7, 'PRELIM', NULL, NULL, NULL, NULL, NULL, NULL, NULL, NULL, NULL, 87.30, 2.75, 14, 'approved', 1, '2026-03-07 15:28:02', NULL, NULL, NULL, NULL, '2026-03-07 15:28:02', '2026-03-07 15:46:42'),
	(1226, 788, 7, 'MIDTERM', NULL, NULL, NULL, NULL, NULL, NULL, NULL, NULL, NULL, 75.32, 3.00, 14, 'approved', 1, '2026-03-07 15:28:02', NULL, NULL, NULL, NULL, '2026-03-07 15:28:02', '2026-03-07 15:46:42'),
	(1227, 788, 7, 'SEMIFINAL', NULL, NULL, NULL, NULL, NULL, NULL, NULL, NULL, NULL, 79.38, 2.75, 14, 'approved', 1, '2026-03-07 15:28:02', NULL, NULL, NULL, NULL, '2026-03-07 15:28:02', '2026-03-07 15:46:42'),
	(1228, 788, 7, 'FINAL', NULL, NULL, NULL, NULL, NULL, NULL, NULL, NULL, NULL, 79.96, 2.50, 14, 'approved', 1, '2026-03-07 15:28:02', NULL, NULL, NULL, NULL, '2026-03-07 15:28:02', '2026-03-07 15:46:42'),
	(1229, 789, 7, 'PRELIM', NULL, NULL, NULL, NULL, NULL, NULL, NULL, NULL, NULL, 84.83, 2.75, 14, 'approved', 1, '2026-03-07 15:28:02', NULL, NULL, NULL, NULL, '2026-03-07 15:28:02', '2026-03-07 15:46:42'),
	(1230, 789, 7, 'MIDTERM', NULL, NULL, NULL, NULL, NULL, NULL, NULL, NULL, NULL, 77.88, 2.75, 14, 'approved', 1, '2026-03-07 15:28:02', NULL, NULL, NULL, NULL, '2026-03-07 15:28:02', '2026-03-07 15:46:42'),
	(1231, 789, 7, 'SEMIFINAL', NULL, NULL, NULL, NULL, NULL, NULL, NULL, NULL, NULL, 81.79, 2.50, 14, 'approved', 1, '2026-03-07 15:28:02', NULL, NULL, NULL, NULL, '2026-03-07 15:28:02', '2026-03-07 15:46:42'),
	(1232, 789, 7, 'FINAL', NULL, NULL, NULL, NULL, NULL, NULL, NULL, NULL, NULL, 88.63, 1.75, 14, 'approved', 1, '2026-03-07 15:28:02', NULL, NULL, NULL, NULL, '2026-03-07 15:28:02', '2026-03-07 15:46:42'),
	(1233, 790, 7, 'PRELIM', NULL, NULL, NULL, NULL, NULL, NULL, NULL, NULL, NULL, 81.85, 2.50, 14, 'approved', 1, '2026-03-07 15:28:02', NULL, NULL, NULL, NULL, '2026-03-07 15:28:02', '2026-03-07 15:46:42'),
	(1234, 790, 7, 'MIDTERM', NULL, NULL, NULL, NULL, NULL, NULL, NULL, NULL, NULL, 87.70, 2.00, 14, 'approved', 1, '2026-03-07 15:28:02', NULL, NULL, NULL, NULL, '2026-03-07 15:28:02', '2026-03-07 15:46:42'),
	(1235, 790, 7, 'SEMIFINAL', NULL, NULL, NULL, NULL, NULL, NULL, NULL, NULL, NULL, 88.81, 1.75, 14, 'approved', 1, '2026-03-07 15:28:02', NULL, NULL, NULL, NULL, '2026-03-07 15:28:02', '2026-03-07 15:46:42'),
	(1236, 790, 7, 'FINAL', NULL, NULL, NULL, NULL, NULL, NULL, NULL, NULL, NULL, 84.60, 2.25, 14, 'approved', 1, '2026-03-07 15:28:02', NULL, NULL, NULL, NULL, '2026-03-07 15:28:02', '2026-03-07 15:46:42'),
	(1237, 791, 7, 'PRELIM', NULL, NULL, NULL, NULL, NULL, NULL, NULL, NULL, NULL, 75.99, 3.00, 14, 'approved', 1, '2026-03-07 15:28:02', NULL, NULL, NULL, NULL, '2026-03-07 15:28:02', '2026-03-07 15:46:42'),
	(1238, 791, 7, 'MIDTERM', NULL, NULL, NULL, NULL, NULL, NULL, NULL, NULL, NULL, 87.55, 2.00, 14, 'approved', 1, '2026-03-07 15:28:02', NULL, NULL, NULL, NULL, '2026-03-07 15:28:02', '2026-03-07 15:46:42'),
	(1239, 791, 7, 'SEMIFINAL', NULL, NULL, NULL, NULL, NULL, NULL, NULL, NULL, NULL, 80.36, 2.50, 14, 'approved', 1, '2026-03-07 15:28:02', NULL, NULL, NULL, NULL, '2026-03-07 15:28:02', '2026-03-07 15:46:42'),
	(1240, 791, 7, 'FINAL', NULL, NULL, NULL, NULL, NULL, NULL, NULL, NULL, NULL, 87.15, 2.00, 14, 'approved', 1, '2026-03-07 15:28:02', NULL, NULL, NULL, NULL, '2026-03-07 15:28:02', '2026-03-07 15:46:42'),
	(1241, 792, 7, 'PRELIM', NULL, NULL, NULL, NULL, NULL, NULL, NULL, NULL, NULL, 75.87, 2.25, 14, 'approved', 1, '2026-03-07 15:28:02', NULL, NULL, NULL, NULL, '2026-03-07 15:28:02', '2026-03-07 15:46:42'),
	(1242, 792, 7, 'MIDTERM', NULL, NULL, NULL, NULL, NULL, NULL, NULL, NULL, NULL, 77.79, 2.75, 14, 'approved', 1, '2026-03-07 15:28:02', NULL, NULL, NULL, NULL, '2026-03-07 15:28:02', '2026-03-07 15:46:42'),
	(1243, 792, 7, 'SEMIFINAL', NULL, NULL, NULL, NULL, NULL, NULL, NULL, NULL, NULL, 75.33, 3.00, 14, 'approved', 1, '2026-03-07 15:28:02', NULL, NULL, NULL, NULL, '2026-03-07 15:28:02', '2026-03-07 15:46:42'),
	(1244, 792, 7, 'FINAL', NULL, NULL, NULL, NULL, NULL, NULL, NULL, NULL, NULL, 80.86, 2.50, 14, 'approved', 1, '2026-03-07 15:28:02', NULL, NULL, NULL, NULL, '2026-03-07 15:28:02', '2026-03-07 15:46:42'),
	(1245, 793, 7, 'PRELIM', NULL, NULL, NULL, NULL, NULL, NULL, NULL, NULL, NULL, 89.90, 2.75, 14, 'approved', 1, '2026-03-07 15:28:02', NULL, NULL, NULL, NULL, '2026-03-07 15:28:02', '2026-03-07 15:46:42'),
	(1246, 793, 7, 'MIDTERM', NULL, NULL, NULL, NULL, NULL, NULL, NULL, NULL, NULL, 89.06, 1.75, 14, 'approved', 1, '2026-03-07 15:28:02', NULL, NULL, NULL, NULL, '2026-03-07 15:28:02', '2026-03-07 15:46:42'),
	(1247, 793, 7, 'SEMIFINAL', NULL, NULL, NULL, NULL, NULL, NULL, NULL, NULL, NULL, 91.39, 2.00, 14, 'approved', 1, '2026-03-07 15:28:02', NULL, NULL, NULL, NULL, '2026-03-07 15:28:02', '2026-03-07 15:46:42'),
	(1248, 793, 7, 'FINAL', NULL, NULL, NULL, NULL, NULL, NULL, NULL, NULL, NULL, 81.27, 2.00, 14, 'approved', 1, '2026-03-07 15:28:02', NULL, NULL, NULL, NULL, '2026-03-07 15:28:02', '2026-03-07 15:46:42'),
	(1249, 794, 7, 'PRELIM', NULL, NULL, NULL, NULL, NULL, NULL, NULL, NULL, NULL, 83.24, 2.25, 14, 'approved', 1, '2026-03-07 15:28:02', NULL, NULL, NULL, NULL, '2026-03-07 15:28:02', '2026-03-07 15:46:42'),
	(1250, 794, 7, 'MIDTERM', NULL, NULL, NULL, NULL, NULL, NULL, NULL, NULL, NULL, 92.73, 1.50, 14, 'approved', 1, '2026-03-07 15:28:02', NULL, NULL, NULL, NULL, '2026-03-07 15:28:02', '2026-03-07 15:46:42'),
	(1251, 794, 7, 'SEMIFINAL', NULL, NULL, NULL, NULL, NULL, NULL, NULL, NULL, NULL, 78.70, 2.75, 14, 'approved', 1, '2026-03-07 15:28:02', NULL, NULL, NULL, NULL, '2026-03-07 15:28:02', '2026-03-07 15:46:42'),
	(1252, 794, 7, 'FINAL', NULL, NULL, NULL, NULL, NULL, NULL, NULL, NULL, NULL, 77.62, 2.00, 14, 'approved', 1, '2026-03-07 15:28:02', NULL, NULL, NULL, NULL, '2026-03-07 15:28:02', '2026-03-07 15:46:42'),
	(1253, 795, 7, 'PRELIM', NULL, NULL, NULL, NULL, NULL, NULL, NULL, NULL, NULL, 77.03, 2.75, 14, 'approved', 1, '2026-03-07 15:28:02', NULL, NULL, NULL, NULL, '2026-03-07 15:28:02', '2026-03-07 15:46:42'),
	(1254, 795, 7, 'MIDTERM', NULL, NULL, NULL, NULL, NULL, NULL, NULL, NULL, NULL, 86.02, 2.00, 14, 'approved', 1, '2026-03-07 15:28:02', NULL, NULL, NULL, NULL, '2026-03-07 15:28:02', '2026-03-07 15:46:42'),
	(1255, 795, 7, 'SEMIFINAL', NULL, NULL, NULL, NULL, NULL, NULL, NULL, NULL, NULL, 76.30, 2.75, 14, 'approved', 1, '2026-03-07 15:28:02', NULL, NULL, NULL, NULL, '2026-03-07 15:28:02', '2026-03-07 15:46:42'),
	(1256, 795, 7, 'FINAL', NULL, NULL, NULL, NULL, NULL, NULL, NULL, NULL, NULL, 86.55, 2.50, 14, 'approved', 1, '2026-03-07 15:28:02', NULL, NULL, NULL, NULL, '2026-03-07 15:28:02', '2026-03-07 15:46:42'),
	(1257, 796, 7, 'PRELIM', NULL, NULL, NULL, NULL, NULL, NULL, NULL, NULL, NULL, 88.30, 1.75, 14, 'approved', 1, '2026-03-07 15:28:02', NULL, NULL, NULL, NULL, '2026-03-07 15:28:02', '2026-03-07 15:46:42'),
	(1258, 796, 7, 'MIDTERM', NULL, NULL, NULL, NULL, NULL, NULL, NULL, NULL, NULL, 84.18, 2.25, 14, 'approved', 1, '2026-03-07 15:28:02', NULL, NULL, NULL, NULL, '2026-03-07 15:28:02', '2026-03-07 15:46:42'),
	(1259, 796, 7, 'SEMIFINAL', NULL, NULL, NULL, NULL, NULL, NULL, NULL, NULL, NULL, 79.34, 2.50, 14, 'approved', 1, '2026-03-07 15:28:02', NULL, NULL, NULL, NULL, '2026-03-07 15:28:02', '2026-03-07 15:46:42'),
	(1260, 796, 7, 'FINAL', NULL, NULL, NULL, NULL, NULL, NULL, NULL, NULL, NULL, 84.88, 2.25, 14, 'approved', 1, '2026-03-07 15:28:02', NULL, NULL, NULL, NULL, '2026-03-07 15:28:02', '2026-03-07 15:46:42'),
	(1261, 797, 7, 'PRELIM', NULL, NULL, NULL, NULL, NULL, NULL, NULL, NULL, NULL, 82.32, 2.25, 14, 'approved', 1, '2026-03-07 15:28:02', NULL, NULL, NULL, NULL, '2026-03-07 15:28:02', '2026-03-07 15:46:42'),
	(1262, 797, 7, 'MIDTERM', NULL, NULL, NULL, NULL, NULL, NULL, NULL, NULL, NULL, 82.40, 2.25, 14, 'approved', 1, '2026-03-07 15:28:02', NULL, NULL, NULL, NULL, '2026-03-07 15:28:02', '2026-03-07 15:46:42'),
	(1263, 797, 7, 'SEMIFINAL', NULL, NULL, NULL, NULL, NULL, NULL, NULL, NULL, NULL, 80.99, 1.00, 14, 'approved', 1, '2026-03-07 15:28:02', NULL, NULL, NULL, NULL, '2026-03-07 15:28:02', '2026-03-07 15:46:42'),
	(1264, 797, 7, 'FINAL', NULL, NULL, NULL, NULL, NULL, NULL, NULL, NULL, NULL, 85.93, 2.50, 14, 'approved', 1, '2026-03-07 15:28:02', NULL, NULL, NULL, NULL, '2026-03-07 15:28:02', '2026-03-07 15:46:42'),
	(1265, 798, 7, 'PRELIM', NULL, NULL, NULL, NULL, NULL, NULL, NULL, NULL, NULL, 83.74, 2.25, 14, 'approved', 1, '2026-03-07 15:28:02', NULL, NULL, NULL, NULL, '2026-03-07 15:28:02', '2026-03-07 15:46:42'),
	(1266, 798, 7, 'MIDTERM', NULL, NULL, NULL, NULL, NULL, NULL, NULL, NULL, NULL, 86.01, 2.00, 14, 'approved', 1, '2026-03-07 15:28:02', NULL, NULL, NULL, NULL, '2026-03-07 15:28:02', '2026-03-07 15:46:42'),
	(1267, 798, 7, 'SEMIFINAL', NULL, NULL, NULL, NULL, NULL, NULL, NULL, NULL, NULL, 88.29, 3.00, 14, 'approved', 1, '2026-03-07 15:28:02', NULL, NULL, NULL, NULL, '2026-03-07 15:28:02', '2026-03-07 15:46:42'),
	(1268, 798, 7, 'FINAL', NULL, NULL, NULL, NULL, NULL, NULL, NULL, NULL, NULL, 78.96, 1.25, 14, 'approved', 1, '2026-03-07 15:28:02', NULL, NULL, NULL, NULL, '2026-03-07 15:28:02', '2026-03-07 15:46:42'),
	(1269, 799, 7, 'PRELIM', NULL, NULL, NULL, NULL, NULL, NULL, NULL, NULL, NULL, 79.64, 2.50, 14, 'approved', 1, '2026-03-07 15:28:02', NULL, NULL, NULL, NULL, '2026-03-07 15:28:02', '2026-03-07 15:46:42'),
	(1270, 799, 7, 'MIDTERM', NULL, NULL, NULL, NULL, NULL, NULL, NULL, NULL, NULL, 79.36, 2.50, 14, 'approved', 1, '2026-03-07 15:28:02', NULL, NULL, NULL, NULL, '2026-03-07 15:28:02', '2026-03-07 15:46:42'),
	(1271, 799, 7, 'SEMIFINAL', NULL, NULL, NULL, NULL, NULL, NULL, NULL, NULL, NULL, 86.08, 2.00, 14, 'approved', 1, '2026-03-07 15:28:02', NULL, NULL, NULL, NULL, '2026-03-07 15:28:02', '2026-03-07 15:46:42'),
	(1272, 799, 7, 'FINAL', NULL, NULL, NULL, NULL, NULL, NULL, NULL, NULL, NULL, 78.27, 2.75, 14, 'approved', 1, '2026-03-07 15:28:02', NULL, NULL, NULL, NULL, '2026-03-07 15:28:02', '2026-03-07 15:46:42'),
	(1273, 800, 7, 'PRELIM', NULL, NULL, NULL, NULL, NULL, NULL, NULL, NULL, NULL, 82.43, 2.25, 14, 'approved', 1, '2026-03-07 15:28:02', NULL, NULL, NULL, NULL, '2026-03-07 15:28:02', '2026-03-07 15:46:42'),
	(1274, 800, 7, 'MIDTERM', NULL, NULL, NULL, NULL, NULL, NULL, NULL, NULL, NULL, 90.20, 1.75, 14, 'approved', 1, '2026-03-07 15:28:02', NULL, NULL, NULL, NULL, '2026-03-07 15:28:02', '2026-03-07 15:46:42'),
	(1275, 800, 7, 'SEMIFINAL', NULL, NULL, NULL, NULL, NULL, NULL, NULL, NULL, NULL, 81.09, 2.00, 14, 'approved', 1, '2026-03-07 15:28:02', NULL, NULL, NULL, NULL, '2026-03-07 15:28:02', '2026-03-07 15:46:42'),
	(1276, 800, 7, 'FINAL', NULL, NULL, NULL, NULL, NULL, NULL, NULL, NULL, NULL, 84.45, 2.25, 14, 'approved', 1, '2026-03-07 15:28:02', NULL, NULL, NULL, NULL, '2026-03-07 15:28:02', '2026-03-07 15:46:42'),
	(1277, 801, 7, 'PRELIM', NULL, NULL, NULL, NULL, NULL, NULL, NULL, NULL, NULL, 80.86, 3.00, 14, 'approved', 1, '2026-03-07 15:28:02', NULL, NULL, NULL, NULL, '2026-03-07 15:28:02', '2026-03-07 15:46:42'),
	(1278, 801, 7, 'MIDTERM', NULL, NULL, NULL, NULL, NULL, NULL, NULL, NULL, NULL, 77.76, 2.75, 14, 'approved', 1, '2026-03-07 15:28:02', NULL, NULL, NULL, NULL, '2026-03-07 15:28:02', '2026-03-07 15:46:42'),
	(1279, 801, 7, 'SEMIFINAL', NULL, NULL, NULL, NULL, NULL, NULL, NULL, NULL, NULL, 78.47, 2.75, 14, 'approved', 1, '2026-03-07 15:28:02', NULL, NULL, NULL, NULL, '2026-03-07 15:28:02', '2026-03-07 15:46:42'),
	(1280, 801, 7, 'FINAL', NULL, NULL, NULL, NULL, NULL, NULL, NULL, NULL, NULL, 76.98, 2.75, 14, 'approved', 1, '2026-03-07 15:28:02', NULL, NULL, NULL, NULL, '2026-03-07 15:28:02', '2026-03-07 15:46:42'),
	(1281, 802, 7, 'PRELIM', NULL, NULL, NULL, NULL, NULL, NULL, NULL, NULL, NULL, 92.81, 1.50, 14, 'approved', 1, '2026-03-07 15:28:02', NULL, NULL, NULL, NULL, '2026-03-07 15:28:02', '2026-03-07 15:46:42'),
	(1282, 802, 7, 'MIDTERM', NULL, NULL, NULL, NULL, NULL, NULL, NULL, NULL, NULL, 76.86, 2.75, 14, 'approved', 1, '2026-03-07 15:28:02', NULL, NULL, NULL, NULL, '2026-03-07 15:28:02', '2026-03-07 15:46:42'),
	(1283, 802, 7, 'SEMIFINAL', NULL, NULL, NULL, NULL, NULL, NULL, NULL, NULL, NULL, 89.82, 2.25, 14, 'approved', 1, '2026-03-07 15:28:02', NULL, NULL, NULL, NULL, '2026-03-07 15:28:02', '2026-03-07 15:46:42'),
	(1284, 802, 7, 'FINAL', NULL, NULL, NULL, NULL, NULL, NULL, NULL, NULL, NULL, 82.05, 2.25, 14, 'approved', 1, '2026-03-07 15:28:02', NULL, NULL, NULL, NULL, '2026-03-07 15:28:02', '2026-03-07 15:46:42'),
	(1285, 803, 7, 'PRELIM', NULL, NULL, NULL, NULL, NULL, NULL, NULL, NULL, NULL, 75.47, 3.00, 14, 'approved', 1, '2026-03-07 15:28:02', NULL, NULL, NULL, NULL, '2026-03-07 15:28:02', '2026-03-07 15:46:42'),
	(1286, 803, 7, 'MIDTERM', NULL, NULL, NULL, NULL, NULL, NULL, NULL, NULL, NULL, 82.54, 2.25, 14, 'approved', 1, '2026-03-07 15:28:02', NULL, NULL, NULL, NULL, '2026-03-07 15:28:02', '2026-03-07 15:46:42'),
	(1287, 803, 7, 'SEMIFINAL', NULL, NULL, NULL, NULL, NULL, NULL, NULL, NULL, NULL, 78.94, 3.00, 14, 'approved', 1, '2026-03-07 15:28:02', NULL, NULL, NULL, NULL, '2026-03-07 15:28:02', '2026-03-07 15:46:42'),
	(1288, 803, 7, 'FINAL', NULL, NULL, NULL, NULL, NULL, NULL, NULL, NULL, NULL, 80.75, 2.50, 14, 'approved', 1, '2026-03-07 15:28:02', NULL, NULL, NULL, NULL, '2026-03-07 15:28:02', '2026-03-07 15:46:42'),
	(1289, 804, 7, 'PRELIM', NULL, NULL, NULL, NULL, NULL, NULL, NULL, NULL, NULL, 77.99, 2.75, 14, 'approved', 1, '2026-03-07 15:28:02', NULL, NULL, NULL, NULL, '2026-03-07 15:28:02', '2026-03-07 15:46:42'),
	(1290, 804, 7, 'MIDTERM', NULL, NULL, NULL, NULL, NULL, NULL, NULL, NULL, NULL, 93.77, 1.75, 14, 'approved', 1, '2026-03-07 15:28:02', NULL, NULL, NULL, NULL, '2026-03-07 15:28:02', '2026-03-07 15:46:42'),
	(1291, 804, 7, 'SEMIFINAL', NULL, NULL, NULL, NULL, NULL, NULL, NULL, NULL, NULL, 78.81, 2.75, 14, 'approved', 1, '2026-03-07 15:28:02', NULL, NULL, NULL, NULL, '2026-03-07 15:28:02', '2026-03-07 15:46:42'),
	(1292, 804, 7, 'FINAL', NULL, NULL, NULL, NULL, NULL, NULL, NULL, NULL, NULL, 86.24, 2.00, 14, 'approved', 1, '2026-03-07 15:28:02', NULL, NULL, NULL, NULL, '2026-03-07 15:28:02', '2026-03-07 15:46:42'),
	(1293, 805, 7, 'PRELIM', NULL, NULL, NULL, NULL, NULL, NULL, NULL, NULL, NULL, 78.08, 2.75, 14, 'approved', 1, '2026-03-07 15:28:02', NULL, NULL, NULL, NULL, '2026-03-07 15:28:02', '2026-03-07 15:46:42'),
	(1294, 805, 7, 'MIDTERM', NULL, NULL, NULL, NULL, NULL, NULL, NULL, NULL, NULL, 85.58, 2.00, 14, 'approved', 1, '2026-03-07 15:28:02', NULL, NULL, NULL, NULL, '2026-03-07 15:28:02', '2026-03-07 15:46:42'),
	(1295, 805, 7, 'SEMIFINAL', NULL, NULL, NULL, NULL, NULL, NULL, NULL, NULL, NULL, 83.09, 2.25, 14, 'approved', 1, '2026-03-07 15:28:02', NULL, NULL, NULL, NULL, '2026-03-07 15:28:02', '2026-03-07 15:46:42'),
	(1296, 805, 7, 'FINAL', NULL, NULL, NULL, NULL, NULL, NULL, NULL, NULL, NULL, 85.35, 2.00, 14, 'approved', 1, '2026-03-07 15:28:02', NULL, NULL, NULL, NULL, '2026-03-07 15:28:02', '2026-03-07 15:46:42'),
	(1297, 806, 7, 'PRELIM', NULL, NULL, NULL, NULL, NULL, NULL, NULL, NULL, NULL, 87.11, 2.00, 14, 'approved', 1, '2026-03-07 15:28:02', NULL, NULL, NULL, NULL, '2026-03-07 15:28:02', '2026-03-07 15:46:42'),
	(1298, 806, 7, 'MIDTERM', NULL, NULL, NULL, NULL, NULL, NULL, NULL, NULL, NULL, 78.75, 1.75, 14, 'approved', 1, '2026-03-07 15:28:02', NULL, NULL, NULL, NULL, '2026-03-07 15:28:02', '2026-03-07 15:46:42'),
	(1299, 806, 7, 'SEMIFINAL', NULL, NULL, NULL, NULL, NULL, NULL, NULL, NULL, NULL, 81.59, 1.75, 14, 'approved', 1, '2026-03-07 15:28:02', NULL, NULL, NULL, NULL, '2026-03-07 15:28:02', '2026-03-07 15:46:42'),
	(1300, 806, 7, 'FINAL', NULL, NULL, NULL, NULL, NULL, NULL, NULL, NULL, NULL, 87.32, 2.00, 14, 'approved', 1, '2026-03-07 15:28:02', NULL, NULL, NULL, NULL, '2026-03-07 15:28:02', '2026-03-07 15:46:42'),
	(1301, 807, 7, 'PRELIM', NULL, NULL, NULL, NULL, NULL, NULL, NULL, NULL, NULL, 78.66, 2.75, 14, 'approved', 1, '2026-03-07 15:28:02', NULL, NULL, NULL, NULL, '2026-03-07 15:28:02', '2026-03-07 15:46:42'),
	(1302, 807, 7, 'MIDTERM', NULL, NULL, NULL, NULL, NULL, NULL, NULL, NULL, NULL, 87.34, 2.00, 14, 'approved', 1, '2026-03-07 15:28:02', NULL, NULL, NULL, NULL, '2026-03-07 15:28:02', '2026-03-07 15:46:42'),
	(1303, 807, 7, 'SEMIFINAL', NULL, NULL, NULL, NULL, NULL, NULL, NULL, NULL, NULL, 92.02, 3.00, 14, 'approved', 1, '2026-03-07 15:28:02', NULL, NULL, NULL, NULL, '2026-03-07 15:28:02', '2026-03-07 15:46:42'),
	(1304, 807, 7, 'FINAL', NULL, NULL, NULL, NULL, NULL, NULL, NULL, NULL, NULL, 81.18, 2.50, 14, 'approved', 1, '2026-03-07 15:28:02', NULL, NULL, NULL, NULL, '2026-03-07 15:28:02', '2026-03-07 15:46:42'),
	(1305, 808, 7, 'PRELIM', NULL, NULL, NULL, NULL, NULL, NULL, NULL, NULL, NULL, 84.19, 2.25, 14, 'approved', 1, '2026-03-07 15:28:02', NULL, NULL, NULL, NULL, '2026-03-07 15:28:02', '2026-03-07 15:46:42'),
	(1306, 808, 7, 'MIDTERM', NULL, NULL, NULL, NULL, NULL, NULL, NULL, NULL, NULL, 77.48, 2.75, 14, 'approved', 1, '2026-03-07 15:28:02', NULL, NULL, NULL, NULL, '2026-03-07 15:28:02', '2026-03-07 15:46:42'),
	(1307, 808, 7, 'SEMIFINAL', NULL, NULL, NULL, NULL, NULL, NULL, NULL, NULL, NULL, 76.51, 2.75, 14, 'approved', 1, '2026-03-07 15:28:02', NULL, NULL, NULL, NULL, '2026-03-07 15:28:02', '2026-03-07 15:46:42'),
	(1308, 808, 7, 'FINAL', NULL, NULL, NULL, NULL, NULL, NULL, NULL, NULL, NULL, 84.73, 2.25, 14, 'approved', 1, '2026-03-07 15:28:02', NULL, NULL, NULL, NULL, '2026-03-07 15:28:02', '2026-03-07 15:46:42'),
	(1309, 809, 7, 'PRELIM', NULL, NULL, NULL, NULL, NULL, NULL, NULL, NULL, NULL, 85.26, 1.25, 14, 'approved', 1, '2026-03-07 15:28:02', NULL, NULL, NULL, NULL, '2026-03-07 15:28:02', '2026-03-07 15:46:42'),
	(1310, 809, 7, 'MIDTERM', NULL, NULL, NULL, NULL, NULL, NULL, NULL, NULL, NULL, 81.47, 2.50, 14, 'approved', 1, '2026-03-07 15:28:02', NULL, NULL, NULL, NULL, '2026-03-07 15:28:02', '2026-03-07 15:46:42'),
	(1311, 809, 7, 'SEMIFINAL', NULL, NULL, NULL, NULL, NULL, NULL, NULL, NULL, NULL, 85.67, 2.50, 14, 'approved', 1, '2026-03-07 15:28:02', NULL, NULL, NULL, NULL, '2026-03-07 15:28:02', '2026-03-07 15:46:42'),
	(1312, 809, 7, 'FINAL', NULL, NULL, NULL, NULL, NULL, NULL, NULL, NULL, NULL, 84.57, 2.25, 14, 'approved', 1, '2026-03-07 15:28:02', NULL, NULL, NULL, NULL, '2026-03-07 15:28:02', '2026-03-07 15:46:42'),
	(1313, 810, 7, 'PRELIM', NULL, NULL, NULL, NULL, NULL, NULL, NULL, NULL, NULL, 94.91, 1.50, 14, 'approved', 1, '2026-03-07 15:28:02', NULL, NULL, NULL, NULL, '2026-03-07 15:28:02', '2026-03-07 15:46:42'),
	(1314, 810, 7, 'MIDTERM', NULL, NULL, NULL, NULL, NULL, NULL, NULL, NULL, NULL, 90.16, 1.25, 14, 'approved', 1, '2026-03-07 15:28:02', NULL, NULL, NULL, NULL, '2026-03-07 15:28:02', '2026-03-07 15:46:42'),
	(1315, 810, 7, 'SEMIFINAL', NULL, NULL, NULL, NULL, NULL, NULL, NULL, NULL, NULL, 86.02, 2.00, 14, 'approved', 1, '2026-03-07 15:28:02', NULL, NULL, NULL, NULL, '2026-03-07 15:28:02', '2026-03-07 15:46:42'),
	(1316, 810, 7, 'FINAL', NULL, NULL, NULL, NULL, NULL, NULL, NULL, NULL, NULL, 81.26, 2.25, 14, 'approved', 1, '2026-03-07 15:28:02', NULL, NULL, NULL, NULL, '2026-03-07 15:28:02', '2026-03-07 15:46:42'),
	(1317, 811, 7, 'PRELIM', NULL, NULL, NULL, NULL, NULL, NULL, NULL, NULL, NULL, 86.90, 2.00, 14, 'approved', 1, '2026-03-07 15:28:02', NULL, NULL, NULL, NULL, '2026-03-07 15:28:02', '2026-03-07 15:46:42'),
	(1318, 811, 7, 'MIDTERM', NULL, NULL, NULL, NULL, NULL, NULL, NULL, NULL, NULL, 81.27, 2.50, 14, 'approved', 1, '2026-03-07 15:28:02', NULL, NULL, NULL, NULL, '2026-03-07 15:28:02', '2026-03-07 15:46:42'),
	(1319, 811, 7, 'SEMIFINAL', NULL, NULL, NULL, NULL, NULL, NULL, NULL, NULL, NULL, 92.36, 1.50, 14, 'approved', 1, '2026-03-07 15:28:02', NULL, NULL, NULL, NULL, '2026-03-07 15:28:02', '2026-03-07 15:46:42'),
	(1320, 811, 7, 'FINAL', NULL, NULL, NULL, NULL, NULL, NULL, NULL, NULL, NULL, 85.81, 2.00, 14, 'approved', 1, '2026-03-07 15:28:02', NULL, NULL, NULL, NULL, '2026-03-07 15:28:02', '2026-03-07 15:46:42'),
	(1321, 841, 3, 'FINAL', NULL, NULL, NULL, NULL, NULL, NULL, NULL, NULL, NULL, 90.54, 1.75, 22, 'approved', 1, '2026-03-07 15:28:01', NULL, NULL, NULL, NULL, '2026-03-15 15:23:11', '2026-03-15 15:23:11'),
	(1322, 841, 3, 'MIDTERM', NULL, NULL, NULL, NULL, NULL, NULL, NULL, NULL, NULL, 89.82, 1.75, 22, 'approved', 1, '2026-03-07 15:28:01', NULL, NULL, NULL, NULL, '2026-03-15 15:23:11', '2026-03-15 15:23:11'),
	(1323, 841, 3, 'PRELIM', NULL, NULL, NULL, NULL, NULL, NULL, NULL, NULL, NULL, 75.00, 3.00, 22, 'approved', 1, '2026-03-07 15:32:48', 22, '2026-03-07 16:23:02', '2026-03-07 16:23:02', NULL, '2026-03-15 15:23:11', '2026-03-15 15:23:11'),
	(1324, 841, 3, 'SEMIFINAL', NULL, NULL, NULL, NULL, NULL, NULL, NULL, NULL, NULL, 86.91, 2.00, 22, 'approved', 1, '2026-03-07 15:28:01', NULL, NULL, NULL, NULL, '2026-03-15 15:23:11', '2026-03-15 15:23:11'),
	(1325, 842, 7, 'FINAL', NULL, NULL, NULL, NULL, NULL, NULL, NULL, NULL, NULL, 85.85, 2.00, 22, 'approved', 1, '2026-03-07 15:28:01', NULL, NULL, NULL, NULL, '2026-03-15 15:23:11', '2026-03-15 15:23:11'),
	(1326, 842, 7, 'MIDTERM', NULL, NULL, NULL, NULL, NULL, NULL, NULL, NULL, NULL, 76.23, 2.00, 22, 'approved', 1, '2026-03-07 15:28:01', NULL, NULL, NULL, NULL, '2026-03-15 15:23:11', '2026-03-15 15:23:11'),
	(1327, 842, 7, 'PRELIM', NULL, NULL, NULL, NULL, NULL, NULL, NULL, NULL, NULL, 77.00, 2.50, 22, 'approved', 1, '2026-03-07 15:32:48', 22, '2026-03-07 16:23:02', '2026-03-07 16:23:02', NULL, '2026-03-15 15:23:11', '2026-03-15 15:23:11'),
	(1328, 842, 7, 'SEMIFINAL', NULL, NULL, NULL, NULL, NULL, NULL, NULL, NULL, NULL, 85.39, 2.00, 22, 'approved', 1, '2026-03-07 15:28:01', NULL, NULL, NULL, NULL, '2026-03-15 15:23:11', '2026-03-15 15:23:11'),
	(1329, 842, 7, 'FINAL', NULL, NULL, NULL, NULL, NULL, NULL, NULL, NULL, NULL, 75.18, 3.00, 23, 'approved', 1, '2026-03-07 15:28:02', NULL, NULL, NULL, NULL, '2026-03-15 15:23:11', '2026-03-15 15:23:11'),
	(1330, 842, 7, 'MIDTERM', NULL, NULL, NULL, NULL, NULL, NULL, NULL, NULL, NULL, 79.40, 2.50, 23, 'approved', 1, '2026-03-07 15:28:02', NULL, NULL, NULL, NULL, '2026-03-15 15:23:11', '2026-03-15 15:23:11'),
	(1331, 842, 7, 'PRELIM', NULL, NULL, NULL, NULL, NULL, NULL, NULL, NULL, NULL, 87.74, 1.25, 23, 'approved', 1, '2026-03-07 15:28:02', NULL, NULL, NULL, NULL, '2026-03-15 15:23:11', '2026-03-15 15:23:11'),
	(1332, 842, 7, 'SEMIFINAL', NULL, NULL, NULL, NULL, NULL, NULL, NULL, NULL, NULL, 78.32, 2.75, 23, 'approved', 1, '2026-03-07 15:28:02', NULL, NULL, NULL, NULL, '2026-03-15 15:23:11', '2026-03-15 15:23:11'),
	(1333, 843, 7, 'FINAL', NULL, NULL, NULL, NULL, NULL, NULL, NULL, NULL, NULL, 85.85, 2.00, 22, 'approved', 1, '2026-03-07 15:28:01', NULL, NULL, NULL, NULL, '2026-03-15 15:23:11', '2026-03-15 15:23:11'),
	(1334, 843, 7, 'MIDTERM', NULL, NULL, NULL, NULL, NULL, NULL, NULL, NULL, NULL, 76.23, 2.00, 22, 'approved', 1, '2026-03-07 15:28:01', NULL, NULL, NULL, NULL, '2026-03-15 15:23:11', '2026-03-15 15:23:11'),
	(1335, 843, 7, 'PRELIM', NULL, NULL, NULL, NULL, NULL, NULL, NULL, NULL, NULL, 77.00, 2.50, 22, 'approved', 1, '2026-03-07 15:32:48', 22, '2026-03-07 16:23:02', '2026-03-07 16:23:02', NULL, '2026-03-15 15:23:11', '2026-03-15 15:23:11'),
	(1336, 843, 7, 'SEMIFINAL', NULL, NULL, NULL, NULL, NULL, NULL, NULL, NULL, NULL, 85.39, 2.00, 22, 'approved', 1, '2026-03-07 15:28:01', NULL, NULL, NULL, NULL, '2026-03-15 15:23:11', '2026-03-15 15:23:11'),
	(1337, 843, 7, 'FINAL', NULL, NULL, NULL, NULL, NULL, NULL, NULL, NULL, NULL, 75.18, 3.00, 23, 'approved', 1, '2026-03-07 15:28:02', NULL, NULL, NULL, NULL, '2026-03-15 15:23:11', '2026-03-15 15:23:11'),
	(1338, 843, 7, 'MIDTERM', NULL, NULL, NULL, NULL, NULL, NULL, NULL, NULL, NULL, 79.40, 2.50, 23, 'approved', 1, '2026-03-07 15:28:02', NULL, NULL, NULL, NULL, '2026-03-15 15:23:11', '2026-03-15 15:23:11'),
	(1339, 843, 7, 'PRELIM', NULL, NULL, NULL, NULL, NULL, NULL, NULL, NULL, NULL, 87.74, 1.25, 23, 'approved', 1, '2026-03-07 15:28:02', NULL, NULL, NULL, NULL, '2026-03-15 15:23:11', '2026-03-15 15:23:11'),
	(1340, 843, 7, 'SEMIFINAL', NULL, NULL, NULL, NULL, NULL, NULL, NULL, NULL, NULL, 78.32, 2.75, 23, 'approved', 1, '2026-03-07 15:28:02', NULL, NULL, NULL, NULL, '2026-03-15 15:23:11', '2026-03-15 15:23:11'),
	(1341, 844, 7, 'FINAL', NULL, NULL, NULL, NULL, NULL, NULL, NULL, NULL, NULL, 86.15, 2.00, 22, 'approved', 1, '2026-03-07 15:28:01', NULL, NULL, NULL, NULL, '2026-03-15 15:23:11', '2026-03-15 15:23:11'),
	(1342, 844, 7, 'MIDTERM', NULL, NULL, NULL, NULL, NULL, NULL, NULL, NULL, NULL, 90.73, 1.50, 22, 'approved', 1, '2026-03-07 15:28:01', NULL, NULL, NULL, NULL, '2026-03-15 15:23:11', '2026-03-15 15:23:11'),
	(1343, 844, 7, 'PRELIM', NULL, NULL, NULL, NULL, NULL, NULL, NULL, NULL, NULL, 77.00, 2.50, 22, 'approved', 1, '2026-03-07 15:32:48', 22, '2026-03-07 16:23:02', '2026-03-07 16:23:02', NULL, '2026-03-15 15:23:11', '2026-03-15 15:23:11'),
	(1344, 844, 7, 'SEMIFINAL', NULL, NULL, NULL, NULL, NULL, NULL, NULL, NULL, NULL, 81.36, 2.50, 22, 'approved', 1, '2026-03-07 15:28:01', NULL, NULL, NULL, NULL, '2026-03-15 15:23:11', '2026-03-15 15:23:11'),
	(1345, 844, 7, 'FINAL', NULL, NULL, NULL, NULL, NULL, NULL, NULL, NULL, NULL, 76.64, 2.75, 23, 'approved', 1, '2026-03-07 15:28:02', NULL, NULL, NULL, NULL, '2026-03-15 15:23:11', '2026-03-15 15:23:11'),
	(1346, 844, 7, 'MIDTERM', NULL, NULL, NULL, NULL, NULL, NULL, NULL, NULL, NULL, 80.99, 2.50, 23, 'approved', 1, '2026-03-07 15:28:02', NULL, NULL, NULL, NULL, '2026-03-15 15:23:11', '2026-03-15 15:23:11'),
	(1347, 844, 7, 'PRELIM', NULL, NULL, NULL, NULL, NULL, NULL, NULL, NULL, NULL, 75.48, 3.00, 23, 'approved', 1, '2026-03-07 15:28:02', NULL, NULL, NULL, NULL, '2026-03-15 15:23:11', '2026-03-15 15:23:11'),
	(1348, 844, 7, 'SEMIFINAL', NULL, NULL, NULL, NULL, NULL, NULL, NULL, NULL, NULL, 82.72, 2.25, 23, 'approved', 1, '2026-03-07 15:28:02', NULL, NULL, NULL, NULL, '2026-03-15 15:23:11', '2026-03-15 15:23:11'),
	(1349, 845, 7, 'FINAL', NULL, NULL, NULL, NULL, NULL, NULL, NULL, NULL, NULL, 86.15, 2.00, 22, 'approved', 1, '2026-03-07 15:28:01', NULL, NULL, NULL, NULL, '2026-03-15 15:23:11', '2026-03-15 15:23:11'),
	(1350, 845, 7, 'MIDTERM', NULL, NULL, NULL, NULL, NULL, NULL, NULL, NULL, NULL, 90.73, 1.50, 22, 'approved', 1, '2026-03-07 15:28:01', NULL, NULL, NULL, NULL, '2026-03-15 15:23:11', '2026-03-15 15:23:11'),
	(1351, 845, 7, 'PRELIM', NULL, NULL, NULL, NULL, NULL, NULL, NULL, NULL, NULL, 77.00, 2.50, 22, 'approved', 1, '2026-03-07 15:32:48', 22, '2026-03-07 16:23:02', '2026-03-07 16:23:02', NULL, '2026-03-15 15:23:11', '2026-03-15 15:23:11'),
	(1352, 845, 7, 'SEMIFINAL', NULL, NULL, NULL, NULL, NULL, NULL, NULL, NULL, NULL, 81.36, 2.50, 22, 'approved', 1, '2026-03-07 15:28:01', NULL, NULL, NULL, NULL, '2026-03-15 15:23:11', '2026-03-15 15:23:11'),
	(1353, 845, 7, 'FINAL', NULL, NULL, NULL, NULL, NULL, NULL, NULL, NULL, NULL, 76.64, 2.75, 23, 'approved', 1, '2026-03-07 15:28:02', NULL, NULL, NULL, NULL, '2026-03-15 15:23:11', '2026-03-15 15:23:11'),
	(1354, 845, 7, 'MIDTERM', NULL, NULL, NULL, NULL, NULL, NULL, NULL, NULL, NULL, 80.99, 2.50, 23, 'approved', 1, '2026-03-07 15:28:02', NULL, NULL, NULL, NULL, '2026-03-15 15:23:11', '2026-03-15 15:23:11'),
	(1355, 845, 7, 'PRELIM', NULL, NULL, NULL, NULL, NULL, NULL, NULL, NULL, NULL, 75.48, 3.00, 23, 'approved', 1, '2026-03-07 15:28:02', NULL, NULL, NULL, NULL, '2026-03-15 15:23:11', '2026-03-15 15:23:11'),
	(1356, 845, 7, 'SEMIFINAL', NULL, NULL, NULL, NULL, NULL, NULL, NULL, NULL, NULL, 82.72, 2.25, 23, 'approved', 1, '2026-03-07 15:28:02', NULL, NULL, NULL, NULL, '2026-03-15 15:23:11', '2026-03-15 15:23:11'),
	(1357, 846, 7, 'FINAL', NULL, NULL, NULL, NULL, NULL, NULL, NULL, NULL, NULL, 79.96, 2.50, 22, 'approved', 1, '2026-03-07 15:28:01', NULL, NULL, NULL, NULL, '2026-03-15 15:23:11', '2026-03-15 15:23:11'),
	(1358, 846, 7, 'MIDTERM', NULL, NULL, NULL, NULL, NULL, NULL, NULL, NULL, NULL, 83.12, 2.25, 22, 'approved', 1, '2026-03-07 15:28:01', NULL, NULL, NULL, NULL, '2026-03-15 15:23:11', '2026-03-15 15:23:11'),
	(1359, 846, 7, 'PRELIM', NULL, NULL, NULL, NULL, NULL, NULL, NULL, NULL, NULL, 89.00, 1.50, 22, 'approved', 1, '2026-03-07 15:32:48', 22, '2026-03-07 16:23:02', '2026-03-07 16:23:02', NULL, '2026-03-15 15:23:11', '2026-03-15 15:23:11'),
	(1360, 846, 7, 'SEMIFINAL', NULL, NULL, NULL, NULL, NULL, NULL, NULL, NULL, NULL, 75.67, 1.00, 22, 'approved', 1, '2026-03-07 15:28:01', NULL, NULL, NULL, NULL, '2026-03-15 15:23:11', '2026-03-15 15:23:11'),
	(1361, 846, 7, 'FINAL', NULL, NULL, NULL, NULL, NULL, NULL, NULL, NULL, NULL, 87.01, 1.75, 23, 'approved', 1, '2026-03-07 15:28:02', NULL, NULL, NULL, NULL, '2026-03-15 15:23:11', '2026-03-15 15:23:11'),
	(1362, 846, 7, 'MIDTERM', NULL, NULL, NULL, NULL, NULL, NULL, NULL, NULL, NULL, 85.90, 2.00, 23, 'approved', 1, '2026-03-07 15:28:02', NULL, NULL, NULL, NULL, '2026-03-15 15:23:11', '2026-03-15 15:23:11'),
	(1363, 846, 7, 'PRELIM', NULL, NULL, NULL, NULL, NULL, NULL, NULL, NULL, NULL, 87.28, 1.00, 23, 'approved', 1, '2026-03-07 15:28:02', NULL, NULL, NULL, NULL, '2026-03-15 15:23:11', '2026-03-15 15:23:11'),
	(1364, 846, 7, 'SEMIFINAL', NULL, NULL, NULL, NULL, NULL, NULL, NULL, NULL, NULL, 80.43, 2.50, 23, 'approved', 1, '2026-03-07 15:28:02', NULL, NULL, NULL, NULL, '2026-03-15 15:23:11', '2026-03-15 15:23:11'),
	(1365, 847, 7, 'FINAL', NULL, NULL, NULL, NULL, NULL, NULL, NULL, NULL, NULL, 79.96, 2.50, 22, 'approved', 1, '2026-03-07 15:28:01', NULL, NULL, NULL, NULL, '2026-03-15 15:23:11', '2026-03-15 15:23:11'),
	(1366, 847, 7, 'MIDTERM', NULL, NULL, NULL, NULL, NULL, NULL, NULL, NULL, NULL, 83.12, 2.25, 22, 'approved', 1, '2026-03-07 15:28:01', NULL, NULL, NULL, NULL, '2026-03-15 15:23:11', '2026-03-15 15:23:11'),
	(1367, 847, 7, 'PRELIM', NULL, NULL, NULL, NULL, NULL, NULL, NULL, NULL, NULL, 89.00, 1.50, 22, 'approved', 1, '2026-03-07 15:32:48', 22, '2026-03-07 16:23:02', '2026-03-07 16:23:02', NULL, '2026-03-15 15:23:11', '2026-03-15 15:23:11'),
	(1368, 847, 7, 'SEMIFINAL', NULL, NULL, NULL, NULL, NULL, NULL, NULL, NULL, NULL, 75.67, 1.00, 22, 'approved', 1, '2026-03-07 15:28:01', NULL, NULL, NULL, NULL, '2026-03-15 15:23:11', '2026-03-15 15:23:11'),
	(1369, 847, 7, 'FINAL', NULL, NULL, NULL, NULL, NULL, NULL, NULL, NULL, NULL, 87.01, 1.75, 23, 'approved', 1, '2026-03-07 15:28:02', NULL, NULL, NULL, NULL, '2026-03-15 15:23:11', '2026-03-15 15:23:11'),
	(1370, 847, 7, 'MIDTERM', NULL, NULL, NULL, NULL, NULL, NULL, NULL, NULL, NULL, 85.90, 2.00, 23, 'approved', 1, '2026-03-07 15:28:02', NULL, NULL, NULL, NULL, '2026-03-15 15:23:11', '2026-03-15 15:23:11'),
	(1371, 847, 7, 'PRELIM', NULL, NULL, NULL, NULL, NULL, NULL, NULL, NULL, NULL, 87.28, 1.00, 23, 'approved', 1, '2026-03-07 15:28:02', NULL, NULL, NULL, NULL, '2026-03-15 15:23:11', '2026-03-15 15:23:11'),
	(1372, 847, 7, 'SEMIFINAL', NULL, NULL, NULL, NULL, NULL, NULL, NULL, NULL, NULL, 80.43, 2.50, 23, 'approved', 1, '2026-03-07 15:28:02', NULL, NULL, NULL, NULL, '2026-03-15 15:23:11', '2026-03-15 15:23:11'),
	(1373, 848, 7, 'FINAL', NULL, NULL, NULL, NULL, NULL, NULL, NULL, NULL, NULL, 75.75, 3.00, 22, 'approved', 1, '2026-03-07 15:28:01', NULL, NULL, NULL, NULL, '2026-03-15 15:23:11', '2026-03-15 15:23:11'),
	(1374, 848, 7, 'MIDTERM', NULL, NULL, NULL, NULL, NULL, NULL, NULL, NULL, NULL, 76.58, 1.50, 22, 'approved', 1, '2026-03-07 15:28:01', NULL, NULL, NULL, NULL, '2026-03-15 15:23:11', '2026-03-15 15:23:11'),
	(1375, 848, 7, 'PRELIM', NULL, NULL, NULL, NULL, NULL, NULL, NULL, NULL, NULL, 77.00, 2.75, 22, 'approved', 1, '2026-03-07 15:32:48', 22, '2026-03-07 16:23:02', '2026-03-07 16:23:02', NULL, '2026-03-15 15:23:11', '2026-03-15 15:23:11'),
	(1376, 848, 7, 'SEMIFINAL', NULL, NULL, NULL, NULL, NULL, NULL, NULL, NULL, NULL, 82.00, 2.25, 22, 'approved', 1, '2026-03-07 15:28:01', NULL, NULL, NULL, NULL, '2026-03-15 15:23:11', '2026-03-15 15:23:11'),
	(1377, 848, 7, 'FINAL', NULL, NULL, NULL, NULL, NULL, NULL, NULL, NULL, NULL, 78.05, 2.75, 23, 'approved', 1, '2026-03-07 15:28:02', NULL, NULL, NULL, NULL, '2026-03-15 15:23:11', '2026-03-15 15:23:11'),
	(1378, 848, 7, 'MIDTERM', NULL, NULL, NULL, NULL, NULL, NULL, NULL, NULL, NULL, 83.75, 2.25, 23, 'approved', 1, '2026-03-07 15:28:02', NULL, NULL, NULL, NULL, '2026-03-15 15:23:11', '2026-03-15 15:23:11'),
	(1379, 848, 7, 'PRELIM', NULL, NULL, NULL, NULL, NULL, NULL, NULL, NULL, NULL, 83.89, 2.25, 23, 'approved', 1, '2026-03-07 15:28:02', NULL, NULL, NULL, NULL, '2026-03-15 15:23:11', '2026-03-15 15:23:11'),
	(1380, 848, 7, 'SEMIFINAL', NULL, NULL, NULL, NULL, NULL, NULL, NULL, NULL, NULL, 78.84, 2.75, 23, 'approved', 1, '2026-03-07 15:28:02', NULL, NULL, NULL, NULL, '2026-03-15 15:23:11', '2026-03-15 15:23:11'),
	(1381, 849, 7, 'FINAL', NULL, NULL, NULL, NULL, NULL, NULL, NULL, NULL, NULL, 75.75, 3.00, 22, 'approved', 1, '2026-03-07 15:28:01', NULL, NULL, NULL, NULL, '2026-03-15 15:23:11', '2026-03-15 15:23:11'),
	(1382, 849, 7, 'MIDTERM', NULL, NULL, NULL, NULL, NULL, NULL, NULL, NULL, NULL, 76.58, 1.50, 22, 'approved', 1, '2026-03-07 15:28:01', NULL, NULL, NULL, NULL, '2026-03-15 15:23:11', '2026-03-15 15:23:11'),
	(1383, 849, 7, 'PRELIM', NULL, NULL, NULL, NULL, NULL, NULL, NULL, NULL, NULL, 77.00, 2.75, 22, 'approved', 1, '2026-03-07 15:32:48', 22, '2026-03-07 16:23:02', '2026-03-07 16:23:02', NULL, '2026-03-15 15:23:11', '2026-03-15 15:23:11'),
	(1384, 849, 7, 'SEMIFINAL', NULL, NULL, NULL, NULL, NULL, NULL, NULL, NULL, NULL, 82.00, 2.25, 22, 'approved', 1, '2026-03-07 15:28:01', NULL, NULL, NULL, NULL, '2026-03-15 15:23:11', '2026-03-15 15:23:11'),
	(1385, 849, 7, 'FINAL', NULL, NULL, NULL, NULL, NULL, NULL, NULL, NULL, NULL, 78.05, 2.75, 23, 'approved', 1, '2026-03-07 15:28:02', NULL, NULL, NULL, NULL, '2026-03-15 15:23:11', '2026-03-15 15:23:11'),
	(1386, 849, 7, 'MIDTERM', NULL, NULL, NULL, NULL, NULL, NULL, NULL, NULL, NULL, 83.75, 2.25, 23, 'approved', 1, '2026-03-07 15:28:02', NULL, NULL, NULL, NULL, '2026-03-15 15:23:11', '2026-03-15 15:23:11'),
	(1387, 849, 7, 'PRELIM', NULL, NULL, NULL, NULL, NULL, NULL, NULL, NULL, NULL, 83.89, 2.25, 23, 'approved', 1, '2026-03-07 15:28:02', NULL, NULL, NULL, NULL, '2026-03-15 15:23:11', '2026-03-15 15:23:11'),
	(1388, 849, 7, 'SEMIFINAL', NULL, NULL, NULL, NULL, NULL, NULL, NULL, NULL, NULL, 78.84, 2.75, 23, 'approved', 1, '2026-03-07 15:28:02', NULL, NULL, NULL, NULL, '2026-03-15 15:23:11', '2026-03-15 15:23:11'),
	(1389, 850, 7, 'FINAL', NULL, NULL, NULL, NULL, NULL, NULL, NULL, NULL, NULL, 76.67, 2.00, 22, 'approved', 1, '2026-03-07 15:28:01', NULL, NULL, NULL, NULL, '2026-03-15 15:23:11', '2026-03-15 15:23:11'),
	(1390, 850, 7, 'MIDTERM', NULL, NULL, NULL, NULL, NULL, NULL, NULL, NULL, NULL, 93.40, 2.75, 22, 'approved', 1, '2026-03-07 15:28:01', NULL, NULL, NULL, NULL, '2026-03-15 15:23:11', '2026-03-15 15:23:11'),
	(1391, 850, 7, 'PRELIM', NULL, NULL, NULL, NULL, NULL, NULL, NULL, NULL, NULL, 75.00, 3.00, 22, 'approved', 1, '2026-03-07 15:32:48', 22, '2026-03-07 16:23:02', '2026-03-07 16:23:02', NULL, '2026-03-15 15:23:11', '2026-03-15 15:23:11'),
	(1392, 850, 7, 'SEMIFINAL', NULL, NULL, NULL, NULL, NULL, NULL, NULL, NULL, NULL, 90.80, 2.75, 22, 'approved', 1, '2026-03-07 15:28:01', NULL, NULL, NULL, NULL, '2026-03-15 15:23:11', '2026-03-15 15:23:11'),
	(1393, 850, 7, 'FINAL', NULL, NULL, NULL, NULL, NULL, NULL, NULL, NULL, NULL, 89.55, 1.75, 23, 'approved', 1, '2026-03-07 15:28:02', NULL, NULL, NULL, NULL, '2026-03-15 15:23:11', '2026-03-15 15:23:11'),
	(1394, 850, 7, 'MIDTERM', NULL, NULL, NULL, NULL, NULL, NULL, NULL, NULL, NULL, 89.19, 1.75, 23, 'approved', 1, '2026-03-07 15:28:02', NULL, NULL, NULL, NULL, '2026-03-15 15:23:11', '2026-03-15 15:23:11'),
	(1395, 850, 7, 'PRELIM', NULL, NULL, NULL, NULL, NULL, NULL, NULL, NULL, NULL, 94.14, 1.50, 23, 'approved', 1, '2026-03-07 15:28:02', NULL, NULL, NULL, NULL, '2026-03-15 15:23:11', '2026-03-15 15:23:11'),
	(1396, 850, 7, 'SEMIFINAL', NULL, NULL, NULL, NULL, NULL, NULL, NULL, NULL, NULL, 84.11, 2.25, 23, 'approved', 1, '2026-03-07 15:28:02', NULL, NULL, NULL, NULL, '2026-03-15 15:23:11', '2026-03-15 15:23:11'),
	(1397, 851, 7, 'FINAL', NULL, NULL, NULL, NULL, NULL, NULL, NULL, NULL, NULL, 76.67, 2.00, 22, 'approved', 1, '2026-03-07 15:28:01', NULL, NULL, NULL, NULL, '2026-03-15 15:23:11', '2026-03-15 15:23:11'),
	(1398, 851, 7, 'MIDTERM', NULL, NULL, NULL, NULL, NULL, NULL, NULL, NULL, NULL, 93.40, 2.75, 22, 'approved', 1, '2026-03-07 15:28:01', NULL, NULL, NULL, NULL, '2026-03-15 15:23:11', '2026-03-15 15:23:11'),
	(1399, 851, 7, 'PRELIM', NULL, NULL, NULL, NULL, NULL, NULL, NULL, NULL, NULL, 75.00, 3.00, 22, 'approved', 1, '2026-03-07 15:32:48', 22, '2026-03-07 16:23:02', '2026-03-07 16:23:02', NULL, '2026-03-15 15:23:11', '2026-03-15 15:23:11'),
	(1400, 851, 7, 'SEMIFINAL', NULL, NULL, NULL, NULL, NULL, NULL, NULL, NULL, NULL, 90.80, 2.75, 22, 'approved', 1, '2026-03-07 15:28:01', NULL, NULL, NULL, NULL, '2026-03-15 15:23:11', '2026-03-15 15:23:11'),
	(1401, 851, 7, 'FINAL', NULL, NULL, NULL, NULL, NULL, NULL, NULL, NULL, NULL, 89.55, 1.75, 23, 'approved', 1, '2026-03-07 15:28:02', NULL, NULL, NULL, NULL, '2026-03-15 15:23:11', '2026-03-15 15:23:11'),
	(1402, 851, 7, 'MIDTERM', NULL, NULL, NULL, NULL, NULL, NULL, NULL, NULL, NULL, 89.19, 1.75, 23, 'approved', 1, '2026-03-07 15:28:02', NULL, NULL, NULL, NULL, '2026-03-15 15:23:11', '2026-03-15 15:23:11'),
	(1403, 851, 7, 'PRELIM', NULL, NULL, NULL, NULL, NULL, NULL, NULL, NULL, NULL, 94.14, 1.50, 23, 'approved', 1, '2026-03-07 15:28:02', NULL, NULL, NULL, NULL, '2026-03-15 15:23:11', '2026-03-15 15:23:11'),
	(1404, 851, 7, 'SEMIFINAL', NULL, NULL, NULL, NULL, NULL, NULL, NULL, NULL, NULL, 84.11, 2.25, 23, 'approved', 1, '2026-03-07 15:28:02', NULL, NULL, NULL, NULL, '2026-03-15 15:23:11', '2026-03-15 15:23:11');

-- Dumping structure for table grading_system.tbl_grade_columns
CREATE TABLE IF NOT EXISTS `tbl_grade_columns` (
  `id` int NOT NULL AUTO_INCREMENT,
  `teacher_id` int NOT NULL,
  `section_id` int NOT NULL,
  `subject_id` int NOT NULL,
  `term_id` int NOT NULL,
  `grading_period` varchar(20) NOT NULL COMMENT 'Q1, Q2, Q3, Q4, PRELIM, MIDTERM, etc.',
  `component_type` enum('ww','pt','qa') NOT NULL COMMENT 'Written Work, Performance Task, Quarterly Assessment',
  `column_number` int NOT NULL DEFAULT '1' COMMENT 'Column order (1, 2, 3...)',
  `highest_possible_score` decimal(7,2) NOT NULL DEFAULT '0.00' COMMENT 'Max score for this column',
  `description` varchar(100) DEFAULT NULL COMMENT 'Optional activity description',
  `created_at` datetime DEFAULT CURRENT_TIMESTAMP,
  `updated_at` datetime DEFAULT CURRENT_TIMESTAMP ON UPDATE CURRENT_TIMESTAMP,
  PRIMARY KEY (`id`),
  UNIQUE KEY `unique_column` (`teacher_id`,`section_id`,`subject_id`,`term_id`,`grading_period`,`component_type`,`column_number`),
  KEY `idx_teacher_section_subject` (`teacher_id`,`section_id`,`subject_id`,`term_id`,`grading_period`),
  KEY `tbl_grade_columns_ibfk_2` (`section_id`),
  KEY `tbl_grade_columns_ibfk_3` (`subject_id`),
  KEY `tbl_grade_columns_ibfk_4` (`term_id`),
  CONSTRAINT `tbl_grade_columns_ibfk_1` FOREIGN KEY (`teacher_id`) REFERENCES `tbl_teacher` (`id`),
  CONSTRAINT `tbl_grade_columns_ibfk_2` FOREIGN KEY (`section_id`) REFERENCES `tbl_section` (`id`),
  CONSTRAINT `tbl_grade_columns_ibfk_3` FOREIGN KEY (`subject_id`) REFERENCES `tbl_subjects` (`id`),
  CONSTRAINT `tbl_grade_columns_ibfk_4` FOREIGN KEY (`term_id`) REFERENCES `tbl_term` (`id`)
) ENGINE=InnoDB AUTO_INCREMENT=148 DEFAULT CHARSET=utf8mb4 COLLATE=utf8mb4_0900_ai_ci;

-- Dumping data for table grading_system.tbl_grade_columns: ~2 rows (approximately)
REPLACE INTO `tbl_grade_columns` (`id`, `teacher_id`, `section_id`, `subject_id`, `term_id`, `grading_period`, `component_type`, `column_number`, `highest_possible_score`, `description`, `created_at`, `updated_at`) VALUES
	(145, 3, 7, 72, 13, 'PRELIM', 'ww', 1, 20.00, NULL, '2026-03-07 16:00:53', '2026-03-07 16:00:53'),
	(146, 3, 7, 72, 13, 'PRELIM', 'pt', 1, 20.00, NULL, '2026-03-07 16:00:59', '2026-03-07 16:00:59'),
	(147, 3, 7, 72, 13, 'PRELIM', 'qa', 1, 20.00, NULL, '2026-03-07 16:01:01', '2026-03-07 16:01:01');

-- Dumping structure for table grading_system.tbl_grade_components
CREATE TABLE IF NOT EXISTS `tbl_grade_components` (
  `id` int NOT NULL AUTO_INCREMENT,
  `grade_id` int NOT NULL,
  `component_type` enum('ww','pt','qa') NOT NULL COMMENT 'Written Work, Performance Task, Quarterly Assessment',
  `component_number` int DEFAULT '1' COMMENT 'Component item number (e.g., WW1, WW2, PT1, etc.)',
  `highest_possible_score` decimal(5,2) DEFAULT NULL,
  `student_score` decimal(5,2) DEFAULT NULL,
  `description` varchar(100) DEFAULT NULL COMMENT 'Description of the activity/assessment',
  `date_given` date DEFAULT NULL,
  `created_at` datetime DEFAULT CURRENT_TIMESTAMP,
  `updated_at` datetime DEFAULT CURRENT_TIMESTAMP ON UPDATE CURRENT_TIMESTAMP,
  PRIMARY KEY (`id`),
  KEY `grade_id` (`grade_id`),
  KEY `idx_component_type` (`component_type`),
  CONSTRAINT `tbl_grade_components_ibfk_1` FOREIGN KEY (`grade_id`) REFERENCES `tbl_grades` (`id`) ON DELETE CASCADE
) ENGINE=InnoDB DEFAULT CHARSET=utf8mb4 COLLATE=utf8mb4_0900_ai_ci;

-- Dumping data for table grading_system.tbl_grade_components: ~0 rows (approximately)

-- Dumping structure for table grading_system.tbl_grade_history
CREATE TABLE IF NOT EXISTS `tbl_grade_history` (
  `id` int NOT NULL AUTO_INCREMENT,
  `grade_id` int NOT NULL,
  `action` enum('created','updated','submitted','approved','finalized','rejected') NOT NULL,
  `old_values` json DEFAULT NULL COMMENT 'Previous values before change',
  `new_values` json DEFAULT NULL COMMENT 'New values after change',
  `changed_by` int DEFAULT NULL COMMENT 'User who made the change',
  `change_reason` text COMMENT 'Reason for the change',
  `created_at` datetime DEFAULT CURRENT_TIMESTAMP,
  PRIMARY KEY (`id`),
  KEY `grade_id` (`grade_id`),
  KEY `changed_by` (`changed_by`),
  KEY `idx_action` (`action`),
  KEY `idx_created_at` (`created_at`),
  CONSTRAINT `tbl_grade_history_ibfk_1` FOREIGN KEY (`grade_id`) REFERENCES `tbl_grades` (`id`) ON DELETE CASCADE,
  CONSTRAINT `tbl_grade_history_ibfk_2` FOREIGN KEY (`changed_by`) REFERENCES `tbl_users` (`id`)
) ENGINE=InnoDB DEFAULT CHARSET=utf8mb4 COLLATE=utf8mb4_0900_ai_ci;

-- Dumping data for table grading_system.tbl_grade_history: ~0 rows (approximately)

-- Dumping structure for table grading_system.tbl_prospectus
CREATE TABLE IF NOT EXISTS `tbl_prospectus` (
  `id` int NOT NULL AUTO_INCREMENT,
  `curriculum_id` int DEFAULT NULL,
  `level_id` int DEFAULT NULL,
  `subject_id` int DEFAULT NULL,
  `term_id` int DEFAULT NULL,
  `status` varchar(20) DEFAULT 'active',
  `max_enrollees` int DEFAULT NULL COMMENT 'Maximum students per section for this subject',
  PRIMARY KEY (`id`),
  KEY `curriculum_id` (`curriculum_id`),
  KEY `subject_id` (`subject_id`),
  KEY `term_id` (`term_id`),
  KEY `level_id` (`level_id`),
  CONSTRAINT `tbl_prospectus_ibfk_1` FOREIGN KEY (`curriculum_id`) REFERENCES `tbl_curriculum` (`id`),
  CONSTRAINT `tbl_prospectus_ibfk_2` FOREIGN KEY (`subject_id`) REFERENCES `tbl_subjects` (`id`),
  CONSTRAINT `tbl_prospectus_ibfk_3` FOREIGN KEY (`term_id`) REFERENCES `tbl_term` (`id`),
  CONSTRAINT `tbl_prospectus_level_fk` FOREIGN KEY (`level_id`) REFERENCES `level` (`id`)
) ENGINE=InnoDB AUTO_INCREMENT=296 DEFAULT CHARSET=utf8mb4 COLLATE=utf8mb4_0900_ai_ci;

-- Dumping data for table grading_system.tbl_prospectus: ~203 rows (approximately)
REPLACE INTO `tbl_prospectus` (`id`, `curriculum_id`, `level_id`, `subject_id`, `term_id`, `status`, `max_enrollees`) VALUES
	(34, 4, NULL, 28, NULL, 'active', NULL),
	(35, 4, NULL, 29, NULL, 'active', NULL),
	(36, 4, NULL, 27, NULL, 'active', NULL),
	(37, 4, NULL, 30, NULL, 'active', NULL),
	(38, 4, NULL, 32, NULL, 'active', NULL),
	(39, 4, NULL, 31, NULL, 'active', NULL),
	(40, 4, NULL, 33, NULL, 'active', NULL),
	(41, 4, NULL, 34, NULL, 'active', NULL),
	(42, 4, NULL, 35, NULL, 'active', NULL),
	(43, 4, NULL, 36, NULL, 'active', NULL),
	(44, 5, NULL, 31, NULL, 'active', NULL),
	(45, 5, NULL, 29, NULL, 'active', NULL),
	(46, 5, NULL, 35, NULL, 'active', NULL),
	(47, 5, NULL, 33, NULL, 'active', NULL),
	(48, 5, NULL, 28, NULL, 'active', NULL),
	(49, 5, NULL, 34, NULL, 'active', NULL),
	(50, 5, NULL, 30, NULL, 'active', NULL),
	(51, 5, NULL, 27, NULL, 'active', NULL),
	(52, 5, NULL, 32, NULL, 'active', NULL),
	(53, 5, NULL, 36, NULL, 'active', NULL),
	(54, 6, NULL, 31, NULL, 'active', NULL),
	(55, 6, NULL, 29, NULL, 'active', NULL),
	(56, 6, NULL, 35, NULL, 'active', NULL),
	(57, 6, NULL, 33, NULL, 'active', NULL),
	(58, 6, NULL, 28, NULL, 'active', NULL),
	(60, 6, NULL, 34, NULL, 'active', NULL),
	(61, 6, NULL, 30, NULL, 'active', NULL),
	(62, 6, NULL, 27, NULL, 'active', NULL),
	(63, 6, NULL, 32, NULL, 'active', NULL),
	(64, 6, NULL, 36, NULL, 'active', NULL),
	(65, 7, NULL, 31, NULL, 'active', NULL),
	(66, 7, NULL, 29, NULL, 'active', NULL),
	(67, 7, NULL, 35, NULL, 'active', NULL),
	(68, 7, NULL, 33, NULL, 'active', NULL),
	(69, 7, NULL, 28, NULL, 'active', NULL),
	(70, 7, NULL, 34, NULL, 'active', NULL),
	(71, 7, NULL, 30, NULL, 'active', NULL),
	(72, 7, NULL, 27, NULL, 'active', NULL),
	(73, 7, NULL, 32, NULL, 'active', NULL),
	(74, 7, NULL, 36, NULL, 'active', NULL),
	(75, 8, NULL, 31, NULL, 'active', NULL),
	(76, 8, NULL, 29, NULL, 'active', NULL),
	(77, 8, NULL, 35, NULL, 'active', NULL),
	(78, 8, NULL, 33, NULL, 'active', NULL),
	(79, 8, NULL, 28, NULL, 'active', NULL),
	(80, 8, NULL, 34, NULL, 'active', NULL),
	(81, 8, NULL, 30, NULL, 'active', NULL),
	(82, 8, NULL, 27, NULL, 'active', NULL),
	(83, 8, NULL, 32, NULL, 'active', NULL),
	(84, 8, NULL, 36, NULL, 'active', NULL),
	(85, 9, NULL, 31, NULL, 'active', NULL),
	(86, 9, NULL, 29, NULL, 'active', NULL),
	(87, 9, NULL, 35, NULL, 'active', NULL),
	(88, 9, NULL, 33, NULL, 'active', NULL),
	(89, 9, NULL, 28, NULL, 'active', NULL),
	(90, 9, NULL, 34, NULL, 'active', NULL),
	(91, 9, NULL, 30, NULL, 'active', NULL),
	(92, 9, NULL, 27, NULL, 'active', NULL),
	(93, 9, NULL, 32, NULL, 'active', NULL),
	(94, 9, NULL, 36, NULL, 'active', NULL),
	(95, 10, NULL, 31, NULL, 'active', NULL),
	(96, 10, NULL, 29, NULL, 'active', NULL),
	(97, 10, NULL, 35, NULL, 'active', NULL),
	(98, 10, NULL, 33, NULL, 'active', NULL),
	(99, 10, NULL, 28, NULL, 'active', NULL),
	(100, 10, NULL, 34, NULL, 'active', NULL),
	(101, 10, NULL, 30, NULL, 'active', NULL),
	(102, 10, NULL, 27, NULL, 'active', NULL),
	(103, 10, NULL, 32, NULL, 'active', NULL),
	(104, 10, NULL, 36, NULL, 'active', NULL),
	(105, 11, NULL, 31, NULL, 'active', NULL),
	(106, 11, NULL, 29, NULL, 'active', NULL),
	(107, 11, NULL, 35, NULL, 'active', NULL),
	(108, 11, NULL, 33, NULL, 'active', NULL),
	(109, 11, NULL, 28, NULL, 'active', NULL),
	(110, 11, NULL, 34, NULL, 'active', NULL),
	(111, 11, NULL, 30, NULL, 'active', NULL),
	(112, 11, NULL, 27, NULL, 'active', NULL),
	(113, 11, NULL, 32, NULL, 'active', NULL),
	(114, 11, NULL, 36, NULL, 'active', NULL),
	(115, 12, NULL, 31, NULL, 'active', NULL),
	(116, 12, NULL, 29, NULL, 'active', NULL),
	(117, 12, NULL, 35, NULL, 'active', NULL),
	(118, 12, NULL, 33, NULL, 'active', NULL),
	(119, 12, NULL, 28, NULL, 'active', NULL),
	(120, 12, NULL, 34, NULL, 'active', NULL),
	(121, 12, NULL, 30, NULL, 'active', NULL),
	(122, 12, NULL, 27, NULL, 'active', NULL),
	(123, 12, NULL, 32, NULL, 'active', NULL),
	(124, 12, NULL, 36, NULL, 'active', NULL),
	(125, 13, NULL, 31, NULL, 'active', NULL),
	(126, 13, NULL, 29, NULL, 'active', NULL),
	(127, 13, NULL, 35, NULL, 'active', NULL),
	(128, 13, NULL, 33, NULL, 'active', NULL),
	(129, 13, NULL, 28, NULL, 'active', NULL),
	(130, 13, NULL, 34, NULL, 'active', NULL),
	(131, 13, NULL, 30, NULL, 'active', NULL),
	(132, 13, NULL, 27, NULL, 'active', NULL),
	(133, 13, NULL, 32, NULL, 'active', NULL),
	(134, 13, NULL, 36, NULL, 'active', NULL),
	(186, 14, NULL, 38, 13, 'active', NULL),
	(187, 14, NULL, 39, 13, 'active', NULL),
	(188, 14, NULL, 41, 13, 'active', NULL),
	(189, 14, NULL, 44, 13, 'active', NULL),
	(190, 14, NULL, 45, 13, 'active', NULL),
	(191, 14, NULL, 46, 13, 'active', NULL),
	(192, 14, NULL, 47, 13, 'active', NULL),
	(193, 14, NULL, 48, 13, 'active', NULL),
	(194, 14, NULL, 49, 14, 'active', NULL),
	(195, 14, NULL, 50, 14, 'active', NULL),
	(196, 14, NULL, 51, 14, 'active', NULL),
	(197, 14, NULL, 52, 14, 'active', NULL),
	(198, 14, NULL, 53, 14, 'active', NULL),
	(199, 14, NULL, 55, 14, 'active', NULL),
	(200, 14, NULL, 54, 14, 'active', NULL),
	(201, 14, NULL, 56, 14, 'active', NULL),
	(202, 14, NULL, 57, 14, 'active', NULL),
	(203, 15, NULL, 58, 13, 'active', NULL),
	(204, 15, NULL, 59, 13, 'active', NULL),
	(205, 15, NULL, 60, 13, 'active', NULL),
	(206, 15, NULL, 45, 13, 'active', NULL),
	(207, 15, NULL, 61, 13, 'active', NULL),
	(208, 15, NULL, 62, 13, 'active', NULL),
	(209, 15, NULL, 63, 13, 'active', NULL),
	(210, 15, NULL, 55, 14, 'active', NULL),
	(211, 15, NULL, 64, 14, 'active', NULL),
	(212, 15, NULL, 65, 14, 'active', NULL),
	(213, 15, NULL, 66, 14, 'active', NULL),
	(214, 15, NULL, 67, 14, 'active', NULL),
	(215, 15, NULL, 68, 14, 'active', NULL),
	(216, 15, NULL, 69, 14, 'active', NULL),
	(217, 15, NULL, 70, 14, 'active', NULL),
	(218, 15, NULL, 71, 14, 'active', NULL),
	(219, 22, 22, 73, 13, 'active', NULL),
	(220, 22, 22, 76, 13, 'active', NULL),
	(221, 22, 22, 77, 13, 'active', NULL),
	(222, 22, 22, 78, 13, 'active', NULL),
	(223, 22, 22, 81, 13, 'active', NULL),
	(224, 22, 22, 82, 13, 'active', NULL),
	(225, 22, 22, 74, 14, 'active', NULL),
	(226, 22, 22, 75, 14, 'active', NULL),
	(227, 22, 22, 79, 14, 'active', NULL),
	(228, 22, 22, 80, 14, 'active', NULL),
	(229, 22, 22, 110, 14, 'active', NULL),
	(230, 22, 22, 113, 14, 'active', NULL),
	(231, 22, 23, 91, 13, 'active', NULL),
	(232, 22, 23, 92, 13, 'active', NULL),
	(233, 22, 23, 88, 13, 'active', NULL),
	(234, 22, 23, 106, 13, 'active', NULL),
	(235, 22, 23, 111, 13, 'active', NULL),
	(236, 22, 23, 115, 13, 'active', NULL),
	(237, 22, 23, 93, 14, 'active', NULL),
	(238, 22, 23, 89, 14, 'active', NULL),
	(239, 22, 23, 90, 14, 'active', NULL),
	(240, 22, 23, 107, 14, 'active', NULL),
	(241, 22, 23, 114, 14, 'active', NULL),
	(242, 22, 23, 112, 14, 'active', NULL),
	(243, 22, 24, 94, 13, 'active', NULL),
	(244, 22, 24, 95, 13, 'active', NULL),
	(245, 22, 24, 96, 13, 'active', NULL),
	(246, 22, 24, 72, 13, 'active', NULL),
	(247, 22, 24, 108, 13, 'active', NULL),
	(248, 22, 24, 101, 13, 'active', NULL),
	(249, 22, 24, 97, 14, 'active', NULL),
	(250, 22, 24, 98, 14, 'active', NULL),
	(251, 22, 24, 99, 14, 'active', NULL),
	(252, 22, 24, 100, 14, 'active', NULL),
	(253, 22, 24, 109, 14, 'active', NULL),
	(254, 22, 24, 102, 14, 'active', NULL),
	(255, 22, 25, 103, 13, 'active', NULL),
	(256, 22, 25, 105, 13, 'active', NULL),
	(257, 22, 25, 104, 14, 'active', NULL),
	(258, 26, 30, 73, 13, 'active', NULL),
	(259, 26, 30, 76, 13, 'active', NULL),
	(260, 26, 30, 77, 13, 'active', NULL),
	(261, 26, 30, 86, 13, 'active', NULL),
	(262, 26, 30, 81, 13, 'active', NULL),
	(263, 26, 30, 82, 13, 'active', NULL),
	(264, 26, 30, 83, 13, 'active', NULL),
	(265, 26, 30, 74, 14, 'active', NULL),
	(266, 26, 30, 75, 14, 'active', NULL),
	(267, 26, 30, 87, 14, 'active', NULL),
	(268, 26, 30, 85, 14, 'active', NULL),
	(269, 26, 30, 110, 14, 'active', NULL),
	(270, 26, 30, 113, 14, 'active', NULL),
	(271, 26, 30, 84, 14, 'active', NULL),
	(272, 26, 31, 116, 13, 'active', NULL),
	(273, 26, 31, 117, 13, 'active', NULL),
	(274, 26, 31, 118, 13, 'active', NULL),
	(275, 26, 31, 131, 13, 'active', NULL),
	(276, 26, 31, 106, 13, 'active', NULL),
	(277, 26, 31, 111, 13, 'active', NULL),
	(278, 26, 31, 127, 13, 'active', NULL),
	(279, 26, 31, 119, 14, 'active', NULL),
	(280, 26, 31, 120, 14, 'active', NULL),
	(281, 26, 31, 132, 14, 'active', NULL),
	(282, 26, 31, 133, 14, 'active', NULL),
	(283, 26, 31, 107, 14, 'active', NULL),
	(284, 26, 31, 112, 14, 'active', NULL),
	(285, 26, 31, 128, 14, 'active', NULL),
	(286, 26, 32, 121, 13, 'active', NULL),
	(287, 26, 32, 122, 13, 'active', NULL),
	(288, 26, 32, 124, 13, 'active', NULL),
	(289, 26, 32, 108, 13, 'active', NULL),
	(290, 26, 32, 109, 13, 'active', NULL),
	(291, 26, 32, 129, 13, 'active', NULL),
	(292, 26, 32, 123, 14, 'active', NULL),
	(293, 26, 32, 125, 14, 'active', NULL),
	(294, 26, 32, 126, 14, 'active', NULL),
	(295, 26, 32, 130, 14, 'active', NULL);

-- Dumping structure for table grading_system.tbl_raw_scores
CREATE TABLE IF NOT EXISTS `tbl_raw_scores` (
  `id` int NOT NULL AUTO_INCREMENT,
  `enroll_id` int NOT NULL COMMENT 'Student enrollment record',
  `column_id` int NOT NULL COMMENT 'Reference to tbl_grade_columns',
  `score` decimal(7,2) DEFAULT NULL COMMENT 'Student raw score (NULL = not yet entered)',
  `created_at` datetime DEFAULT CURRENT_TIMESTAMP,
  `updated_at` datetime DEFAULT CURRENT_TIMESTAMP ON UPDATE CURRENT_TIMESTAMP,
  PRIMARY KEY (`id`),
  UNIQUE KEY `unique_score` (`enroll_id`,`column_id`),
  KEY `column_id` (`column_id`),
  CONSTRAINT `tbl_raw_scores_ibfk_1` FOREIGN KEY (`enroll_id`) REFERENCES `tbl_enroll` (`id`) ON DELETE CASCADE,
  CONSTRAINT `tbl_raw_scores_ibfk_2` FOREIGN KEY (`column_id`) REFERENCES `tbl_grade_columns` (`id`) ON DELETE CASCADE
) ENGINE=InnoDB AUTO_INCREMENT=764 DEFAULT CHARSET=utf8mb4 COLLATE=utf8mb4_0900_ai_ci;

-- Dumping data for table grading_system.tbl_raw_scores: ~3 rows (approximately)
REPLACE INTO `tbl_raw_scores` (`id`, `enroll_id`, `column_id`, `score`, `created_at`, `updated_at`) VALUES
	(757, 415, 145, 19.00, '2026-03-07 16:01:06', '2026-03-07 16:01:13'),
	(758, 415, 146, 19.00, '2026-03-07 16:01:08', '2026-03-07 16:01:13'),
	(759, 415, 147, 19.00, '2026-03-07 16:01:10', '2026-03-07 16:01:13');

-- Dumping structure for table grading_system.tbl_section
CREATE TABLE IF NOT EXISTS `tbl_section` (
  `id` int NOT NULL AUTO_INCREMENT,
  `section_code` varchar(50) NOT NULL,
  `academic_track_id` int DEFAULT NULL,
  `level_id` int DEFAULT NULL,
  `sy_id` int DEFAULT NULL,
  `adviser_id` int DEFAULT NULL,
  `status` varchar(20) DEFAULT 'active',
  PRIMARY KEY (`id`),
  KEY `academic_track_id` (`academic_track_id`),
  KEY `sy_id` (`sy_id`),
  KEY `adviser_id` (`adviser_id`),
  KEY `level_id` (`level_id`),
  CONSTRAINT `tbl_section_ibfk_1` FOREIGN KEY (`academic_track_id`) REFERENCES `tbl_academic_track` (`id`),
  CONSTRAINT `tbl_section_ibfk_2` FOREIGN KEY (`sy_id`) REFERENCES `tbl_sy` (`id`),
  CONSTRAINT `tbl_section_ibfk_3` FOREIGN KEY (`adviser_id`) REFERENCES `tbl_teacher` (`id`),
  CONSTRAINT `tbl_section_level_fk` FOREIGN KEY (`level_id`) REFERENCES `level` (`id`)
) ENGINE=InnoDB AUTO_INCREMENT=20 DEFAULT CHARSET=utf8mb4 COLLATE=utf8mb4_0900_ai_ci;

-- Dumping data for table grading_system.tbl_section: ~14 rows (approximately)
REPLACE INTO `tbl_section` (`id`, `section_code`, `academic_track_id`, `level_id`, `sy_id`, `adviser_id`, `status`) VALUES
	(2, 'KINDER1-A', 2, 2, 2, 3, 'active'),
	(3, 'GRADE1-A', 4, 4, 2, 3, 'active'),
	(4, 'GRADE7-A', 10, 10, 2, 4, 'active'),
	(5, 'GRADE10-A', 13, 13, 2, 4, 'active'),
	(6, 'STEM11-A', 14, 14, 2, 4, 'active'),
	(7, 'BSCS-1A', 22, 22, 2, NULL, 'active'),
	(8, 'BSN-1A', 26, 30, 2, NULL, 'active'),
	(12, 'NURSERY-A', 1, 1, 2, 3, 'active'),
	(13, 'GRADE3-A', 6, 6, 2, 3, 'active'),
	(14, 'GRADE5-A', 8, 8, 2, 3, 'active'),
	(15, 'ABM11-A', 16, 16, 2, 4, 'active'),
	(16, 'HUMSS11-A', 18, 18, 2, 4, 'active'),
	(17, 'BSCS-2A', 22, 23, 2, NULL, 'active'),
	(18, 'BSIT-1A', 23, 26, 2, NULL, 'active'),
	(19, 'BSN2A', 26, 31, 2, NULL, 'active');

-- Dumping structure for table grading_system.tbl_settings
CREATE TABLE IF NOT EXISTS `tbl_settings` (
  `id` int NOT NULL AUTO_INCREMENT,
  `setting_key` varchar(100) NOT NULL,
  `setting_value` varchar(255) NOT NULL DEFAULT '',
  `updated_at` datetime DEFAULT CURRENT_TIMESTAMP ON UPDATE CURRENT_TIMESTAMP,
  PRIMARY KEY (`id`),
  UNIQUE KEY `setting_key` (`setting_key`)
) ENGINE=InnoDB AUTO_INCREMENT=9 DEFAULT CHARSET=utf8mb4 COLLATE=utf8mb4_0900_ai_ci;

-- Dumping data for table grading_system.tbl_settings: ~1 rows (approximately)
REPLACE INTO `tbl_settings` (`id`, `setting_key`, `setting_value`, `updated_at`) VALUES
	(1, 'grades_visible', '1', '2026-03-09 21:17:49');

-- Dumping structure for table grading_system.tbl_student
CREATE TABLE IF NOT EXISTS `tbl_student` (
  `id` int NOT NULL AUTO_INCREMENT,
  `user_id` int DEFAULT NULL,
  `student_no` varchar(20) DEFAULT NULL,
  `given_name` varchar(100) CHARACTER SET utf8mb4 COLLATE utf8mb4_0900_ai_ci DEFAULT NULL,
  `middle_name` varchar(100) DEFAULT NULL,
  `last_name` varchar(100) DEFAULT NULL,
  `section_id` int DEFAULT NULL,
  `guardian_name` varchar(200) DEFAULT NULL,
  `guardian_contact` varchar(50) DEFAULT NULL,
  `guardian_email` varchar(100) DEFAULT NULL,
  `suffix` varchar(20) DEFAULT NULL,
  `date_of_birth` date DEFAULT NULL,
  `place_of_birth` varchar(200) DEFAULT NULL,
  `sex` enum('Male','Female') DEFAULT NULL,
  `address` varchar(300) DEFAULT NULL,
  `primary_school` varchar(200) DEFAULT NULL,
  `primary_school_address` varchar(300) DEFAULT NULL,
  `primary_school_year` varchar(20) DEFAULT NULL,
  `intermediate_school` varchar(200) DEFAULT NULL,
  `intermediate_school_address` varchar(300) DEFAULT NULL,
  `intermediate_school_year` varchar(20) DEFAULT NULL,
  `secondary_school` varchar(200) DEFAULT NULL,
  `secondary_school_address` varchar(300) DEFAULT NULL,
  `secondary_school_year` varchar(20) DEFAULT NULL,
  `shs_school` varchar(200) DEFAULT NULL,
  `shs_school_address` varchar(300) DEFAULT NULL,
  `shs_school_year` varchar(20) DEFAULT NULL,
  `shs_strand` varchar(100) DEFAULT NULL,
  PRIMARY KEY (`id`),
  UNIQUE KEY `student_no` (`student_no`),
  KEY `user_id` (`user_id`),
  KEY `section_id` (`section_id`),
  CONSTRAINT `tbl_student_ibfk_1` FOREIGN KEY (`user_id`) REFERENCES `tbl_users` (`id`),
  CONSTRAINT `tbl_student_ibfk_2` FOREIGN KEY (`section_id`) REFERENCES `tbl_section` (`id`)
) ENGINE=InnoDB AUTO_INCREMENT=57 DEFAULT CHARSET=utf8mb4 COLLATE=utf8mb4_0900_ai_ci;

-- Dumping data for table grading_system.tbl_student: ~38 rows (approximately)
REPLACE INTO `tbl_student` (`id`, `user_id`, `student_no`, `given_name`, `middle_name`, `last_name`, `section_id`, `guardian_name`, `guardian_contact`, `guardian_email`, `suffix`, `date_of_birth`, `place_of_birth`, `sex`, `address`, `primary_school`, `primary_school_address`, `primary_school_year`, `intermediate_school`, `intermediate_school_address`, `intermediate_school_year`, `secondary_school`, `secondary_school_address`, `secondary_school_year`, `shs_school`, `shs_school_address`, `shs_school_year`, `shs_strand`) VALUES
	(14, 31, '25-00015', 'Juan', 'Zamora', 'Dela Cruz', 3, 'Crispina Dela Cruz', '09567283749', 'stephenedetorresanne@gmail.com', '', NULL, NULL, NULL, NULL, NULL, NULL, NULL, NULL, NULL, NULL, NULL, NULL, NULL, NULL, NULL, NULL, NULL),
	(15, 32, '25-00016', 'Shiela', 'Jacinto', 'Guinto', 6, NULL, NULL, NULL, '', NULL, NULL, NULL, NULL, NULL, NULL, NULL, NULL, NULL, NULL, NULL, NULL, NULL, NULL, NULL, NULL, NULL),
	(16, 33, '25-00017', 'Kyle', 'Gomez', 'Del Mundo', 3, NULL, NULL, NULL, '', NULL, NULL, NULL, NULL, NULL, NULL, NULL, NULL, NULL, NULL, NULL, NULL, NULL, NULL, NULL, NULL, NULL),
	(17, 35, '25-00018', 'Mark', 'Reyes', 'Lina', 7, NULL, NULL, NULL, '', NULL, NULL, NULL, NULL, NULL, NULL, NULL, NULL, NULL, NULL, NULL, NULL, NULL, NULL, NULL, NULL, NULL),
	(18, 40, '25-00019', 'Maria', 'Santos', 'Reyes', 3, 'Ana Reyes', '09171234501', NULL, NULL, '2019-03-15', 'Manila', 'Female', 'Brgy. San Antonio, Manila', NULL, NULL, NULL, NULL, NULL, NULL, NULL, NULL, NULL, NULL, NULL, NULL, NULL),
	(19, 41, '25-00020', 'Jose', 'Cruz', 'Garcia', 3, 'Pedro Garcia', '09171234502', NULL, NULL, '2019-07-22', 'Quezon City', 'Male', 'Brgy. Holy Spirit, QC', NULL, NULL, NULL, NULL, NULL, NULL, NULL, NULL, NULL, NULL, NULL, NULL, NULL),
	(20, 42, '25-00021', 'Ana', 'Lopez', 'Martinez', 3, 'Rosa Martinez', '09171234503', NULL, NULL, '2019-01-10', 'Pasig', 'Female', 'Brgy. Kapitolyo, Pasig', NULL, NULL, NULL, NULL, NULL, NULL, NULL, NULL, NULL, NULL, NULL, NULL, NULL),
	(21, 43, '25-00022', 'Carlos', 'Ramos', 'Hernandez', 13, 'Luis Hernandez', '09171234504', NULL, NULL, '2017-05-18', 'Marikina', 'Male', 'Brgy. Concepcion, Marikina', NULL, NULL, NULL, NULL, NULL, NULL, NULL, NULL, NULL, NULL, NULL, NULL, NULL),
	(22, 44, '25-00023', 'Sofia', 'Torres', 'Flores', 13, 'Carmen Flores', '09171234505', NULL, NULL, '2017-09-30', 'Taguig', 'Female', 'Brgy. Western Bicutan, Taguig', NULL, NULL, NULL, NULL, NULL, NULL, NULL, NULL, NULL, NULL, NULL, NULL, NULL),
	(23, 45, '25-00024', 'Miguel', 'Navarro', 'Rivera', 13, 'Roberto Rivera', '09171234506', NULL, NULL, '2017-02-14', 'Makati', 'Male', 'Brgy. Poblacion, Makati', NULL, NULL, NULL, NULL, NULL, NULL, NULL, NULL, NULL, NULL, NULL, NULL, NULL),
	(24, 46, '25-00025', 'Isabella', 'Mendoza', 'Santos', 13, 'Elena Santos', '09171234507', NULL, NULL, '2017-11-25', 'Manila', 'Female', 'Brgy. Sampaloc, Manila', NULL, NULL, NULL, NULL, NULL, NULL, NULL, NULL, NULL, NULL, NULL, NULL, NULL),
	(25, 47, '25-00026', 'Gabriel', 'Villanueva', 'Castillo', 14, 'Mario Castillo', '09171234508', NULL, NULL, '2015-06-12', 'Pasay', 'Male', 'Brgy. San Isidro, Pasay', NULL, NULL, NULL, NULL, NULL, NULL, NULL, NULL, NULL, NULL, NULL, NULL, NULL),
	(26, 48, '25-00027', 'Lucia', 'Dela Cruz', 'Morales', 14, 'Teresa Morales', '09171234509', NULL, NULL, '2015-08-08', 'Caloocan', 'Female', 'Brgy. Bagong Barrio, Caloocan', NULL, NULL, NULL, NULL, NULL, NULL, NULL, NULL, NULL, NULL, NULL, NULL, NULL),
	(27, 49, '25-00028', 'Rafael', 'Salazar', 'Aquino', 14, 'Diego Aquino', '09171234510', NULL, NULL, '2015-12-01', 'Las Pinas', 'Male', 'Brgy. Almanza, Las Pinas', NULL, NULL, NULL, NULL, NULL, NULL, NULL, NULL, NULL, NULL, NULL, NULL, NULL),
	(28, 50, '25-00029', 'Angelo', 'Bautista', 'Pascual', 6, 'Marta Pascual', '09181234501', NULL, NULL, '2009-04-20', 'Quezon City', 'Male', 'Brgy. Bagong Pag-asa, QC', NULL, NULL, NULL, NULL, NULL, NULL, 'QC National High School', 'Quezon City', '2023-2025', NULL, NULL, NULL, NULL),
	(29, 51, '25-00030', 'Patricia', 'Cordero', 'Villanueva', 6, 'Edith Villanueva', '09181234502', NULL, NULL, '2009-08-15', 'Manila', 'Female', 'Brgy. Ermita, Manila', NULL, NULL, NULL, NULL, NULL, NULL, 'Manila Science HS', 'Manila', '2023-2025', NULL, NULL, NULL, NULL),
	(30, 52, '25-00031', 'John', 'Espinoza', 'Ramos', 6, 'Henry Ramos', '09181234503', NULL, NULL, '2009-11-03', 'Pasig', 'Male', 'Brgy. Pinagbuhatan, Pasig', NULL, NULL, NULL, NULL, NULL, NULL, 'Pasig City Science HS', 'Pasig City', '2023-2025', NULL, NULL, NULL, NULL),
	(31, 53, '25-00032', 'Catherine', 'Francisco', 'Soriano', 6, 'Alex Soriano', '09181234504', NULL, NULL, '2009-02-28', 'Taguig', 'Female', 'Brgy. Signal Village, Taguig', NULL, NULL, NULL, NULL, NULL, NULL, 'Taguig City NHS', 'Taguig', '2023-2025', NULL, NULL, NULL, NULL),
	(32, 54, '25-00033', 'Ryan', 'Galvez', 'Mercado', 15, 'Sandra Mercado', '09181234505', NULL, NULL, '2009-06-17', 'Makati', 'Male', 'Brgy. Guadalupe, Makati', NULL, NULL, NULL, NULL, NULL, NULL, 'Makati Science HS', 'Makati', '2023-2025', NULL, NULL, NULL, NULL),
	(33, 55, '25-00034', 'Jasmine', 'Hidalgo', 'Cruz', 15, 'Gloria Cruz', '09181234506', NULL, NULL, '2009-10-09', 'Marikina', 'Female', 'Brgy. Sto. Nino, Marikina', NULL, NULL, NULL, NULL, NULL, NULL, 'Marikina HS', 'Marikina', '2023-2025', NULL, NULL, NULL, NULL),
	(34, 56, '25-00035', 'Kevin', 'Ignacio', 'Dela Rosa', 15, 'Ernesto Dela Rosa', '09181234507', NULL, NULL, '2009-01-25', 'San Juan', 'Male', 'Brgy. Corazon de Jesus, SJ', NULL, NULL, NULL, NULL, NULL, NULL, 'San Juan NHS', 'San Juan', '2023-2025', NULL, NULL, NULL, NULL),
	(35, 57, '25-00036', 'Erica', 'Jimenez', 'Torres', 16, 'Lydia Torres', '09181234508', NULL, NULL, '2009-07-14', 'Mandaluyong', 'Female', 'Brgy. Addition Hills, Mandaluyong', NULL, NULL, NULL, NULL, NULL, NULL, 'Mandaluyong HS', 'Mandaluyong', '2023-2025', NULL, NULL, NULL, NULL),
	(36, 58, '25-00037', 'Daniel', 'Lacson', 'Ocampo', 16, 'Felipe Ocampo', '09181234509', NULL, NULL, '2009-03-03', 'Paranaque', 'Male', 'Brgy. San Dionisio, Paranaque', NULL, NULL, NULL, NULL, NULL, NULL, 'Paranaque NHS', 'Paranaque', '2023-2025', NULL, NULL, NULL, NULL),
	(37, 59, '25-00038', 'Hannah', 'Magno', 'Reyes', 16, 'Victor Reyes', '09181234510', NULL, NULL, '2009-12-19', 'Valenzuela', 'Female', 'Brgy. Karuhatan, Valenzuela', NULL, NULL, NULL, NULL, NULL, NULL, 'Valenzuela NHS', 'Valenzuela', '2023-2025', NULL, NULL, NULL, NULL),
	(38, 60, '25-00039', 'Andrei', 'Santos', 'Villanueva', 7, 'Marco Villanueva', '09191234501', NULL, NULL, '2006-05-10', 'Manila', 'Male', 'Brgy. Tondo, Manila', 'Tondo Elementary School', 'Tondo, Manila', '2012-2015', 'Tondo Elementary School', 'Tondo, Manila', '2015-2018', 'Manila NHS', 'Manila', '2018-2022', 'Manila SHS', 'Manila', '2022-2024', 'STEM'),
	(39, 61, '25-00040', 'Christine', 'Reyes', 'Bautista', 7, 'Lorna Bautista', '09191234502', NULL, NULL, '2006-09-22', 'Quezon City', 'Female', 'Brgy. Tandang Sora, QC', 'QC Central Elementary', 'Quezon City', '2012-2015', 'QC Central Elementary', 'Quezon City', '2015-2018', 'QC Science HS', 'Quezon City', '2018-2022', 'QC SHS', 'Quezon City', '2022-2024', 'STEM'),
	(40, 62, '25-00041', 'Emmanuel', 'Cruz', 'Gonzales', 7, 'Lourdes Gonzales', '09191234503', NULL, NULL, '2006-01-15', 'Pasig', 'Male', 'Brgy. Ugong, Pasig', 'Pasig Elementary School', 'Pasig City', '2012-2015', 'Pasig Elementary School', 'Pasig City', '2015-2018', 'Pasig Science HS', 'Pasig City', '2018-2022', 'Pasig SHS', 'Pasig City', '2022-2024', 'STEM'),
	(41, 63, '25-00042', 'Diana', 'Lopez', 'Fernandez', 7, 'Ricardo Fernandez', '09191234504', NULL, NULL, '2006-11-30', 'Makati', 'Female', 'Brgy. Bel-Air, Makati', 'Makati Elementary School', 'Makati City', '2012-2015', 'Makati Elementary School', 'Makati City', '2015-2018', 'Makati Science HS', 'Makati City', '2018-2022', 'Makati SHS', 'Makati City', '2022-2024', 'ABM'),
	(42, 64, '25-00043', 'Francis', 'Torres', 'Mendoza', 8, 'Gloria Mendoza', '09191234505', NULL, NULL, '2006-03-08', 'Taguig', 'Male', 'Brgy. Fort Bonifacio, Taguig', 'Taguig Elementary School', 'Taguig City', '2012-2015', 'Taguig Elementary School', 'Taguig City', '2015-2018', 'Taguig City NHS', 'Taguig City', '2018-2022', 'Taguig SHS', 'Taguig City', '2022-2024', 'STEM'),
	(43, 65, '25-00044', 'Grace', 'Navarro', 'Salazar', 8, 'Reynaldo Salazar', '09191234506', NULL, NULL, '2006-07-19', 'Marikina', 'Female', 'Brgy. Industrial Valley, Marikina', 'Marikina Elem School', 'Marikina City', '2012-2015', 'Marikina Elem School', 'Marikina City', '2015-2018', 'Marikina HS', 'Marikina City', '2018-2022', 'Marikina SHS', 'Marikina City', '2022-2024', 'STEM'),
	(44, 66, '25-00045', 'Harold', 'Ramos', 'Aguilar', 8, 'Susana Aguilar', '09191234507', NULL, NULL, '2006-12-05', 'San Juan', 'Male', 'Brgy. Greenhills, San Juan', 'San Juan Elem School', 'San Juan City', '2012-2015', 'San Juan Elem School', 'San Juan City', '2015-2018', 'San Juan NHS', 'San Juan City', '2018-2022', 'San Juan SHS', 'San Juan City', '2022-2024', 'HUMSS'),
	(45, 67, '25-00046', 'Irene', 'Espiritu', 'De Leon', 8, 'Fernando De Leon', '09191234508', NULL, NULL, '2006-04-27', 'Caloocan', 'Female', 'Brgy. Grace Park, Caloocan', 'Caloocan Elem School', 'Caloocan City', '2012-2015', 'Caloocan Elem School', 'Caloocan City', '2015-2018', 'Caloocan NHS', 'Caloocan City', '2018-2022', 'Caloocan SHS', 'Caloocan City', '2022-2024', 'STEM'),
	(46, 68, '25-00047', 'Jerome', 'Villarosa', 'Tan', 18, 'William Tan', '09191234509', NULL, NULL, '2006-08-13', 'Paranaque', 'Male', 'Brgy. BF Homes, Paranaque', 'Paranaque Elem', 'Paranaque City', '2012-2015', 'Paranaque Elem', 'Paranaque City', '2015-2018', 'Paranaque NHS', 'Paranaque City', '2018-2022', 'Paranaque SHS', 'Paranaque City', '2022-2024', 'ICT'),
	(47, 69, '25-00048', 'Karen', 'Gutierrez', 'Lim', 18, 'Robert Lim', '09191234510', NULL, NULL, '2006-02-09', 'Las Pinas', 'Female', 'Brgy. Talon, Las Pinas', 'Las Pinas Elem', 'Las Pinas City', '2012-2015', 'Las Pinas Elem', 'Las Pinas City', '2015-2018', 'Las Pinas NHS', 'Las Pinas City', '2018-2022', 'Las Pinas SHS', 'Las Pinas City', '2022-2024', 'STEM'),
	(48, 70, '25-00049', 'Lorenzo', 'Perez', 'Chan', 7, 'Michael Chan', '09191234511', NULL, NULL, '2006-06-21', 'Muntinlupa', 'Male', 'Brgy. Alabang, Muntinlupa', 'Muntinlupa Elem', 'Muntinlupa City', '2012-2015', 'Muntinlupa Elem', 'Muntinlupa City', '2015-2018', 'Muntinlupa NHS', 'Muntinlupa City', '2018-2022', 'Muntinlupa SHS', 'Muntinlupa City', '2022-2024', 'STEM'),
	(49, 71, '25-00050', 'Nicole', 'Manalo', 'Sy', 18, 'James Sy', '09191234512', NULL, NULL, '2006-10-16', 'Valenzuela', 'Female', 'Brgy. Lingunan, Valenzuela', 'Valenzuela Elem', 'Valenzuela City', '2012-2015', 'Valenzuela Elem', 'Valenzuela City', '2015-2018', 'Valenzuela NHS', 'Valenzuela City', '2018-2022', 'Valenzuela SHS', 'Valenzuela City', '2022-2024', 'STEM'),
	(54, 82, '25-00100', 'John', 'Santos', 'Dela Cruz', 15, NULL, NULL, NULL, '', NULL, NULL, NULL, NULL, NULL, NULL, NULL, NULL, NULL, NULL, NULL, NULL, NULL, NULL, NULL, NULL, NULL),
	(55, 83, '25-00101', 'Jane', 'Lopez', 'Reyes', 7, NULL, NULL, NULL, 'Jr.', NULL, NULL, NULL, NULL, NULL, NULL, NULL, NULL, NULL, NULL, NULL, NULL, NULL, NULL, NULL, NULL, NULL),
	(56, 84, '26-00001', 'Shiela Mae', 'De Leon', 'Labosta', 8, NULL, NULL, NULL, '', NULL, NULL, NULL, NULL, NULL, NULL, NULL, NULL, NULL, NULL, NULL, NULL, NULL, NULL, NULL, NULL, NULL);

-- Dumping structure for table grading_system.tbl_subjects
CREATE TABLE IF NOT EXISTS `tbl_subjects` (
  `id` int NOT NULL AUTO_INCREMENT,
  `subjcode` varchar(20) CHARACTER SET utf8mb4 COLLATE utf8mb4_0900_ai_ci NOT NULL,
  `desc` varchar(100) CHARACTER SET utf8mb4 COLLATE utf8mb4_0900_ai_ci DEFAULT NULL,
  `unit` int DEFAULT NULL,
  `lec_u` int DEFAULT NULL,
  `lab_u` int DEFAULT NULL,
  `lec_h` int DEFAULT '0',
  `lab_h` int DEFAULT '0',
  `type` varchar(20) DEFAULT NULL,
  `education_level` enum('k12','college','both') DEFAULT 'both',
  `weight_category` varchar(30) DEFAULT 'core',
  `term_restriction` varchar(20) DEFAULT 'any',
  `status` varchar(20) DEFAULT 'active',
  PRIMARY KEY (`id`)
) ENGINE=InnoDB AUTO_INCREMENT=134 DEFAULT CHARSET=utf8mb4 COLLATE=utf8mb4_0900_ai_ci;

-- Dumping data for table grading_system.tbl_subjects: ~103 rows (approximately)
REPLACE INTO `tbl_subjects` (`id`, `subjcode`, `desc`, `unit`, `lec_u`, `lab_u`, `lec_h`, `lab_h`, `type`, `education_level`, `weight_category`, `term_restriction`, `status`) VALUES
	(27, 'MTB-MLE', 'Mother Tongue', NULL, NULL, NULL, 0, 0, 'Core', 'k12', 'languages', 'any', 'active'),
	(28, 'FIl', 'Filipino', NULL, NULL, NULL, 0, 0, 'Core', 'k12', 'languages', 'any', 'active'),
	(29, 'ENG', 'English', NULL, NULL, NULL, 0, 0, 'Core', 'k12', 'languages', 'any', 'active'),
	(30, 'MATH', 'Mathematics', NULL, NULL, NULL, 0, 0, 'Core', 'k12', 'science_math', 'any', 'active'),
	(31, 'AP', 'Araling Panlipunan', NULL, NULL, NULL, 0, 0, 'Core', 'k12', 'languages', 'any', 'active'),
	(32, 'SCI', 'Science', NULL, NULL, NULL, 0, 0, 'Core', 'k12', 'science_math', 'any', 'active'),
	(33, 'EsP', 'Edukasyon sa Pagpapakatao', NULL, NULL, NULL, 0, 0, 'Core', 'k12', 'languages', 'any', 'active'),
	(34, 'MAPEH', 'Music, Arts, Physical Education, Health', NULL, NULL, NULL, 0, 0, 'Core', 'k12', 'mapeh_epp', 'any', 'active'),
	(35, 'EPP', 'Edukasyong Pantahanan at Pangkabuhayan', NULL, NULL, NULL, 0, 0, 'Core', 'k12', 'mapeh_epp', 'any', 'active'),
	(36, 'TLE', 'Technology and Livelihood Education', NULL, NULL, NULL, 0, 0, 'Core', 'k12', 'mapeh_epp', 'any', 'active'),
	(37, 'GSP', 'General Shaping Paper', NULL, NULL, NULL, 0, 0, 'Core', 'k12', 'languages', 'any', 'active'),
	(38, 'ORALCOMM', 'Oral Communication in Context', NULL, NULL, NULL, 0, 0, 'Core', 'k12', 'core', 'term1', 'active'),
	(39, 'KOMPAN', 'Komunikasyon sa Pananaliksik sa Wika at Kulturang Pilipino', NULL, NULL, NULL, 0, 0, 'Core', 'k12', 'core', 'term1', 'active'),
	(40, 'GENMATH', 'General Mathematics', NULL, NULL, NULL, 0, 0, 'Core', 'k12', 'core', 'term1', 'active'),
	(41, 'EARTHSCI', 'Earth Science', NULL, NULL, NULL, 0, 0, 'Core', 'k12', 'core', 'term1', 'active'),
	(44, 'PHILO', 'Introduction to the Philosophy of the Human Person', NULL, NULL, NULL, 0, 0, 'Core', 'k12', 'core', 'term1', 'active'),
	(45, 'PE', 'Physical Education', NULL, NULL, NULL, 0, 0, 'Core', 'k12', 'core', 'term1', 'active'),
	(46, 'ICT', 'Empowerment Technologies (E-tech): ICT for Professional Tracks', NULL, NULL, NULL, 3, 0, 'Core', 'k12', 'academic', 'term1', 'active'),
	(47, 'EAPP', 'English for Academic and Professional Purposes', NULL, NULL, NULL, 0, 0, 'Core', 'k12', 'academic', 'term1', 'active'),
	(48, 'PRECAL', 'Pre-Calculus', NULL, NULL, NULL, 0, 0, 'Core', 'k12', 'academic', 'term1', 'active'),
	(49, 'RWS', 'Reading and Writing Skills', NULL, NULL, NULL, 0, 0, 'Core', 'k12', 'core', 'term2', 'active'),
	(50, '21STCENTURY', '21st Century Literature from the Philippines and the World', NULL, NULL, NULL, 0, 0, 'Core', 'k12', 'core', 'term2', 'active'),
	(51, 'PAGBASA', 'Pagbasa at Pagsusuri ng Iba&#039;t-ibang Teksto Tungo sa Pananaliksik', NULL, NULL, NULL, 0, 0, 'Core', 'k12', 'core', 'term2', 'active'),
	(52, 'STATSPROB', 'Statistics and Probability', NULL, NULL, NULL, 0, 0, 'Core', 'k12', 'core', 'term2', 'active'),
	(53, 'MIL', 'Media and Information Literacy', NULL, NULL, NULL, 0, 0, 'Core', 'k12', 'core', 'term2', 'active'),
	(54, 'PERDEV', 'Personal Development', NULL, NULL, NULL, 0, 0, 'Core', 'k12', 'core', 'term2', 'active'),
	(55, 'PEH', 'Physical Education and Health', NULL, NULL, NULL, 0, 0, 'Core', 'k12', 'core', 'term2', 'active'),
	(56, 'BASICCAL', 'Basic Calculus', NULL, NULL, NULL, 3, 0, 'Core', 'both', 'academic', 'term2', 'active'),
	(57, 'GENCHEM1', 'General Chemistry 1', NULL, NULL, NULL, 0, 0, 'Core', 'k12', 'academic', 'term2', 'active'),
	(58, 'CPAR', 'Contemporary Philippine Arts from the Regions', NULL, NULL, NULL, 0, 0, 'Core', 'k12', 'core', 'term1', 'active'),
	(59, 'DRRRM', 'Disaster Readiness and Risk Reduction Management', NULL, NULL, NULL, 0, 0, 'Core', 'k12', 'core', 'term1', 'active'),
	(60, 'UCCP', 'Understanding Culture, Society and Politics', NULL, NULL, NULL, 0, 0, 'Core', 'k12', 'core', 'term1', 'active'),
	(61, 'RESEARCH1', 'Research in Daily Life 1', NULL, NULL, NULL, 0, 0, 'Core', 'k12', 'academic', 'term1', 'active'),
	(62, 'GENPHY1', 'General Physics 1', NULL, NULL, NULL, 0, 0, 'Core', 'k12', 'academic', 'term1', 'active'),
	(63, 'GENBIO1', 'General Biology 1', NULL, NULL, NULL, 0, 0, 'Core', 'k12', 'academic', 'term1', 'active'),
	(64, 'RESEARCH2', 'Research in Daily Life 2', NULL, NULL, NULL, 3, 0, 'Core', 'both', 'academic', 'term2', 'active'),
	(65, 'ENTREP', 'Entrepreneurship', NULL, NULL, NULL, 0, 0, 'Core', 'k12', 'academic', 'term2', 'active'),
	(66, 'PAGSULAT', 'Pagsulat sa Filipino sa Pilijng Larangan', NULL, NULL, NULL, 0, 0, 'Core', 'k12', 'academic', 'term2', 'active'),
	(67, 'GENPHY2', 'General Physics 2', NULL, NULL, NULL, 0, 0, 'Core', 'k12', 'academic', 'term2', 'active'),
	(68, 'GENBIO2', 'General Biology 2', NULL, NULL, NULL, 0, 0, 'Core', 'k12', 'academic', 'term2', 'active'),
	(69, 'GENCHEM2', 'General Chemistry 2', NULL, NULL, NULL, 0, 0, 'Core', 'k12', 'academic', 'term2', 'active'),
	(70, 'IMMERSION', 'Inquiries, Investigations, and Immersion', NULL, NULL, NULL, 0, 0, 'Core', 'k12', 'academic', 'term2', 'active'),
	(71, 'CAPSTONE', 'Capstone Project', NULL, NULL, NULL, 0, 0, 'Core', 'k12', 'academic', 'term2', 'active'),
	(72, 'SOFTENG1', 'Software Engineering 1', 3, 3, 3, 3, 3, 'Major', 'college', 'core', 'term1', 'active'),
	(73, 'GEC101', 'Understanding the Self', 3, 3, 0, 3, 0, 'Minor', 'college', 'core', 'any', 'active'),
	(74, 'GEC102', 'Readings in Philippine History', 3, 3, 0, 3, 0, 'Minor', 'college', 'core', 'any', 'active'),
	(75, 'GEC103', 'The Contemporary World', 3, 3, 0, 3, 0, 'Minor', 'college', 'core', 'any', 'active'),
	(76, 'GEC104', 'Mathematics in the Modern World', 3, 3, 0, 3, 0, 'Minor', 'college', 'core', 'any', 'active'),
	(77, 'GEC105', 'Purposive Communication', 3, 3, 0, 3, 0, 'Minor', 'college', 'core', 'any', 'active'),
	(78, 'CC101', 'Introduction to Computing', 3, 2, 1, 2, 3, 'Major', 'college', 'core', 'any', 'active'),
	(79, 'CC102', 'Computer Programming 1', 3, 2, 1, 2, 3, 'Major', 'college', 'core', 'any', 'active'),
	(80, 'CC103', 'Computer Programming 2', 3, 2, 1, 2, 3, 'Major', 'college', 'core', 'any', 'active'),
	(81, 'PE1', 'Physical Education 1 - Movement Enhancement', 2, 1, 1, 1, 2, 'Minor', 'college', 'core', 'any', 'active'),
	(82, 'NSTP1', 'National Service Training Program 1', 3, 3, 0, 3, 0, 'Minor', 'college', 'core', 'any', 'active'),
	(83, 'NCM100', 'Theoretical Foundations of Nursing', 3, 3, 0, 3, 0, 'Major', 'college', 'core', 'any', 'active'),
	(84, 'NCM101', 'Fundamentals of Nursing Practice', 5, 3, 2, 3, 6, 'Major', 'college', 'core', 'any', 'active'),
	(85, 'ANAT01', 'Human Anatomy and Physiology', 5, 3, 2, 3, 6, 'Major', 'college', 'core', 'any', 'active'),
	(86, 'BIO101', 'General Biology for Health Sciences', 3, 2, 1, 2, 3, 'Major', 'college', 'core', 'any', 'active'),
	(87, 'CHEM01', 'General Chemistry for Health Sciences', 3, 2, 1, 2, 3, 'Major', 'college', 'core', 'any', 'active'),
	(88, 'CC104', 'Data Structures and Algorithms', 3, 2, 1, 3, 3, 'Major', 'college', 'core', 'any', 'active'),
	(89, 'CC105', 'Information Management', 3, 2, 1, 3, 3, 'Major', 'college', 'core', 'any', 'active'),
	(90, 'CC106', 'Application Development', 3, 2, 1, 3, 3, 'Major', 'college', 'core', 'any', 'active'),
	(91, 'CS101', 'Discrete Mathematics', 3, 3, 0, 3, 0, 'Major', 'college', 'science_math', 'any', 'active'),
	(92, 'CS102', 'Object-Oriented Programming', 3, 2, 1, 3, 3, 'Major', 'college', 'core', 'any', 'active'),
	(93, 'CS103', 'Architecture and Organization', 3, 3, 0, 3, 0, 'Major', 'college', 'core', 'any', 'active'),
	(94, 'CS104', 'Operating Systems', 3, 2, 1, 3, 3, 'Major', 'college', 'core', 'any', 'active'),
	(95, 'CS105', 'Networks and Communications', 3, 2, 1, 3, 3, 'Major', 'college', 'core', 'any', 'active'),
	(96, 'CS106', 'Automata Theory and Formal Languages', 3, 3, 0, 3, 0, 'Major', 'college', 'core', 'any', 'active'),
	(97, 'CS107', 'Algorithms and Complexity', 3, 3, 0, 3, 0, 'Major', 'college', 'science_math', 'any', 'active'),
	(98, 'CS108', 'Programming Languages', 3, 2, 1, 3, 3, 'Major', 'college', 'core', 'any', 'active'),
	(99, 'CS109', 'Software Engineering 2', 3, 2, 1, 3, 3, 'Major', 'college', 'core', 'any', 'active'),
	(100, 'CS110', 'Intelligent Systems', 3, 2, 1, 3, 3, 'Major', 'college', 'core', 'any', 'active'),
	(101, 'CS-ELEC1', 'CS Elective 1', 3, 2, 1, 3, 3, 'Major', 'college', 'core', 'any', 'active'),
	(102, 'CS-ELEC2', 'CS Elective 2', 3, 2, 1, 3, 3, 'Major', 'college', 'core', 'any', 'active'),
	(103, 'CS-THESIS1', 'Thesis Writing 1', 3, 1, 2, 1, 6, 'Major', 'college', 'core', 'any', 'active'),
	(104, 'CS-THESIS2', 'Thesis Writing 2', 3, 1, 2, 1, 6, 'Major', 'college', 'core', 'any', 'active'),
	(105, 'CS-OJT', 'On-the-Job Training', 3, 0, 3, 0, 9, 'Major', 'college', 'core', 'any', 'active'),
	(106, 'GEC106', 'Art Appreciation', 3, 3, 0, 3, 0, 'Minor', 'college', 'core', 'any', 'active'),
	(107, 'GEC107', 'Science, Technology and Society', 3, 3, 0, 3, 0, 'Minor', 'college', 'core', 'any', 'active'),
	(108, 'GEC108', 'Ethics', 3, 3, 0, 3, 0, 'Minor', 'college', 'core', 'any', 'active'),
	(109, 'GEC109', 'Life and Works of Rizal', 3, 3, 0, 3, 0, 'Minor', 'college', 'core', 'any', 'active'),
	(110, 'PE2', 'Physical Education 2 - Fitness Activities', 2, 1, 1, 2, 2, 'Minor', 'college', 'core', 'any', 'active'),
	(111, 'PE3', 'Physical Education 3 - Team Sports', 2, 1, 1, 2, 2, 'Minor', 'college', 'core', 'any', 'active'),
	(112, 'PE4', 'Physical Education 4 - Recreation', 2, 1, 1, 2, 2, 'Minor', 'college', 'core', 'any', 'active'),
	(113, 'NSTP2', 'National Service Training Program 2', 3, 3, 0, 3, 0, 'Minor', 'college', 'core', 'any', 'active'),
	(114, 'MATH01', 'Linear Algebra', 3, 3, 0, 3, 0, 'Minor', 'college', 'science_math', 'any', 'active'),
	(115, 'STAT01', 'Probability and Statistics', 3, 3, 0, 3, 0, 'Minor', 'college', 'science_math', 'any', 'active'),
	(116, 'NCM102', 'Health Assessment', 4, 2, 2, 3, 6, 'Major', 'college', 'core', 'any', 'active'),
	(117, 'NCM103', 'Pharmacology', 3, 3, 0, 3, 0, 'Major', 'college', 'core', 'any', 'active'),
	(118, 'NCM104', 'Care of Mother, Child, and Adolescent (Well)', 5, 3, 2, 3, 6, 'Major', 'college', 'core', 'any', 'active'),
	(119, 'NCM105', 'Care of Mother, Child, and Adolescent (At Risk)', 5, 3, 2, 3, 6, 'Major', 'college', 'core', 'any', 'active'),
	(120, 'NCM106', 'Care of Clients with Problems in Oxygenation', 5, 3, 2, 3, 6, 'Major', 'college', 'core', 'any', 'active'),
	(121, 'NCM107', 'Care of Clients with Maladaptive Patterns', 5, 3, 2, 3, 6, 'Major', 'college', 'core', 'any', 'active'),
	(122, 'NCM108', 'Community Health Nursing 1', 4, 2, 2, 3, 6, 'Major', 'college', 'core', 'any', 'active'),
	(123, 'NCM109', 'Community Health Nursing 2', 4, 2, 2, 3, 6, 'Major', 'college', 'core', 'any', 'active'),
	(124, 'NCM110', 'Nursing Research 1', 3, 2, 1, 3, 3, 'Major', 'college', 'core', 'any', 'active'),
	(125, 'NCM111', 'Nursing Research 2', 3, 2, 1, 3, 3, 'Major', 'college', 'core', 'any', 'active'),
	(126, 'NCM112', 'Nursing Leadership and Management', 4, 2, 2, 3, 6, 'Major', 'college', 'core', 'any', 'active'),
	(127, 'NCM-RLE1', 'Related Learning Experience 1', 2, 0, 2, 0, 6, 'Major', 'college', 'core', 'any', 'active'),
	(128, 'NCM-RLE2', 'Related Learning Experience 2', 3, 0, 3, 0, 9, 'Major', 'college', 'core', 'any', 'active'),
	(129, 'NCM-RLE3', 'Related Learning Experience 3', 3, 0, 3, 0, 9, 'Major', 'college', 'core', 'any', 'active'),
	(130, 'NCM-RLE4', 'Related Learning Experience 4', 4, 0, 4, 0, 12, 'Major', 'college', 'core', 'any', 'active'),
	(131, 'MICRO01', 'Microbiology and Parasitology', 3, 2, 1, 3, 3, 'Major', 'college', 'science_math', 'any', 'active'),
	(132, 'BIOCHEM01', 'Biochemistry', 3, 2, 1, 3, 3, 'Major', 'college', 'science_math', 'any', 'active'),
	(133, 'NUT01', 'Nutrition and Diet Therapy', 3, 3, 0, 3, 0, 'Major', 'college', 'core', 'any', 'active');

-- Dumping structure for table grading_system.tbl_subject_prerequisites
CREATE TABLE IF NOT EXISTS `tbl_subject_prerequisites` (
  `id` int NOT NULL AUTO_INCREMENT,
  `subject_id` int NOT NULL COMMENT 'The subject that requires prerequisites',
  `prerequisite_subject_id` int NOT NULL COMMENT 'The required prerequisite subject',
  `min_grade` decimal(5,2) DEFAULT '75.00' COMMENT 'Minimum grade required to pass prerequisite',
  `status` varchar(20) DEFAULT 'active',
  `created_at` datetime DEFAULT CURRENT_TIMESTAMP,
  PRIMARY KEY (`id`),
  UNIQUE KEY `unique_prereq` (`subject_id`,`prerequisite_subject_id`),
  KEY `subject_id` (`subject_id`),
  KEY `prerequisite_subject_id` (`prerequisite_subject_id`),
  CONSTRAINT `tbl_subject_prerequisites_ibfk_1` FOREIGN KEY (`subject_id`) REFERENCES `tbl_subjects` (`id`),
  CONSTRAINT `tbl_subject_prerequisites_ibfk_2` FOREIGN KEY (`prerequisite_subject_id`) REFERENCES `tbl_subjects` (`id`)
) ENGINE=InnoDB AUTO_INCREMENT=2 DEFAULT CHARSET=utf8mb4 COLLATE=utf8mb4_0900_ai_ci;

-- Dumping data for table grading_system.tbl_subject_prerequisites: ~0 rows (approximately)

-- Dumping structure for table grading_system.tbl_sy
CREATE TABLE IF NOT EXISTS `tbl_sy` (
  `id` int NOT NULL AUTO_INCREMENT,
  `sy_name` varchar(20) NOT NULL,
  `start_date` date DEFAULT NULL,
  `end_date` date DEFAULT NULL,
  `status` enum('active','closed','archived') DEFAULT 'active',
  PRIMARY KEY (`id`)
) ENGINE=InnoDB AUTO_INCREMENT=5 DEFAULT CHARSET=utf8mb4 COLLATE=utf8mb4_0900_ai_ci;

-- Dumping data for table grading_system.tbl_sy: ~2 rows (approximately)
REPLACE INTO `tbl_sy` (`id`, `sy_name`, `start_date`, `end_date`, `status`) VALUES
	(2, '2025-2026', '2025-06-01', '2026-03-31', 'closed'),
	(3, '2024-2025', '2024-06-01', '2025-03-31', 'closed'),
	(4, '2026-2027', '2026-06-01', '2027-03-31', 'active');

-- Dumping structure for table grading_system.tbl_teacher
CREATE TABLE IF NOT EXISTS `tbl_teacher` (
  `id` int NOT NULL AUTO_INCREMENT,
  `user_id` int DEFAULT NULL,
  `name` varchar(100) CHARACTER SET utf8mb4 COLLATE utf8mb4_0900_ai_ci DEFAULT NULL,
  `email` varchar(100) CHARACTER SET utf8mb4 COLLATE utf8mb4_0900_ai_ci DEFAULT NULL,
  PRIMARY KEY (`id`),
  KEY `user_id` (`user_id`),
  CONSTRAINT `tbl_teacher_ibfk_1` FOREIGN KEY (`user_id`) REFERENCES `tbl_users` (`id`)
) ENGINE=InnoDB AUTO_INCREMENT=18 DEFAULT CHARSET=utf8mb4 COLLATE=utf8mb4_0900_ai_ci;

-- Dumping data for table grading_system.tbl_teacher: ~5 rows (approximately)
REPLACE INTO `tbl_teacher` (`id`, `user_id`, `name`, `email`) VALUES
	(3, 9, 'T. Sarmiento', 'sarmiento@example.com'),
	(4, 10, 'T. Detorres', 'detorres@example.com'),
	(5, 37, 'T. Reyes', 'reyes@example.com'),
	(6, 38, 'T. Santos', 'santos@example.com'),
	(7, 39, 'T. Garcia', 'garcia@example.com');

-- Dumping structure for table grading_system.tbl_teacher_subject
CREATE TABLE IF NOT EXISTS `tbl_teacher_subject` (
  `id` int NOT NULL AUTO_INCREMENT,
  `teacher_id` int DEFAULT NULL,
  `section_id` int DEFAULT NULL,
  `subject_id` int DEFAULT NULL,
  `sy_id` int DEFAULT NULL,
  `status` varchar(20) DEFAULT 'active',
  PRIMARY KEY (`id`),
  KEY `teacher_id` (`teacher_id`),
  KEY `section_id` (`section_id`),
  KEY `subject_id` (`subject_id`),
  KEY `sy_id` (`sy_id`),
  CONSTRAINT `tbl_teacher_subject_ibfk_1` FOREIGN KEY (`teacher_id`) REFERENCES `tbl_teacher` (`id`),
  CONSTRAINT `tbl_teacher_subject_ibfk_2` FOREIGN KEY (`section_id`) REFERENCES `tbl_section` (`id`),
  CONSTRAINT `tbl_teacher_subject_ibfk_3` FOREIGN KEY (`subject_id`) REFERENCES `tbl_subjects` (`id`),
  CONSTRAINT `tbl_teacher_subject_ibfk_4` FOREIGN KEY (`sy_id`) REFERENCES `tbl_sy` (`id`)
) ENGINE=InnoDB AUTO_INCREMENT=85 DEFAULT CHARSET=utf8mb4 COLLATE=utf8mb4_0900_ai_ci;

-- Dumping data for table grading_system.tbl_teacher_subject: ~72 rows (approximately)
REPLACE INTO `tbl_teacher_subject` (`id`, `teacher_id`, `section_id`, `subject_id`, `sy_id`, `status`) VALUES
	(13, 3, 3, 29, 2, 'active'),
	(14, 3, 5, 29, 2, 'active'),
	(15, 3, 6, 38, 2, 'active'),
	(16, 3, 3, 32, 2, 'active'),
	(17, 3, 7, 72, 2, 'active'),
	(18, 5, 3, 29, 2, 'active'),
	(19, 5, 3, 28, 2, 'active'),
	(20, 5, 3, 30, 2, 'active'),
	(21, 5, 3, 32, 2, 'active'),
	(22, 5, 3, 31, 2, 'active'),
	(23, 5, 3, 33, 2, 'active'),
	(24, 5, 3, 34, 2, 'active'),
	(25, 5, 3, 35, 2, 'active'),
	(26, 5, 3, 36, 2, 'active'),
	(27, 5, 3, 27, 2, 'active'),
	(28, 5, 13, 29, 2, 'active'),
	(29, 5, 13, 28, 2, 'active'),
	(30, 5, 13, 30, 2, 'active'),
	(31, 5, 13, 32, 2, 'active'),
	(32, 5, 13, 31, 2, 'active'),
	(33, 5, 13, 33, 2, 'active'),
	(34, 5, 13, 34, 2, 'active'),
	(35, 5, 13, 35, 2, 'active'),
	(36, 5, 13, 36, 2, 'active'),
	(37, 5, 13, 27, 2, 'active'),
	(38, 5, 14, 29, 2, 'active'),
	(39, 5, 14, 28, 2, 'active'),
	(40, 5, 14, 30, 2, 'active'),
	(41, 5, 14, 32, 2, 'active'),
	(42, 5, 14, 31, 2, 'active'),
	(43, 5, 14, 33, 2, 'active'),
	(44, 5, 14, 34, 2, 'active'),
	(45, 5, 14, 35, 2, 'active'),
	(46, 5, 14, 36, 2, 'active'),
	(47, 5, 14, 27, 2, 'active'),
	(48, 6, 6, 38, 2, 'active'),
	(49, 6, 6, 40, 2, 'active'),
	(50, 6, 6, 41, 2, 'active'),
	(51, 6, 6, 44, 2, 'active'),
	(52, 6, 6, 45, 2, 'active'),
	(53, 6, 6, 48, 2, 'active'),
	(54, 6, 6, 39, 2, 'active'),
	(55, 6, 6, 46, 2, 'active'),
	(56, 6, 15, 38, 2, 'active'),
	(57, 6, 15, 40, 2, 'active'),
	(58, 6, 15, 44, 2, 'active'),
	(59, 6, 15, 45, 2, 'active'),
	(60, 6, 15, 39, 2, 'active'),
	(61, 6, 15, 46, 2, 'active'),
	(62, 6, 15, 54, 2, 'active'),
	(63, 6, 15, 65, 2, 'active'),
	(64, 6, 16, 38, 2, 'active'),
	(65, 6, 16, 40, 2, 'active'),
	(66, 6, 16, 44, 2, 'active'),
	(67, 6, 16, 45, 2, 'active'),
	(68, 6, 16, 39, 2, 'active'),
	(69, 6, 16, 46, 2, 'active'),
	(70, 6, 16, 54, 2, 'active'),
	(71, 6, 16, 60, 2, 'active'),
	(72, 7, 7, 72, 2, 'active'),
	(73, 7, 7, 73, 2, 'active'),
	(74, 7, 7, 76, 2, 'active'),
	(75, 7, 7, 78, 2, 'active'),
	(76, 7, 7, 81, 2, 'active'),
	(77, 7, 7, 82, 2, 'active'),
	(78, 7, 8, 73, 2, 'active'),
	(79, 7, 8, 83, 2, 'active'),
	(80, 7, 8, 85, 2, 'active'),
	(81, 7, 8, 86, 2, 'active'),
	(82, 7, 18, 73, 2, 'active'),
	(83, 7, 18, 78, 2, 'active'),
	(84, 7, 18, 76, 2, 'active');

-- Dumping structure for table grading_system.tbl_term
CREATE TABLE IF NOT EXISTS `tbl_term` (
  `id` int NOT NULL AUTO_INCREMENT,
  `sy_id` int DEFAULT NULL,
  `term_name` varchar(50) NOT NULL,
  `start_date` date DEFAULT NULL,
  `end_date` date DEFAULT NULL,
  `status` varchar(20) DEFAULT 'active',
  PRIMARY KEY (`id`),
  KEY `sy_id` (`sy_id`),
  CONSTRAINT `tbl_term_ibfk_1` FOREIGN KEY (`sy_id`) REFERENCES `tbl_sy` (`id`)
) ENGINE=InnoDB AUTO_INCREMENT=25 DEFAULT CHARSET=utf8mb4 COLLATE=utf8mb4_0900_ai_ci;

-- Dumping data for table grading_system.tbl_term: ~8 rows (approximately)
REPLACE INTO `tbl_term` (`id`, `sy_id`, `term_name`, `start_date`, `end_date`, `status`) VALUES
	(13, 2, 'Semester 1', '2025-06-01', '2025-10-31', 'active'),
	(14, 2, 'Semester 2', '2025-11-01', '2026-03-31', 'active'),
	(15, 2, 'Summer', '2026-04-01', '2026-05-31', 'active'),
	(16, 4, 'Semester 1', '2026-06-01', '2026-10-31', 'active'),
	(17, 4, 'Semester 2', '2026-11-01', '2027-03-31', 'active'),
	(18, 4, 'Summer', '2027-04-01', '2027-05-31', 'active'),
	(22, 3, 'Semester 1', '2024-06-01', '2024-10-31', 'closed'),
	(23, 3, 'Semester 2', '2024-11-01', '2025-03-31', 'closed'),
	(24, 3, 'Summer', '2025-04-01', '2025-05-31', 'closed');

-- Dumping structure for table grading_system.tbl_users
CREATE TABLE IF NOT EXISTS `tbl_users` (
  `id` int NOT NULL AUTO_INCREMENT,
  `username` varchar(50) NOT NULL,
  `password` varchar(255) NOT NULL,
  `role` enum('admin','teacher','student','principal','dean','registrar') NOT NULL,
  `status` varchar(20) DEFAULT 'active',
  `created_at` datetime DEFAULT CURRENT_TIMESTAMP,
  `updated_at` datetime DEFAULT CURRENT_TIMESTAMP ON UPDATE CURRENT_TIMESTAMP,
  PRIMARY KEY (`id`),
  UNIQUE KEY `username` (`username`)
) ENGINE=InnoDB AUTO_INCREMENT=85 DEFAULT CHARSET=utf8mb4 COLLATE=utf8mb4_0900_ai_ci;

-- Dumping data for table grading_system.tbl_users: ~49 rows (approximately)
REPLACE INTO `tbl_users` (`id`, `username`, `password`, `role`, `status`, `created_at`, `updated_at`) VALUES
	(7, 'admin1', '$2y$10$8QtF8/wsIK4gIU4hRaPiEuna1tsKTYDB2RGq7F8vaLNTI8dj8zBwK', 'admin', 'active', '2026-01-28 18:27:31', '2026-03-07 09:55:47'),
	(8, 'admin2', '$2y$10$FrxRECK0yzB2UhHq6X7dle.EMzHHxvrEA/bmisNuCcDF7FRLa170a', 'admin', 'active', '2026-01-28 18:27:31', '2026-03-07 09:55:47'),
	(9, 't_sarmiento', '$2y$10$O5XWDoOcAVckAXBp5u.A8.Ril7FyGAO3e8ieOrJIZZO/6MhmnK/oG', 'teacher', 'active', '2026-01-28 18:27:31', '2026-03-07 09:55:47'),
	(10, 't_deTorres', '$2y$10$DoO9gQxjafZVcSb497s9auj5p/5VPqbtMcBbje5QBIt1chr9sc.3S', 'teacher', 'active', '2026-01-28 18:27:31', '2026-03-07 09:55:47'),
	(26, 'p_inciong', '$2y$10$4D2tDZ1HvV/2770h1C5tJuCm8pDoYVx94TIKy6zXptof7uMDqciI2', 'principal', 'active', '2026-02-26 14:05:29', '2026-03-07 09:55:47'),
	(30, 'p_deleon', '$2y$10$PcZCkgvuGf9IDM5LVdJWju.qbFDvtSHRdiIShwXvQ7q482./5Wmdi', 'principal', 'active', '2026-02-26 14:35:41', '2026-03-07 09:55:48'),
	(31, '25-00015', '$2y$10$rOMGsym93lAO06Yc6L42QuSFWBT2I2PP8zRpa5c45G93j1mEwZD.q', 'student', 'active', '2026-02-26 14:50:31', '2026-03-07 09:55:48'),
	(32, '25-00016', '$2y$10$PMzc2qrkLANCK/FkVYB3jeLFkjTREC.0sNsEJz3wCOP5oH6QUoG5a', 'student', 'active', '2026-02-26 14:52:11', '2026-03-07 09:55:48'),
	(33, '25-00017', '$2y$10$fjQPBuXSib5BdjpU8efdc./VkbIMYG8M.hnsQgJYZI1ZchGaMNDUO', 'student', 'active', '2026-02-26 17:36:12', '2026-03-07 09:55:48'),
	(34, 'd_ccte', '$2y$10$BXZYL8PAgk0o/KK7rGWM.uQDME8rsUGlLWaRNykfBahr/6sCnf.Ii', 'dean', 'active', '2026-02-27 11:18:25', '2026-03-07 09:55:48'),
	(35, '25-00018', '$2y$10$wWa7llez2RfOSSg146dphuJ3YYdvr1IsrIhzHypY3HYpJnzEuq94G', 'student', 'active', '2026-02-27 11:20:21', '2026-03-07 09:55:48'),
	(36, 'registrar1', '$2y$10$u7/jGpthFZOB0vzCbhpgY.LGQv5cJmgQxJRmGTjwKJeEOtOfiowMy', 'registrar', 'active', '2026-03-03 16:39:07', '2026-03-07 09:55:48'),
	(37, 't_reyes', '$2y$10$QngvAy8qKocwCWLDr.Rn6.Qe9fwqMQT/kQAAZLjA6O8qPaK33sgfG', 'teacher', 'active', '2026-03-05 10:50:19', '2026-03-07 09:55:49'),
	(38, 't_santos', '$2y$10$r.bFXJOZcuwMtHun7CgPC.byubUXvQ5OqAwsXmzimXxIsgeCOCYv2', 'teacher', 'active', '2026-03-05 10:50:19', '2026-03-07 09:55:49'),
	(39, 't_garcia', '$2y$10$.fK3uL0KnxpUV6aEn.ontuAbDfrtPJUXkt5OLMJRiB7w3IWSlvBUq', 'teacher', 'active', '2026-03-05 10:50:19', '2026-03-07 09:55:49'),
	(40, '25-00019', '$2y$10$QeBg0u8O0CjmMbkVFmIghe1na6Gn7V/IXi6D.XfYZcoOrG0fn2Jv.', 'student', 'active', '2026-03-05 10:50:19', '2026-03-07 09:55:49'),
	(41, '25-00020', '$2y$10$rZQ8/2WzWR2wFGU4ophLVufdgnWtqjCGRRNvCRj0SNzaVr2BEylWy', 'student', 'active', '2026-03-05 10:50:19', '2026-03-07 09:55:49'),
	(42, '25-00021', '$2y$10$226WbzlBrw0PH7tfLCvEsO.Sjp9d3A1TCBstrz2L/BjC.piwD6uTi', 'student', 'active', '2026-03-05 10:50:19', '2026-03-07 09:55:49'),
	(43, '25-00022', '$2y$10$QwvXOifYEcnX84..FaImee7TDweH5nxLuooW3nUCQ2LfKu0nhVia6', 'student', 'active', '2026-03-05 10:50:19', '2026-03-07 09:55:49'),
	(44, '25-00023', '$2y$10$Ha0ZSgPxzezd7AROWMlszuFgqVC0QLAHKKeUHJ3UacPSzEr26YRdC', 'student', 'active', '2026-03-05 10:50:19', '2026-03-07 09:55:49'),
	(45, '25-00024', '$2y$10$evZW8GQEpnuXxQUCXP6uW.KLa4/08jRG5GrChQpaM4swh7uwx0vWy', 'student', 'active', '2026-03-05 10:50:19', '2026-03-07 09:55:50'),
	(46, '25-00025', '$2y$10$UkK2UN/JTpPj78f9FpAQt.YJL3RywptSyK.z/zPwRK2wzMeDmglji', 'student', 'active', '2026-03-05 10:50:19', '2026-03-07 09:55:50'),
	(47, '25-00026', '$2y$10$DHJmyDcfpa0IjpWNgw.jWOnNMhvvXuZ370MRWgR8H4Y.0ctO3TRUi', 'student', 'active', '2026-03-05 10:50:19', '2026-03-07 09:55:50'),
	(48, '25-00027', '$2y$10$3A6uA7RmIKvYs6DdL2T8veHaDdak2xYflUGlvDLLn2z.C.Yht961K', 'student', 'active', '2026-03-05 10:50:19', '2026-03-07 09:55:50'),
	(49, '25-00028', '$2y$10$IJGXFMxcJxkq9Jn1w7hgcexHMIeG7rex8mbZawiE4MBBlPUD03huS', 'student', 'active', '2026-03-05 10:50:19', '2026-03-07 09:55:50'),
	(50, '25-00029', '$2y$10$kyfHL9caPMeBh9MQUuEg5O3vj5sNtGbLXpyBLMiBDdikAPvHTYfI6', 'student', 'active', '2026-03-05 10:50:19', '2026-03-07 09:55:50'),
	(51, '25-00030', '$2y$10$r0lf7DmJU3pUahCCWSxH1uUxIWdY0j6.HzTviBspHl8kJtjzscS2W', 'student', 'active', '2026-03-05 10:50:19', '2026-03-07 09:55:50'),
	(52, '25-00031', '$2y$10$nr.M4PPUptGlZCzBKkhMWu7j2GfcbGm7mTttdC7jWgX8RAVWThjAm', 'student', 'active', '2026-03-05 10:50:19', '2026-03-07 09:55:50'),
	(53, '25-00032', '$2y$10$32QwMrgVI9bpgEVFA58Yse9ypYyEYUIwMBPbry/e7L4vYhflTU/tW', 'student', 'active', '2026-03-05 10:50:19', '2026-03-07 09:55:50'),
	(54, '25-00033', '$2y$10$HUYXUcbZBnTndR8qgN5V1ux5sb6ZOq8ZmVeJj1d.FL.uM4d/Xln4e', 'student', 'active', '2026-03-05 10:50:19', '2026-03-07 09:55:51'),
	(55, '25-00034', '$2y$10$BXgfPaKSIhYXE55ekLvORuE8Qp9tnLJBczJnzEsMrHIAMcvwO7gS6', 'student', 'active', '2026-03-05 10:50:19', '2026-03-07 09:55:51'),
	(56, '25-00035', '$2y$10$uHLVPBjRKy9MUsupZoR1mevLYazBlf8VWPWvHPwcotKGTkRZOuAb2', 'student', 'active', '2026-03-05 10:50:19', '2026-03-07 09:55:51'),
	(57, '25-00036', '$2y$10$DqTSMrFKVyWHjt1XKaH/.Og27aDdWql2CdnY0zXYQTFZ4PwzGqzPi', 'student', 'active', '2026-03-05 10:50:19', '2026-03-07 09:55:51'),
	(58, '25-00037', '$2y$10$Dh.grGYIGIOiMng04dURoOfLZsbscLofwTl8Cm7dw604d3w/Wo7tW', 'student', 'active', '2026-03-05 10:50:19', '2026-03-07 09:55:51'),
	(59, '25-00038', '$2y$10$WX40tAP8XSWp29WWQ18sKOrHO7PGAYbfzDfXWdzQKeSWzHFRzCmMO', 'student', 'active', '2026-03-05 10:50:19', '2026-03-07 09:55:51'),
	(60, '25-00039', '$2y$10$UaZ24HxBlCedDBGJ02CaiuWnthfFsg4xr4jOUBtxqXvUg9oGMvPvy', 'student', 'active', '2026-03-05 10:50:19', '2026-03-15 15:28:54'),
	(61, '25-00040', '$2y$10$zIuFZ8HQgzelR5vGe56AA.i9K4x7FLPO/a8MCSH4UHF5vz24kI2RW', 'student', 'active', '2026-03-05 10:50:19', '2026-03-07 09:55:51'),
	(62, '25-00041', '$2y$10$WuYme7jw0CUric/6Miu/DuJ77BAkb1r3GGIEKQFixFt16j0xQO3VW', 'student', 'active', '2026-03-05 10:50:19', '2026-03-07 09:55:52'),
	(63, '25-00042', '$2y$10$8fAAqThufoebRQEIEtI.3Oh.V2WOe8/dOWMjbinhvWpER6vv08mV.', 'student', 'active', '2026-03-05 10:50:19', '2026-03-07 09:55:52'),
	(64, '25-00043', '$2y$10$pdSQU1RkE7eZZQe2Tp0U2OqJICxnOLb5.UgJFQi/Lygw.MqitMf.e', 'student', 'active', '2026-03-05 10:50:19', '2026-03-07 09:55:52'),
	(65, '25-00044', '$2y$10$vhoi8ObHAYp/7K6wYh46xekxRCBJYZtbqDPp.KQ6HRysYyXVbBolG', 'student', 'active', '2026-03-05 10:50:19', '2026-03-07 09:55:52'),
	(66, '25-00045', '$2y$10$l1agMsRb9uxV2WGrp.QLr.49llEBFPDsqFljtTC/Wel4zplupjvHK', 'student', 'active', '2026-03-05 10:50:19', '2026-03-07 09:55:52'),
	(67, '25-00046', '$2y$10$Rx7J8aD/K26euOw6ZWwVuumx/atSiH/gEOmmbLxZhuRWxuWJ9mtEu', 'student', 'active', '2026-03-05 10:50:19', '2026-03-07 09:55:52'),
	(68, '25-00047', '$2y$10$HqicI1n1zh0uymSOjRselOTf7F2rdyLgEh6GP.SnUWKGQfetwqKAe', 'student', 'active', '2026-03-05 10:50:19', '2026-03-07 09:55:52'),
	(69, '25-00048', '$2y$10$VbW8P55QTAzS1yk//PjuvOca8yQWPU3RbGepKI6/LHwGNKVq3qgbu', 'student', 'active', '2026-03-05 10:50:19', '2026-03-07 09:55:52'),
	(70, '25-00049', '$2y$10$Kp1famKe8F7gfEIOXCnXiucw7NHtwYHLfOCVlaPs6NkXEn8sF04Cy', 'student', 'active', '2026-03-05 10:50:19', '2026-03-07 09:55:52'),
	(71, '25-00050', '$2y$10$U016cTOwiHHth9BJgjoh0.ysws80gSEh.nLR9EbCIYY5IIxUIovMS', 'student', 'active', '2026-03-05 10:50:19', '2026-03-07 09:55:52'),
	(82, '25-00100', '$2y$10$5JY5luf1oaQj3n3FkMTrEOPSW934/33ta4BWGUDWpsPVHgwGEOyNa', 'student', 'active', '2026-03-08 14:42:52', '2026-03-08 14:42:52'),
	(83, '25-00101', '$2y$10$Gzs6B7JAldKWIo.yKvIYxuVvDaXDYq2IbyAqBwwPMWoTJuskUglpW', 'student', 'active', '2026-03-08 14:42:53', '2026-03-08 14:42:53'),
	(84, '26-00001', '$2y$10$zAF441ITIAP9JLVNWcRy9ONxvR9WwCxv19F4Q3oFS3NfIBmbLvm3W', 'student', 'active', '2026-03-15 16:16:51', '2026-03-15 16:16:51');

/*!40103 SET TIME_ZONE=IFNULL(@OLD_TIME_ZONE, 'system') */;
/*!40101 SET SQL_MODE=IFNULL(@OLD_SQL_MODE, '') */;
/*!40014 SET FOREIGN_KEY_CHECKS=IFNULL(@OLD_FOREIGN_KEY_CHECKS, 1) */;
/*!40101 SET CHARACTER_SET_CLIENT=@OLD_CHARACTER_SET_CLIENT */;
/*!40111 SET SQL_NOTES=IFNULL(@OLD_SQL_NOTES, 1) */;
